# Exact Urdu transliteration dictionary -- the 9,994 most frequent Urdu word
# forms (Dakshina Urdu Wikipedia counts), reviewed (data/SOURCES.md). Columns:
#   urdu <TAB> devanagari <TAB> roman (plain) <TAB> rekhta (diacritic roman)
# Built by training/translit/build_dictionary.py; edit dictionary_fixes.txt
# and rebuild rather than editing this file by hand.
کے	के	ke	ke
میں	में	mein	meñ
کی	की	ki	kī
اور	और	aur	aur
ہے	है	hai	hai
سے	से	se	se
کا	का	ka	kā
اس	इस	is	is
کو	को	ko	ko
نے	ने	ne	ne
ہیں	हैं	hain	haiñ
پر	पर	par	par
ایک	एक	ek	ek
یہ	ये	ye	ye
ان	उन	un	un
کہ	कि	ki	ki
بھی	भी	bhi	bhī
کر	कर	kar	kar
کیا	क्या	kya	kyā
ء	ई.	AD	AD
تھا	था	tha	thā
وہ	वो	wo	vo
جو	जो	jo	jo
لیے	लिए	liye	liye
و	व	wa	va
یا	या	ya	yā
ہو	हो	ho	ho
تھے	थे	the	the
گیا	गया	gaya	gayā
بعد	बाद	baad	ba'd
جاتا	जाता	jaata	jātā
جس	जिस	jis	jis
بن	बिन	bin	bin
نہیں	नहीं	nahin	nahīñ
تو	तो	to	to
اللہ	अल्लाह	allah	allāh
آپ	आप	aap	āp
دیا	दिया	diya	diyā
اپنے	अपने	apne	apne
تھی	थी	thi	thī
ہوئے	हुए	hue	hue
پاکستان	पाकिस्तान	pakistan	pākistān
سو	सौ	sau	sau
ساتھ	साथ	saath	sāth
ہی	ही	hi	hī
تک	तक	tak	tak
کرنے	करने	karne	karne
محمد	मुहम्मद	muhammad	muhammad
نام	नाम	naam	nām
ہوا	हुआ	hua	huā
ہوتا	होता	hota	hotā
گئے	गए	gaye	gae
دو	दो	do	do
نہ	न	na	na
طور	तौर	taur	taur
اسے	इसे	ise	ise
زیادہ	ज़्यादा	zyada	zyāda
اپنی	अपनी	apni	apnī
گئی	गई	gayi	gaī
کرتے	करते	karte	karte
کچھ	कुछ	kuchh	kuchh
کسی	किसी	kisi	kisī
حاصل	हासिल	haasil	hāsil
جب	जब	jab	jab
ہوئی	हुई	hui	huī
پہلے	पहले	pehle	pahle
انہوں	उन्हों	unhon	unhoñ
علی	अली	ali	alī
بہت	बहुत	bahut	bahut
لیکن	लेकिन	lekin	lekin
رہے	रहे	rahe	rahe
خان	ख़ान	khaan	ḳhān
سال	साल	saal	sāl
وقت	वक़्त	waqt	vaqt
سب	सब	sab	sab
کہا	कहा	kaha	kahā
ہونے	होने	hone	hone
دی	दी	di	dī
اردو	उर्दू	urdu	urdū
ہزار	हज़ार	hazaar	hazār
طرح	तरह	tarah	tarah
اسی	इसी	isi	isī
والے	वाले	waale	vāle
کوئی	कोई	koi	koī
وجہ	वजह	wajah	vajah
کتاب	किताब	kitab	kitāb
زبان	ज़बान	zabaan	zabān
شہر	शहर	shehar	shahr
جن	जिन	jin	jin
کم	कम	kam	kam
کام	काम	kaam	kām
شامل	शामिल	shaamil	shāmil
عبد	अब्द	abd	abd
دور	दूर	door	dūr
شاہ	शाह	shaah	shāh
حکومت	हुकूमत	hukoomat	hukūmat
واقع	वाक़े	waaqe	vāqe
کاؤنٹی	काउंटी	county	kāunṭī
استعمال	इस्तेमाल	istemaal	istemāl
علیہ	अलैह	alaih	alaih
ہوتی	होती	hoti	hotī
طرف	तरफ़	taraf	taraf
پیدا	पैदा	paida	paidā
مطابق	मुताबिक़	mutaabiq	mutābiq
تین	तीन	teen	tīn
پھر	फिर	phir	phir
احمد	अहमद	ahmad	ahmad
انہیں	उन्हें	unhein	unheñ
ہر	हर	har	har
رہا	रहा	raha	rahā
جائے	जाए	jaaye	jāe
تمام	तमाम	tamaam	tamām
لیا	लिया	liya	liyā
الدین	अद-दीन	ad-deen	ad-dīn
جاتی	जाती	jaati	jātī
کیے	किए	kiye	kiye
کئی	कई	kai	kaī
تعلیم	तालीम	taleem	ta'līm
دنیا	दुनिया	duniya	duniyā
مشہور	मशहूर	mashhoor	mashhūr
بولا	बोला	bola	bolā
بڑا	बड़ा	bada	baṛā
موجود	मौजूद	maujood	maujūd
اسلام	इस्लाम	islam	islām
سید	सैयद	syed	sayyid
فلم	फ़िल्म	film	film
جنگ	जंग	jang	jang
شروع	शुरू	shuru	shurū
یہاں	यहाँ	yahan	yahāñ
مختلف	मुख़्तलिफ़	mukhtalif	muḳhtalif
حضرت	हज़रत	hazrat	hazrat
کرتا	करता	karta	kartā
جا	जा	ja	jā
مگر	मगर	magar	magar
صرف	सिर्फ़	sirf	sirf
ملک	मुल्क	mulk	mulk
پیش	पेश	pesh	pesh
عام	आम	aam	ām
بے	बे	be	be
ابن	इब्न	ibn	ibn
تاریخ	तारीख़	taareekh	tārīḳh
امام	इमाम	imaam	imām
ہوتے	होते	hote	hote
آباد	आबाद	aabaad	ābād
کرنا	करना	karna	karnā
علاوہ	अलावा	alaawa	alāva
لوگوں	लोगों	logon	logoñ
حصہ	हिस्सा	hissa	hissa
والی	वाली	waali	vālī
ہم	हम	hum	ham
خود	ख़ुद	khud	ḳhud
جہاں	जहाँ	jahan	jahāñ
اگر	अगर	agar	agar
عمر	उम्र	umr	umr
سی	सी	si	sī
اہم	अहम	aham	aham
زندگی	ज़िंदगी	zindagi	zindagī
علم	इल्म	ilm	ilm
گا	गा	ga	gā
لوگ	लोग	log	log
بات	बात	baat	bāt
اب	अब	ab	ab
دوسرے	दूसरे	doosre	dūsre
لے	ले	le	le
ضلع	ज़िला	zila	zila
بھارت	भारत	bhaarat	bhārat
یعنی	यानी	yaani	yā'nī
ہوں	हूँ	hoon	hūñ
لاہور	लाहौर	lahore	lāhaur
قائم	क़ाइम	qaaim	qāim
دے	दे	de	de
دونوں	दोनों	donon	donoñ
غیر	ग़ैर	ghair	ġair
صاحب	साहब	saahab	sāhab
سکتا	सकता	sakta	saktā
جانے	जाने	jaane	jāne
جبکہ	जबकि	jabki	jabki
اے	ऐ	ai	ai
دوران	दौरान	dauraan	daurān
تھیں	थीं	thin	thīñ
صدر	सदर	sadar	sadar
دار	दार	daar	dār
بڑے	बड़े	bade	baṛe
جاتے	जाते	jaate	jāte
شیخ	शैख़	shaikh	shaiḳh
صلی	सल्ला	salla	sallā
فی	फ़ी	fi	fī
ابو	अबू	abu	abū
بیان	बयान	bayaan	bayān
بنا	बना	bana	banā
دیگر	दीगर	deegar	dīgar
رہی	रही	rahi	rahī
قرآن	क़ुरान	quraan	qurān
مولانا	मौलाना	maulaana	maulānā
تعلق	ताल्लुक़	taalluq	ta'alluq
آف	ऑफ़	of	of
خلاف	खिलाफ़	khilaaf	ḳhilāf
والا	वाला	waala	vālā
نظر	नज़र	nazar	nazar
بڑی	बड़ी	badi	baṛī
دن	दिन	din	din
عمل	अमल	amal	amal
پہلی	पहली	pehli	pahlī
کہتے	कहते	kehte	kahte
چار	चार	chaar	chār
وسلم	वसल्लम	wa-sallam	va-sallam
اسلامی	इस्लामी	islaami	islāmī
جیسے	जैसे	jaise	jaise
حسین	हुसैन	husain	husain
بلکہ	बल्कि	balki	balki
خاندان	ख़ानदान	khaandaan	ḳhāndān
چھوٹا	छोटा	chhota	chhoṭā
سر	सर	sar	sar
دوسری	दूसरी	doosri	dūsrī
بارے	बारे	baare	bāre
وزیر	वज़ीर	wazeer	vazīr
مقام	मुक़ाम	muqaam	muqām
انگریزی	अंग्रेज़ी	angrezi	angrezī
سلطنت	सल्तनत	saltanat	saltanat
پاس	पास	paas	pās
عربی	अरबी	arbi	arbī
والد	वालिद	waalid	vālid
خاص	ख़ास	khaas	ḳhās
جسے	जिसे	jise	jise
افراد	अफ़राद	afraad	afrād
نظام	निज़ाम	nizaam	nizām
مسجد	मस्जिद	masjid	masjid
یونیورسٹی	यूनिवर्सिटी	university	yūnivarsiṭī
کراچی	कराची	karachi	karāchī
وفات	वफ़ात	wafaat	vafāt
من	मन	man	man
اپنا	अपना	apna	apnā
بار	बार	baar	bār
مسلم	मुस्लिम	muslim	muslim
گے	गे	ge	ge
ریاست	रियासत	riyaasat	riyāsat
بعض	बाज़	baaz	ba'z
ریلوے	रेलवे	railway	relve
وغیرہ	वग़ैरा	waghaira	vaġaira
قومی	क़ौमी	qaumi	qaumī
پانی	पानी	paani	pānī
جانب	जानिब	jaanib	jānib
شائع	शाया	shaya	shā'e
کرتی	करती	karti	kartī
تحریک	तहरीक	tehreek	tahrīk
جگہ	जगह	jagah	jagah
ایسے	ऐसे	aise	aise
فوج	फ़ौज	fauj	fauj
ڈاکٹر	डॉक्टर	doctor	ḍokṭar
ٹاؤن	टाउन	town	ṭāun
قدیم	क़दीम	qadeem	qadīm
جاری	जारी	jaari	jārī
قتل	क़त्ल	qatl	qatl
درمیان	दरमियान	darmiyaan	darmiyān
مسلمانوں	मुसलमानों	musalmaanon	musalmānoñ
مکمل	मुकम्मल	mukammal	mukammal
ہندوستان	हिंदुस्तान	hindustan	hindustān
سلطان	सुल्तान	sultaan	sultān
صدی	सदी	sadi	sadī
آیا	आया	aaya	āyā
تعمیر	तामीर	tameer	ta'mīr
زمین	ज़मीन	zameen	zamīn
اختیار	इख़्तियार	ikhtiyaar	iḳhtiyār
گنتی	गिनती	ginti	gintī
علاقے	इलाक़े	ilaaqe	ilāqe
پنجاب	पंजाब	punjab	panjāb
کردار	किरदार	kirdaar	kirdār
ذکر	ज़िक्र	zikr	zikr
اسٹیشن	स्टेशन	station	isṭeshan
عددی	अददी	adadi	adadī
کیونکہ	क्योंकि	kyunki	kyūñki
لفظ	लफ़्ज़	lafz	lafz
مدد	मदद	madad	madad
تعداد	तादाद	tadaad	ta'dād
اعظم	आज़म	azam	a'zam
وہاں	वहाँ	wahan	vahāñ
شخص	शख़्स	shakhs	shaḳhs
سکتے	सकते	sakte	sakte
ادب	अदब	adab	adab
فہرست	फ़ेहरिस्त	fehrist	fehrist
بی	बी	bi	bī
آئے	आए	aaye	āe
نظاموں	निज़ामों	nizaamon	nizāmoñ
مغربی	मग़रिबी	maghribi	maġribī
اہل	अहल	ahal	ahal
خدا	ख़ुदा	khuda	ḳhudā
شادی	शादी	shaadi	shādī
تاہم	ताहम	taaham	tāham
گھر	घर	ghar	ghar
عالم	आलम	aalam	ālam
سیاسی	सियासी	siyaasi	siyāsī
آج	आज	aaj	āj
آلہ	आला	aala	āla
حسن	हुस्न	husn	husn
آئی	आई	aai	āī
عظیم	अज़ीम	azeem	azīm
ممالک	ममालिक	mamaalik	mamālik
امریکی	अमरीकी	amreeki	amrīkī
امریکا	अमरीका	america	amrīkā
کالج	कॉलेज	college	kālij
انسان	इंसान	insaan	insān
پانچ	पाँच	paanch	pāñch
شاعری	शायरी	shaayri	shāyrī
چند	चंद	chand	chand
شاعر	शायर	shaayar	shāyar
صورت	सूरत	soorat	sūrat
رکھا	रखा	rakha	rakhā
بادشاہ	बादशाह	baadshaah	bādshāh
قریب	क़रीब	qareeb	qarīb
رسول	रसूल	rasool	rasūl
دل	दिल	dil	dil
جنوبی	जुनूबी	junoobi	junūbī
لکھا	लिखा	likha	likhā
ترین	तरीन	tareen	tarīn
عرب	अरब	arab	arab
علاقہ	इलाक़ा	ilaaqa	ilāqa
آغاز	आग़ाज़	aaghaaz	āġāz
تقریبا	तक़रीबन	taqreeban	taqrīban
قرار	क़रार	qaraar	qarār
قسم	क़िस्म	qism	qism
شمالی	शुमाली	shumaali	shumālī
ایسا	ऐसा	aisa	aisā
ایسی	ऐसी	aisi	aisī
متعلق	मुताल्लिक़	mutaalliq	muta'alliq
جلد	जिल्द	jild	jild
ذیل	ज़ैल	zail	zail
قبل	क़ब्ल	qabl	qabl
ترقی	तरक़्क़ी	taraqqi	taraqqī
پاکستانی	पाकिस्तानी	paakistaani	pākistānī
مسلمان	मुसलमान	musalmaan	musalmān
آبادی	आबादी	aabaadi	ābādī
مشتمل	मुश्तमिल	mushtamil	mushtamil
فارسی	फ़ारसी	faarsi	fārsī
رکھتے	रखते	rakhte	rakhte
سندھ	सिंध	sindh	sindh
ترجمہ	तर्जुमा	tarjuma	tarjuma
کار	कार	kaar	kār
بطور	बतौर	bataur	bataur
کتب	कुतुब	kutub	kutub
تر	तर	tar	tar
سرکاری	सरकारी	sarkaari	sarkārī
از	अज़	az	az
کرکے	करके	karke	karke
شپ	शिप	ship	ship
بھائی	भाई	bhaai	bhāī
حدیث	हदीस	hadees	hadīs
پیدائش	पैदाइश	paidaaish	paidāish
ابتدائی	इब्तिदाई	ibtidaai	ibtidāī
خیال	ख़याल	khayaal	ḳhayāl
سلسلہ	सिलसिला	silsila	silsila
ایم	एम	em	em
پی	पी	pi	pī
بنایا	बनाया	banaaya	banāyā
مشرقی	मशरिक़ी	mashriqi	mashriqī
عہد	अहद	ahd	ahd
بنیاد	बुनियाद	buniyaad	buniyād
شمار	शुमार	shumaar	shumār
فرمایا	फ़रमाया	farmaaya	farmāyā
ادا	अदा	ada	adā
آ	आ	aa	ā
گی	गी	gi	gī
دیتے	देते	dete	dete
دان	दान	daan	dān
کبھی	कभी	kabhi	kabhī
قیام	क़ियाम	qiyaam	qiyām
قوم	क़ौम	qaum	qaum
درجہ	दर्जा	darja	darja
تقسیم	तक़सीम	taqseem	taqsīm
یہی	यही	yahi	yahī
قانون	क़ानून	qaanoon	qānūn
دہلی	देहली	dehli	dehlī
ختم	ख़त्म	khatam	ḳhatm
انجام	अंजाम	anjaam	anjām
حیثیت	हैसियत	haisiyat	haisiyat
قابل	क़ाबिल	qaabil	qābil
متحدہ	मुत्तहिदा	muttahida	muttahida
سنگھ	सिंह	singh	singh
اصل	असल	asal	asal
صفحہ	सफ़्हा	safha	safha
فتح	फ़तह	fateh	fatah
صوبہ	सूबा	sooba	sūba
سامنے	सामने	saamne	sāmne
بھارتی	भारती	bhaarti	bhārtī
جماعت	जमात	jamaat	jamā'at
پور	पुर	pur	pur
ویب	वेब	web	veb
جدید	जदीद	jadeed	jadīd
بین	बैन	bain	bain
چھ	छह	chhah	chhah
پارٹی	पार्टी	party	pārṭī
دینے	देने	dene	dene
ہند	हिंद	hind	hind
بچوں	बच्चों	bachchon	bachchoñ
نو	नौ	nau	nau
السلام	अस-सलाम	as-salaam	as-salām
کوشش	कोशिश	koshish	koshish
واپس	वापस	waapas	vāpas
تم	तुम	tum	tum
تحت	तहत	tahat	tahat
سات	सात	saat	sāt
آزاد	आज़ाद	aazaad	āzād
کل	कल	kal	kal
سفر	सफ़र	safar	safar
مراد	मुराद	muraad	murād
آخری	आख़िरी	aakhiri	āḳhirī
زیر	ज़ेर	zer	zer
ذریعے	ज़रिए	zariye	zariye
پہلا	पहला	pehla	pahlā
آزادی	आज़ादी	aazaadi	āzādī
شریف	शरीफ़	shareef	sharīf
جان	जान	jaan	jān
ایران	ईरान	iran	īrān
بنیادی	बुनियादी	buniyaadi	buniyādī
کافی	काफ़ी	kaafi	kāfī
علاقوں	इलाक़ों	ilaaqon	ilāqoñ
موجودہ	मौजूदा	maujooda	maujūda
عالمی	आलमी	aalami	ālamī
مزید	मज़ीद	mazeed	mazīd
شکل	शक्ल	shakl	shakl
لی	ली	li	lī
مقرر	मुक़र्रर	muqarrar	muqarrar
ملا	मिला	mila	milā
حق	हक़	haq	haq
ڈی	डी	di	ḍī
موقع	मौक़ा	mauqa	mauqa
معروف	मारूफ़	maroof	ma'rūf
رکھنے	रखने	rakhne	rakhne
زمانے	ज़माने	zamaane	zamāne
دین	दीन	deen	dīn
برطانوی	बरतानवी	bartaanwi	bartānvī
مل	मिल	mil	mil
سائنس	साइंस	science	sāins
امیر	अमीर	ameer	amīr
یوں	यूँ	yoon	yūñ
اول	अव्वल	awwal	avval
درج	दर्ज	darj	darj
مذہبی	मज़हबी	mazhabi	mazhabī
اکثر	अक्सर	aksar	aksar
غلام	ग़ुलाम	ghulaam	ġulām
کرے	करे	kare	kare
دیے	दिए	diye	diye
بیٹے	बेटे	bete	beṭe
رکن	रुक्न	rukn	rukn
انتقال	इंतिक़ाल	intiqaal	intiqāl
مصر	मिस्र	misr	misr
حکم	हुक्म	hukm	hukm
چنانچہ	चुनांचे	chunaanche	chunānche
جامعہ	जामिया	jaamia	jāmi'a
آنے	आने	aane	āne
حملہ	हमला	hamla	hamla
پوری	पूरी	poori	pūrī
انداز	अंदाज़	andaaz	andāz
کریں	करें	karen	kareñ
ہاتھ	हाथ	haath	hāth
گاؤں	गाँव	gaon	gāoñ
سیاست	सियासत	siyaasat	siyāsat
الفاظ	अल्फ़ाज़	alfaaz	alfāz
سطح	सतह	satah	satah
چین	चीन	cheen	chīn
اندر	अंदर	andar	andar
بھر	भर	bhar	bhar
اقبال	इक़बाल	iqbaal	iqbāl
معلوم	मालूम	maloom	ma'lūm
ٹی	टी	ti	ṭī
ظاہر	ज़ाहिर	zaahir	zāhir
مذہب	मज़हब	mazhab	mazhab
تیار	तैयार	taiyaar	taiyār
میر	मीर	meer	mīr
بنی	बनी	bani	banī
خدمات	ख़िदमात	khidmaat	ḳhidmāt
اسکول	स्कूल	school	skūl
علامہ	अल्लामा	allaama	allāma
لگا	लगा	laga	lagā
جنرل	जनरल	general	janral
فن	फ़न	fan	fan
تاکہ	ताकि	taaki	tāki
دریائے	दरिया-ए	darya-e	daryā-e
الگ	अलग	alag	alag
جمع	जमा	jama	jamā
انعام	इनाम	inaam	in'ām
سکے	सके	sake	sake
انسانی	इंसानी	insaani	insānī
معنی	मानी	maani	ma'nī
نماز	नमाज़	namaaz	namāz
مرکزی	मरकज़ी	markazi	markazī
پائی	पाई	paai	pāī
تحصیل	तहसील	tehseel	tahsīl
بند	बंद	band	band
موت	मौत	maut	maut
ہونا	होना	hona	honā
ثابت	साबित	saabit	sābit
آیت	आयत	aayat	āyat
مصنف	मुसन्निफ़	musannif	musannif
کلام	कलाम	kalaam	kalām
فوجی	फ़ौजी	fauji	faujī
ایس	एस	es	es
ہندو	हिंदू	hindu	hindū
جی	जी	ji	jī
مرکز	मरकज़	markaz	markaz
لا	ला	la	lā
رنگ	रंग	rang	rang
سائٹ	साइट	site	sāiṭ
حال	हाल	haal	hāl
اسمبلی	असेंबली	assembly	asemblī
اضافہ	इज़ाफ़ा	izaafa	izāfa
مثلا	मसलन	maslan	maslan
خلیفہ	ख़लीफ़ा	khaleefa	ḳhalīfa
عوام	अवाम	awaam	avām
تاریخی	तारीख़ी	taareekhi	tārīḳhī
پاک	पाक	paak	pāk
اسرائیل	इसराइल	israel	isrāīl
برائے	बराए	bara-e	barā-e
منتخب	मुंतख़ब	muntakhab	muntaḳhab
مضمون	मज़मून	mazmoon	mazmūn
مقصد	मक़सद	maqsad	maqsad
روایت	रिवायत	riwaayat	rivāyat
ابی	अबी	abi	abī
باعث	बाइस	baais	bā'is
خانہ	ख़ाना	khaana	ḳhāna
قبول	क़बूल	qabool	qabūl
آٹھ	आठ	aath	āṭh
چکے	चुके	chuke	chuke
ادبی	अदबी	adabi	adabī
سنہ	सन	san	san
علما	उलमा	ulama	ulamā
تا	ता	ta	tā
انھوں	उन्हों	unhon	unhoñ
دیتا	देता	deta	detā
داخل	दाख़िल	daakhil	dāḳhil
ہوگا	होगा	hoga	hogā
دیکھا	देखा	dekha	dekhā
برطانیہ	बर्तानिया	bartaaniya	bartāniya
نئے	नए	naye	nae
خط	ख़त	khat	ḳhat
حوالے	हवाले	hawaale	havāle
اعلان	एलान	elaan	elān
نئی	नई	nayi	naī
سکتی	सकती	sakti	saktī
اثر	असर	asar	asar
علوم	उलूम	uloom	ulūm
پسند	पसंद	pasand	pasand
والوں	वालों	waalon	vāloñ
نیو	न्यू	new	nyū
حالات	हालात	haalaat	hālāt
وی	वी	wi	vī
خواجہ	ख़्वाजा	khwaja	ḳhvāja
باپ	बाप	baap	bāp
حیات	हयात	hayaat	hayāt
ناول	नॉवेल	novel	nāvil
دوسرا	दूसरा	doosra	dūsrā
بہ	ब	ba	ba
لکھی	लिखी	likhi	likhī
جسم	जिस्म	jism	jism
زمانہ	ज़माना	zamaana	zamāna
تفسیر	तफ़्सीर	tafseer	tafsīr
شدہ	शुदा	shuda	shuda
رہ	रह	rah	rah
اجازت	इजाज़त	ijaazat	ijāzat
لینڈ	लैंड	land	lainḍ
لگے	लगे	lage	lage
کرکٹ	क्रिकेट	cricket	krikeṭ
حد	हद	had	had
الاقوامی	अल-अक़वामी	al-aqwaami	al-aqvāmī
انتخابات	इंतिख़ाबात	intikhaabaat	intiḳhābāt
انتہائی	इंतिहाई	intihaai	intihāī
افغانستان	अफ़्ग़ानिस्तान	afghanistan	afġānistān
آخر	आख़िर	aakhir	āḳhir
دس	दस	das	das
مارچ	मार्च	march	mārch
شکست	शिकस्त	shikast	shikast
خلافت	ख़िलाफ़त	khilaafat	ḳhilāfat
قدر	क़द्र	qadar	qadar
بغیر	बग़ैर	baghair	baġair
تنظیم	तंज़ीम	tanzeem	tanzīm
مرتبہ	मर्तबा	martaba	martaba
ماہر	माहिर	maahir	māhir
مجموعہ	मजमूआ	majmooa	majmū'a
دیں	दें	dein	deñ
ماں	माँ	maan	māñ
بنانے	बनाने	banaane	banāne
متعدد	मुतअद्दिद	mutaaddid	muta'addid
نہایت	निहायत	nihaayat	nihāyat
اعلیٰ	आला	aala	a'lā
شمال	शुमाल	shumaal	shumāl
تحریر	तह्रीर	tehreer	tahrīr
دوبارہ	दोबारा	dobaara	dobāra
انڈیا	इंडिया	india	inḍiyā
شرح	शरह	sharah	sharah
آتا	आता	aata	ātā
خواتین	ख़वातीन	khawaateen	ḳhavātīn
نواب	नवाब	nawaab	navāb
نبی	नबी	nabi	nabī
نامہ	नामा	naama	nāma
بلند	बुलंद	buland	buland
جون	जून	june	jūn
ضرورت	ज़रूरत	zaroorat	zarūrat
این	एन	en	en
یاد	याद	yaad	yād
رائے	राय	raaye	rāe
قبضہ	क़ब्ज़ा	qabza	qabza
مشرق	मशरिक़	mashriq	mashriq
میرے	मेरे	mere	mere
محبت	मोहब्बत	mohabbat	mohabbat
کردہ	कर्दा	karda	karda
چیز	चीज़	cheez	chīz
کامیاب	कामयाब	kaamyaab	kāmyāb
چاہیے	चाहिए	chaahiye	chāhiye
دیکھ	देख	dekh	dekh
تصور	तसव्वुर	tasawwur	tasavvur
علمی	इल्मी	ilmi	ilmī
جانا	जाना	jaana	jānā
جنوری	जनवरी	january	janvarī
اکتوبر	अक्तूबर	aktoobar	aktūbar
بنے	बने	bane	bane
شام	शाम	shaam	shām
مقامی	मक़ामी	maqaami	maqāmī
حالت	हालत	haalat	hālat
میدان	मैदान	maidaan	maidān
شاہی	शाही	shaahi	shāhī
رکھی	रखी	rakhi	rakhī
سن	सन	san	san
رکھتا	रखता	rakhta	rakhtā
جنوب	जुनूब	junoob	junūb
مدینہ	मदीना	medina	madīna
نگار	निगार	nigaar	nigār
باہر	बाहर	baahar	bāhar
حصے	हिस्से	hisse	hisse
صحیح	सही	saheeh	sahīh
فیصلہ	फ़ैसला	faisla	faisla
نصف	निस्फ़	nisf	nisf
اگست	अगस्त	agast	agast
مضامین	मज़ामीन	mazaameen	mazāmīn
آگے	आगे	aage	āge
ترکی	तुर्की	turki	turkī
شخصیت	शख़्सियत	shakhsiyat	shaḳhsiyat
مالک	मालिक	maalik	mālik
سخت	सख़्त	sakht	saḳht
رہتے	रहते	rehte	rahte
ابراہیم	इब्राहीम	ibraaheem	ibrāhīm
سردار	सरदार	sardaar	sardār
گئیں	गईं	gain	gaīñ
چونکہ	चूँकि	chunki	chūñki
چھوٹے	छोटे	chhote	chhoṭe
چکی	चुकी	chuki	chukī
شہرت	शोहरत	shohrat	shohrat
مغرب	मग़रिब	maghrib	maġrib
پنجابی	पंजाबी	panjaabi	panjābī
باقی	बाक़ी	baaqi	bāqī
نور	नूर	noor	nūr
سابق	साबिक़	saabiq	sābiq
خدمت	ख़िदमत	khidmat	ḳhidmat
مجھے	मुझे	mujhe	mujhe
معلومات	मालूमात	maloomaat	ma'lūmāt
نومبر	नवंबर	november	navambar
جواب	जवाब	jawaab	javāb
بانی	बानी	baani	bānī
بہترین	बेहतरीन	behtareen	behtarīn
برس	बरस	baras	baras
دسمبر	दिसंबर	december	disambar
موسیقی	मौसीक़ी	mauseeqi	mausīqī
تحقیق	तहक़ीक़	tehqeeq	tahqīq
جولائی	जुलाई	july	julāī
مسائل	मसाइल	masaail	masāil
ضروری	जरूरी	zaroori	zarūrī
کمپنی	कंपनी	kampni	kampnī
ستمبر	सितंबर	september	sitambar
محمود	महमूद	mehmood	mahmūd
چھوڑ	छोड़	chhod	chhoṛ
شہید	शहीद	shaheed	shahīd
مسیح	मसीह	maseeh	masīh
چلے	चले	chale	chale
کشمیر	कश्मीर	kashmir	kashmīr
رہنے	रहने	rehne	rahne
باوجود	बावजूद	baawajood	bāvajūd
واقعات	वाक़ियात	waaqiaat	vāqi'āt
لاکھ	लाख	laakh	lākh
کلومیٹر	किलोमीटर	kilomeetar	kilomīṭar
ادارہ	इदारा	idaara	idāra
اہمیت	अहमियत	ahmiyat	ahmiyat
یوسف	यूसुफ़	yusuf	yūsuf
فراہم	फ़राहम	faraaham	farāham
قلعہ	क़िला	qila	qil'a
ملی	मिली	mili	milī
اولاد	औलाद	aulaad	aulād
زبانوں	ज़बानों	zabaanon	zabānoñ
جرمنی	जर्मनी	germany	jarmanī
لحاظ	लिहाज़	lihaaz	lihāz
طریقہ	तरीक़ा	tareeqa	tarīqa
اپریل	अप्रैल	april	aprail
نامی	नामी	naami	nāmī
میری	मेरी	meri	merī
آتے	आते	aate	āte
کتابیں	किताबें	kitabein	kitābeñ
جائیں	जाएँ	jaayein	jāeñ
رات	रात	raat	rāt
عباس	अब्बास	abbaas	abbās
کہیں	कहीं	kahin	kahīñ
نظم	नज़्म	nazm	nazm
طرز	तर्ज़	tarz	tarz
پایا	पाया	paaya	pāyā
مطالعہ	मुतालआ	mutala	mutāla'a
مقبول	मक़बूल	maqbool	maqbūl
یہودی	यहूदी	yahoodi	yahūdī
سمجھا	समझा	samjha	samjhā
ہمیشہ	हमेशा	hamesha	hamesha
اظہار	इज़हार	izhaar	izhār
فلموں	फ़िल्मों	filmon	filmoñ
پیر	पीर	peer	pīr
روز	रोज़	roz	roz
ماہ	माह	maah	māh
کتابوں	किताबों	kitaabon	kitāboñ
مکہ	मक्का	makka	makka
یورپ	यूरोप	europe	yūrop
عوامی	अवामी	awaami	avāmī
کہانی	कहानी	kahaani	kahānī
عرصہ	अरसा	arsa	arsa
وجود	वजूद	wajood	vajūd
سماجی	समाजी	samaji	samājī
فروری	फ़रवरी	february	farvarī
ہدایت	हिदायत	hidaayat	hidāyat
بچے	बच्चे	bachche	bachche
مئی	मई	may	maī
پہنچ	पहुंच	pahunch	pahunch
طالب	तालिब	taalib	tālib
مثال	मिसाल	misaal	misāl
عورت	औरत	aurat	aurat
جمہوریہ	जम्हूरिया	jamhooriya	jamhūriya
خون	ख़ून	khoon	ḳhūn
فیصد	फ़ीसद	feesad	fīsad
اگرچہ	अगरचे	agarche	agarche
مطلب	मतलब	matlab	matlab
کس	किस	kis	kis
بیوی	बीवी	beewi	bīvī
شریک	शरीक	shareek	sharīk
استاد	उस्ताद	ustaad	ustād
نسل	नस्ल	nasl	nasl
جیسا	जैसा	jaisa	jaisā
پروفیسر	प्रोफ़ेसर	professor	profesar
ازاں	अज़ाँ	azan	azāñ
روس	रूस	roos	rūs
میٹر	मीटर	meetar	mīṭar
ذریعہ	ज़रिया	zariya	zariya
سلسلے	सिलसिले	silsile	silsile
ممکن	मुमकिन	mumkin	mumkin
آواز	आवाज़	aawaaz	āvāz
یونین	यूनियन	union	yūniyan
منتقل	मुंतक़िल	muntaqil	muntaqil
اخبار	अख़बार	akhbaar	aḳhbār
پورا	पूरा	poora	pūrā
حقوق	हुक़ूक़	huqooq	huqūq
تسلیم	तस्लीम	tasleem	taslīm
ملتا	मिलता	milta	miltā
مسیحی	मसीही	maseehi	masīhī
ترک	तुर्क	turk	turk
بیٹا	बेटा	beta	beṭā
عدالت	अदालत	adaalat	adālat
تخت	तख़्त	takht	taḳht
حقیقت	हक़ीक़त	haqeeqat	haqīqat
نمبر	नंबर	number	nambar
اوپر	ऊपर	oopar	ūpar
جنہوں	जिन्हों	jinhon	jinhoñ
ہوئیں	हुईं	huin	huīñ
وطن	वतन	watan	vatan
چکا	चुका	chuka	chukā
آل	आल	aal	āl
اکبر	अकबर	akbar	akbar
عموما	अमूमन	umooman	umūman
اصطلاح	इस्तिलाह	istilaah	istilāh
وہی	वही	wahi	vahī
فرانس	फ़्रांस	france	frāns
محفوظ	महफ़ूज़	mehfooz	mahfūz
واضح	वाज़ेह	waazeh	vāzeh
زائد	ज़ाइद	zaaid	zāid
واقعہ	वाक़िआ	waaqia	vāqi'a
بجائے	बजाए	bajaaye	bajāe
وسیع	वसी	wasee	vasī
متاثر	मुतासिर	mutaasir	mutāsir
مخصوص	मख़सूस	makhsoos	maḳhsūs
تصنیف	तसनीफ़	tasneef	tasnīf
رام	राम	raam	rām
نزدیک	नज़दीक	nazdeek	nazdīk
ہمارے	हमारे	hamaare	hamāre
آدمی	आदमी	aadmi	ādmī
بہتر	बेहतर	behtar	behtar
رضا	रज़ा	raza	razā
تذکرہ	तज़किरा	tazkira	tazkira
پورے	पूरे	poore	pūre
ابتدا	इब्तिदा	ibtida	ibtidā
بتایا	बताया	bataaya	batāyā
منظر	मंज़र	manzar	manzar
شعبہ	शोबा	shoba	shoba
گرد	गिर्द	gird	gird
او	ओ	o	o
دریافت	दरयाफ़्त	daryaaft	daryāft
ذمہ	ज़िम्मा	zimma	zimma
مدرسہ	मदरसा	madrasa	madrasa
لکھتے	लिखते	likhte	likhte
قبیلہ	क़बीला	qabeela	qabīla
بارہ	बारह	baarah	bārah
کامیابی	कामयाबी	kaamyaabi	kāmyābī
تبدیل	तबदील	tabdeel	tabdīl
لیگ	लीग	league	līg
پڑا	पड़ा	pada	paṛā
گروہ	गिरोह	giroh	giroh
مرزا	मिर्ज़ा	mirza	mirzā
نوبل	नोबेल	nobel	nobel
نیشنل	नेशनल	national	neshnal
حافظ	हाफ़िज़	haafiz	hāfiz
روشنی	रोशनी	roshni	roshnī
شکار	शिकार	shikaar	shikār
ہندی	हिंदी	hindi	hindī
انھیں	उन्हें	unhein	unheñ
قاضی	क़ाज़ी	qaazi	qāzī
جاسکتا	जा सकता	ja sakta	jā saktā
فقہ	फ़िक़्ह	fiqh	fiqh
ممتاز	मुमताज़	mumtaaz	mumtāz
فکر	फ़िक्र	fikr	fikr
تعالیٰ	तआला	taala	ta'ālā
نقل	नक़ल	naqal	naqal
کیں	कीं	kin	kīñ
ما	मा	ma	mā
سبب	सबब	sabab	sabab
موضوع	मौज़ू	mauzoo	mauzū
بیس	बीस	bees	bīs
طلبہ	तलबा	talaba	talaba
گڑھ	गढ़	gadh	gaṛh
پولیس	पुलिस	police	pulis
زندہ	ज़िंदा	zinda	zinda
ابھی	अभी	abhi	abhī
اتحاد	इत्तिहाद	ittihaad	ittihād
مختصر	मुख़्तसर	mukhtasar	muḳhtasar
رہتا	रहता	rehta	rahtā
راجا	राजा	raaja	rājā
غالب	ग़ालिब	ghaalib	ġālib
طویل	तवील	taweel	tavīl
شعر	शेर	sher	sher
ادارے	इदारे	idaare	idāre
چلا	चला	chala	chalā
کیوں	क्यों	kyon	kyoñ
دریا	दरिया	dariya	dariyā
تربیت	तरबियत	tarbiyat	tarbiyat
والدہ	वालिदा	waalida	vālida
نیز	नीज़	neez	nīz
حکمران	हुक्मरान	hukmraan	hukmrān
بلوچستان	बलूचिस्तान	balochistan	balochistān
انیس	उन्नीस	unnees	unnīs
نتیجے	नतीजे	nateeje	natīje
دوم	दोयम	doyam	doyam
چینی	चीनी	cheeni	chīnī
اصول	उसूल	usool	usūl
ہلاک	हलाक	halaak	halāk
مفتی	मुफ़्ती	mufti	muftī
کونسل	काउंसिल	council	kaunsil
مقامات	मुक़ामात	muqaamaat	muqāmāt
عراق	इराक़	iraq	irāq
رکھ	रख	rakh	rakh
تعریف	तारीफ़	tareef	ta'rīf
باب	बाब	baab	bāb
ٹیم	टीम	team	ṭīm
میل	मील	meel	mīl
حملے	हमले	hamle	hamle
مقابلے	मुक़ाबले	muqaable	muqāble
لکھے	लिखे	likhe	likhe
ترتیب	तरतीब	tarteeb	tartīb
کہنا	कहना	kehna	kahnā
سربراہ	सरबराह	sarbaraah	sarbarāh
بنائی	बनाई	banaai	banāī
نسبت	निस्बत	nisbat	nisbat
افواج	अफ़वाज	afwaaj	afvāj
دینی	दीनी	deeni	dīnī
شدید	शदीद	shadeed	shadīd
مجلس	मजलिस	majlis	majlis
گورنر	गवर्नर	governor	gavarnar
پائے	पाए	paaye	pāe
نما	नुमा	numa	numā
اعزاز	एज़ाज़	ezaaz	e'zāz
سورج	सूरज	sooraj	sūraj
ہوائی	हवाई	hawaai	havāī
نمایاں	नुमायाँ	numaayan	numāyāñ
حیدرآباد	हैदराबाद	hyderabad	haidarābād
قوت	क़ुव्वत	quwwat	quvvat
بیٹی	बेटी	beti	beṭī
امن	अमन	aman	aman
تعلیمی	तालीमी	taleemi	ta'līmī
اقوام	अक़वाम	aqwaam	aqvām
دعوت	दावत	dawat	da'vat
خاتون	ख़ातून	khaatoon	ḳhātūn
الحکومت	अल-हुकूमत	al-hukoomat	al-hukūmat
روایات	रिवायात	riwaayaat	rivāyāt
مت	मत	mat	mat
تہذیب	तहज़ीब	tehzeeb	tahzīb
دینا	देना	dena	denā
بغداد	बग़दाद	baghdaad	baġdād
لینے	लेने	lene	lene
نظریہ	नज़रिया	nazariya	nazariya
رکھتی	रखती	rakhti	rakhtī
بدھ	बुध	budh	budh
محل	महल	mahal	mahal
غزل	ग़ज़ल	ghazal	ġazal
دہائی	दहाई	dahaai	dahāī
آتی	आती	aati	ātī
مقابلہ	मुक़ाबला	muqaabla	muqābla
جات	जात	jaat	jāt
ویں	वीं	win	vīñ
عمارت	इमारत	imaarat	imārat
گرفتار	गिरफ़्तार	giraftaar	giraftār
فیض	फ़ैज़	faiz	faiz
پہنچا	पहुँचा	pahuncha	pahuñchā
اداکار	अदाकार	adaakaar	adākār
توجہ	तवज्जोह	tawajjoh	tavajjoh
ملے	मिले	mile	mile
داری	दारी	daari	dārī
کھلاڑی	खिलाड़ी	khilaadi	khilāṛī
بیت	बीत	beet	bīt
سعید	सईद	saeed	sa'īd
قید	क़ैद	qaid	qaid
ہاں	हाँ	haan	hāñ
سلیمان	सुलेमान	sulaiman	sulemān
شہروں	शहरों	shehron	shahroñ
حل	हल	hal	hal
حامل	हामिल	haamil	hāmil
وادی	वादी	waadi	vādī
کثیر	कसीर	kaseer	kasīr
ہاتھوں	हाथों	haathon	hāthoñ
ایشیا	एशिया	asia	eshiyā
اشاعت	इशाअत	ishaat	ishā'at
ملکی	मुल्की	mulki	mulkī
لائن	लाइन	line	lāin
طاقت	ताक़त	taaqat	tāqat
ثانی	सानी	saani	sānī
نتیجہ	नतीजा	nateeja	natīja
ایچ	एच	ech	ech
دولت	दौलत	daulat	daulat
صحت	सेहत	sehat	sehat
سنت	सुन्नत	sunnat	sunnat
چھوٹی	छोटी	chhoti	chhoṭī
مزار	मज़ार	mazaar	mazār
تعلقات	ताल्लुक़ात	taalluqaat	ta'alluqāt
در	दर	dar	dar
پروگرام	प्रोग्राम	prograam	progrām
جامع	जामे	jaame	jāme
بالکل	बिलकुल	bilkul	bilkul
ایل	एल	el	el
روانہ	रवाना	rawaana	ravāna
العلوم	अल-उलूम	al-uloom	al-ulūm
شیعہ	शिया	shia	shī'a
خطاب	ख़िताब	khitaab	ḳhitāb
تلاش	तलाश	talaash	talāsh
مندرجہ	मुंदरजा	mundarja	mundarja
الرحمن	अर-रहमान	ar-rehmaan	ar-rahmān
قیادت	क़ियादत	qiyaadat	qiyādat
راہ	राह	raah	rāh
ایمان	ईमान	eemaan	īmān
مال	माल	maal	māl
خبر	ख़बर	khabar	ḳhabar
آر	आर	aar	ār
ایوارڈ	अवॉर्ड	award	avārḍ
عرصے	अरसे	arse	arse
سورہ	सूरा	soora	sūra
شیر	शेर	sher	sher
بندی	बंदी	bandi	bandī
بننے	बनने	banne	banne
میاں	मियाँ	miyan	miyāñ
محسوس	महसूस	mehsoos	mahsūs
ولی	वली	wali	valī
بڑھ	बढ़	badh	baṛh
یافتہ	याफ़्ता	yaafta	yāfta
برابر	बराबर	baraabar	barābar
النہار	अन-नहार	an-nahaar	an-nahār
لندن	लंदन	london	landan
ویکیپیڈیا	विकिपीडिया	wikipedia	vīkīpīḍiyā
رہیں	रहें	rahein	raheñ
اینڈ	एंड	and	enḍ
ملتی	मिलती	milti	miltī
جہاز	जहाज़	jahaaz	jahāz
کمال	कमाल	kamaal	kamāl
مقدس	मुक़द्दस	muqaddas	muqaddas
عبادت	इबादत	ibaadat	ibādat
انکار	इनकार	inkaar	inkār
اعتبار	एतबार	etibaar	e'tibār
کریم	करीम	kareem	karīm
کھیل	खेल	khel	khel
حضور	हुज़ूर	huzoor	huzūr
سعودی	सऊदी	saoodi	sa'ūdī
نیچے	नीचे	neeche	nīche
نا	ना	na	nā
سزا	सज़ा	saza	sazā
انتظام	इंतिज़ाम	intizaam	intizām
محض	महज़	mahaz	mahaz
تخلیق	तख़्लीक़	takhleeq	taḳhlīq
خوش	ख़ुश	khush	ḳhush
عطا	अता	ata	atā
عیسوی	ईसवी	eeswi	īsvī
ہائی	हाई	high	hāī
جھیل	झील	jheel	jhīl
فٹ	फ़ुट	fut	fuṭ
بنائے	बनाए	banaaye	banāe
پس	पस	pas	pas
ایرانی	ईरानी	eeraani	īrānī
الحق	अल-हक़	al-haq	al-haq
ہمیں	हमें	hamein	hameñ
دوست	दोस्त	dost	dost
لشکر	लश्कर	lashkar	lashkar
کائنات	कायनात	kaaynaat	kāynāt
پشاور	पेशावर	peshawar	peshāvar
پزیر	पज़ीर	pazeer	pazīr
یوم	योम	yom	yom
ہجری	हिजरी	hijri	hijrī
درس	दर्स	dars	dars
تنقید	तंक़ीद	tanqeed	tanqīd
حقیقی	हक़ीक़ी	haqeeqi	haqīqī
مملکت	ममलिकत	mamlikat	mamlikat
دنوں	दिनों	dinon	dinoñ
ڈگری	डिग्री	degree	ḍigrī
حلقہ	हल्क़ा	halqa	halqa
بینک	बैंक	bank	baink
ایف	एफ़	ef	ef
مشکل	मुश्किल	mushkil	mushkil
انتخاب	इंतिख़ाब	intikhaab	intiḳhāb
مبنی	मबनी	mabni	mabnī
دیتی	देती	deti	detī
بغاوت	बग़ावत	baghaawat	baġāvat
یونانی	यूनानी	yoonaani	yūnānī
تشکیل	तश्कील	tashkeel	tashkīl
زور	ज़ोर	zor	zor
دراصل	दरअसल	darasal	darasal
کوڈ	कोड	code	koḍ
طبیعیات	तबीयात	tabeeiyyaat	tabī'iyyāt
سارے	सारे	saare	sāre
جنہیں	जिन्हें	jinhein	jinheñ
ذات	ज़ात	zaat	zāt
سمندر	समंदर	samandar	samandar
گاہ	गाह	gaah	gāh
درد	दर्द	dard	dard
فیصل	फ़ैसल	faisal	faisal
سمیت	समेत	samet	samet
بزرگ	बुज़ुर्ग	buzurg	buzurg
رو	रो	ro	ro
ٹیلی	टेली	tele	ṭelī
طے	तय	tay	tay
جے	जय	jay	jay
نیا	नया	naya	nayā
اقسام	इक़साम	iqsaam	iqsām
خصوصی	ख़ुसूसी	khusoosi	ḳhusūsī
انقلاب	इंक़लाब	inqalaab	inqalāb
بخش	बख़्श	bakhsh	baḳhsh
مرد	मर्द	mard	mard
مغل	मुग़ल	mughal	muġal
کردی	कर्दी	kardi	kardī
اندازہ	अंदाज़ा	andaaza	andāza
بخاری	बुख़ारी	bukhaari	buḳhārī
ساری	सारी	saari	sārī
آئین	आईन	aaeen	āīn
آن	आन	aan	ān
فرانسیسی	फ़्राँसीसी	fraanseesi	frāñsīsī
روم	रूम	room	rūm
رہتی	रहती	rehti	rahtī
وابستہ	वाबसता	waabasta	vābasta
آگ	आग	aag	āg
غازی	ग़ाज़ी	ghaazi	ġāzī
موسم	मौसम	mausam	mausam
گروپ	ग्रुप	group	grūp
بیگم	बेगम	begam	begam
قانونی	क़ानूनी	qaanooni	qānūnī
واحد	वाहिद	waahid	vāhid
لقب	लक़ब	laqab	laqab
حصوں	हिस्सों	hisson	hissoñ
جعفر	जाफ़र	jaafar	jāfar
حاضر	हाज़िर	haazir	hāzir
ہندوستانی	हिंदुस्तानी	hindustaani	hindustānī
ای	ई	i	ī
ہجرت	हिजरत	hijrat	hijrat
اقتدار	इक़्तिदार	iqtidaar	iqtidār
فروغ	फ़रोग़	farogh	faroġ
وسطی	वुस्ता	wusta	vustā
روڈ	रोड	road	roḍ
رہنما	रहनुमा	rehnuma	rahnumā
عہدے	ओहदे	ohde	ohde
میرا	मेरा	mera	merā
راج	राज	raaj	rāj
جلال	जलाल	jalaal	jalāl
کرو	करो	karo	karo
منصوبہ	मंसूबा	mansooba	mansūba
مار	मार	maar	mār
تباہ	तबाह	tabaah	tabāh
روح	रूह	rooh	rūh
لیتے	लेते	lete	lete
جزیرہ	जज़ीरा	jazeera	jazīra
بابا	बाबा	baaba	bābā
سینٹ	सेंट	sent	senṭ
بھیجا	भेजा	bheja	bhejā
دہشت	दहशत	dehshat	dahshat
دربار	दरबार	darbaar	darbār
سکھ	सिख	sikh	sikh
مہم	मुहिम	muhim	muhim
عثمان	उसमान	usmaan	usmān
دفعہ	दफ़ा	dafa	daf'a
رخ	रुख़	rukh	ruḳh
لگایا	लगाया	lagaaya	lagāyā
ارکان	अरकान	arkaan	arkān
ہوگی	होगी	hogi	hogī
ملاقات	मुलाक़ात	mulaaqaat	mulāqāt
منسلک	मुंसलिक	munsalik	munsalik
باغ	बाग़	baagh	bāġ
خاں	ख़ां	khaan	ḳhāñ
باللہ	बिल्लाह	billaah	billāh
کنارے	किनारे	kinaare	kināre
سرحد	सरहद	sarhad	sarhad
حمایت	हिमायत	himaayat	himāyat
اوقات	औक़ात	auqaat	auqāt
نشان	निशान	nishaan	nishān
تیس	तीस	tees	tīs
صوفی	सूफ़ी	soofi	sūfī
ساز	साज़	saaz	sāz
تکمیل	तकमील	takmeel	takmīl
مرتب	मुरत्तब	murattab	murattab
لکھنؤ	लखनऊ	lakhnau	lakhnaū
پیچھے	पीछे	peechhe	pīchhe
تصانیف	तसानीफ़	tasaaneef	tasānīf
پہنچے	पहुँचे	pahunche	pahuñche
بہار	बहार	bahaar	bahār
بیعت	बैअत	baiat	bai'at
پندرہ	पंद्रह	pandrah	pandrah
بازار	बाज़ार	bazaar	bāzār
امور	उमूर	umoor	umūr
الا	इल्ला	illa	illā
فرماتے	फ़रमाते	farmaate	farmāte
روحانی	रूहानी	roohaani	rūhānī
بلحاظ	बलिहाज़	ba-lihaaz	ba-lihāz
نقصان	नुक़सान	nuqsaan	nuqsān
کہہ	कह	keh	kah
ملتان	मुल्तान	multan	multān
کاری	कारी	kaari	kārī
عملی	अमली	amali	amalī
اسلامیہ	इस्लामिया	islaamiya	islāmiya
بورڈ	बोर्ड	board	borḍ
اکیڈمی	अकेडमी	academy	akeḍmī
فرق	फ़र्क़	farq	farq
خوبصورت	ख़ूबसूरत	khoobsoorat	ḳhūbsūrat
انہی	इन्ही	inhi	inhī
طریقے	तरीक़े	tareeqe	tarīqe
ناصر	नासिर	naasir	nāsir
قطب	क़ुत्ब	qutb	qutb
جیسی	जैसी	jaisi	jaisī
فضل	फ़ज़ल	fazl	fazl
راستے	रास्ते	raaste	rāste
مین	मेन	main	men
ادیب	अदीब	adeeb	adīb
مبارک	मुबारक	mubaarak	mubārak
کینیڈا	कनाडा	canada	kaineḍā
طب	तिब्ब	tibb	tibb
ماحول	माहौल	maahaul	māhaul
مولوی	मौलवी	maulwi	maulvī
شرکت	शिरकत	shirkat	shirkat
رسالہ	रिसाला	risaala	risāla
القرآن	अल-क़ुरान	al-quraan	al-qurān
منعقد	मुनाक़द	munaqad	mun'aqad
اداکارہ	अदाकारा	adaakaara	adākāra
خیر	ख़ैर	khair	ḳhair
روسی	रूसी	roosi	rūsī
احادیث	अहादीस	ahaadees	ahādīs
قبائل	क़बाइल	qabaail	qabāil
چاند	चाँद	chaand	chāñd
حکیم	हकीम	hakeem	hakīm
گناہ	गुनाह	gunaah	gunāh
نکل	निकल	nikal	nikal
البتہ	अलबत्ता	albatta	albatta
رسم	रस्म	rasm	rasm
بحیرہ	बुहैरा	buhaira	buhaira
موسیٰ	मूसा	moosa	mūsā
یورپی	यूरोपी	yooropi	yūropī
منہ	मुंह	munh	muñh
صوبے	सूबे	soobe	sūbe
مقدار	मिक़दार	miqdaar	miqdār
پتھر	पत्थर	patthar	patthar
گو	गो	go	go
بنو	बनो	bano	bano
کمی	कमी	kami	kamī
سندھی	सिंधी	sindhi	sindhī
کمپیوٹر	कंप्यूटर	computer	kampyūṭar
اختلاف	इख़्तिलाफ़	ikhtilaaf	iḳhtilāf
قوانین	क़वानीन	qawaaneen	qavānīn
ثقافت	सक़ाफ़त	saqaafat	saqāfat
آثار	आसार	aasaar	āsār
روزنامہ	रोज़नामा	roznaama	roznāma
بال	बाल	baal	bāl
جنسی	जिंसी	jinsi	jinsī
اداروں	इदारों	idaaron	idāroñ
ثقافتی	सक़ाफ़ती	saqaafati	saqāfatī
بہادر	बहादुर	bahaadur	bahādur
بہن	बहन	bahan	bahan
مخالف	मुख़ालिफ़	mukhaalif	muḳhālif
شہری	शहरी	shehri	shahrī
عثمانی	उस्मानी	usmaani	usmānī
حج	हज्ज	hajj	hajj
عزیز	अज़ीज़	azeez	azīz
عشق	इश्क़	ishq	ishq
شخصیات	शख़्सियात	shakhsiyaat	shaḳhsiyāt
سکا	सका	saka	sakā
کمیٹی	कमेटी	committee	kameṭī
نواز	नवाज़	nawaaz	navāz
پہ	पे	pe	pe
گیت	गीत	geet	gīt
انجمن	अंजुमन	anjuman	anjuman
ثبوت	सबूत	saboot	sabūt
مسلسل	मुसलसल	musalsal	musalsal
پناہ	पनाह	panaah	panāh
باقاعدہ	बाक़ायदा	baaqaayda	bāqāyda
چل	चल	chal	chal
یقین	यक़ीन	yaqeen	yaqīn
گورنمنٹ	गवर्नमेंट	government	gavarnmenṭ
تجارت	तिजारत	tijaarat	tijārat
حروف	हुरूफ़	huroof	hurūf
اکثریت	अकसरियत	aksariyat	aksariyat
کوہ	कोह	koh	koh
ریاضی	रियाज़ी	riyaazi	riyāzī
شمس	शम्स	shams	shams
عمران	इमरान	imraan	imrān
حرکت	हरकत	harkat	harkat
سرخ	सुर्ख़	surkh	surḳh
ولادت	विलादत	wilaadat	vilādat
سائنسی	साइंसी	saainsi	sāinsī
روایتی	रिवायती	riwaayati	rivāyatī
بنت	बिंत	bint	bint
موضوعات	मौज़ूआत	mauzooaat	mauzū'āt
اشعار	अशार	ashaar	ashār
فلسفہ	फ़ल्सफ़ा	falsafa	falsafa
مسعود	मसूद	masood	mas'ūd
شہنشاہ	शहंशाह	shahanshaah	shahanshāh
کہلاتا	कहलाता	kehlaata	kahlātā
ریڈیو	रेडियो	radio	reḍiyo
راست	रास्त	raast	rāst
جزائر	जज़ाइर	jazaair	jazāir
ریلویز	रेलवेज़	railways	relvez
انسٹی	इंस्टी	insti	insṭī
اسماعیل	इस्माइल	ismail	ismā'īl
رقم	रक़म	raqam	raqam
عورتوں	औरतों	auraton	auratoñ
بر	बर	bar	bar
واشنگٹن	वॉशिंगटन	washington	vāshingṭan
تصویر	तस्वीर	tasweer	tasvīr
ملازمت	मुलाज़मत	mulaazamat	mulāzamat
بحث	बहस	bahas	bahas
سری	श्री	sri	shrī
پتہ	पता	pata	pata
نامکمل	नामुकम्मल	na-mukammal	nā-mukammal
مخالفت	मुख़ालिफ़त	mukhaalifat	muḳhālifat
درست	दुरुस्त	durust	durust
وہیں	वहीं	wahin	vahīñ
الحسن	अल-हसन	al-hasan	al-hasan
رد	रद्द	radd	radd
خانے	ख़ाने	khaane	ḳhāne
تبدیلی	तबदीली	tabdeeli	tabdīlī
ڈراما	ड्रामा	drama	ḍrāmā
گیارہ	ग्यारह	gyaarah	gyārah
بنگلہ	बंगला	bangla	bangla
بلوچ	बलोच	baloch	baloch
یہودیوں	यहूदियों	yahoodiyon	yahūdiyoñ
دشمن	दुश्मन	dushman	dushman
انگریز	अंग्रेज़	angrez	angrez
تب	तब	tab	tab
ٹیوٹ	ट्यूट	tute	ṭyūṭ
نازل	नाज़िल	naazil	nāzil
غور	ग़ौर	ghaur	ġaur
پا	पा	pa	pā
لگ	लग	lag	lag
ریاستہائے	रियासत-हाए	riyaasat-haaye	riyāsat-hāe
معاشرے	मुआशरे	muaashare	mu'āshare
مدت	मुद्दत	muddat	muddat
گاندھی	गाँधी	gaandhi	gāndhī
تصوف	तसव्वुफ़	tasawwuf	tasavvuf
صوبائی	सूबाई	soobaai	sūbāī
اوہائیو	ओहायो	ohio	ohāiyo
علاج	इलाज	ilaaj	ilāj
ہمراہ	हमराह	hamraah	hamrāh
بالا	बाला	baala	bālā
لکھنے	लिखने	likhne	likhne
راستہ	रास्ता	raasta	rāsta
بیشتر	बेशतर	beshtar	beshtar
مشترکہ	मुश्तरका	mushtaraka	mushtaraka
بدر	बदर	badar	badar
سمجھتے	समझते	samajhte	samajhte
فقیر	फ़क़ीर	faqeer	faqīr
فائز	फ़ाइज़	faaiz	fāiz
ہوکر	होकर	hokar	hokar
سعد	साद	saad	sa'd
معاشی	माशी	muaashi	mu'āshī
منظور	मंज़ूर	manzoor	manzūr
دیکھنے	देखने	dekhne	dekhne
والدین	वालिदैन	waalidain	vālidain
نظریات	नज़रियात	nazariyaat	nazariyāt
حیدر	हैदर	haidar	haidar
کانگریس	कांग्रेस	kaangres	kāngres
فلمی	फ़िल्मी	filmi	filmī
شاخ	शाख़	shaakh	shāḳh
برصغیر	बर्रे-सग़ीर	barr-e-sagheer	barr-e-saġīr
صنعت	सनत	sanat	san'at
پابندی	पाबंदी	paabandi	pābandī
قدم	क़दम	qadam	qadam
سا	सा	sa	sā
مواد	मवाद	mawaad	mavād
معاہدہ	मुआहिदा	muaahida	muāhida
داؤد	दाऊद	dawood	dāud
جرمن	जर्मन	jarman	jarman
ماہرین	माहिरीन	maahireen	māhirīn
صاف	साफ़	saaf	sāf
نیوز	न्यूज़	news	nyūz
خوب	ख़ूब	khoob	ḳhūb
تیسری	तीसरी	teesri	tīsrī
اتنا	इतना	itna	itnā
اثرات	असरात	asraat	asrāt
بحر	बहर	bahar	bahar
خیبر	ख़ैबर	khaibar	ḳhaibar
غلط	ग़लत	ghalat	ġalat
مستقل	मुस्तक़िल	mustaqil	mustaqil
سفید	सफ़ेद	safed	safed
لیں	लें	lein	leñ
دعا	दुआ	dua	du'ā
وزارت	वज़ारत	wazaarat	vazārat
مطبوعہ	मतबूआ	matbooa	matbū'a
سابقہ	साबिक़ा	saabiqa	sābiqa
چاہتے	चाहते	chaahte	chāhte
نائب	नाइब	naaib	nāib
رضی	रज़ी	razi	razī
قلم	क़लम	qalam	qalam
نوازا	नवाज़ा	nawaaza	navāzā
احساس	एहसास	ehsaas	ehsās
اتنی	इतनी	itni	itnī
مجبور	मजबूर	majboor	majbūr
ام	उम्म	umm	umm
خاطر	ख़ातिर	khaatir	ḳhātir
لال	लाल	laal	lāl
مہدی	महदी	mehdi	mahdī
وآلہ	व-आलिही	wa-aalihi	va-ālihī
حرارت	हरारत	haraarat	harārat
عدد	अदद	adad	adad
الزام	इलज़ाम	ilzaam	ilzām
عنوان	उनवान	unwaan	unvān
روزہ	रोज़ा	roza	roza
نگاری	निगारी	nigaari	nigārī
حاجی	हाजी	haaji	hājī
قاسم	क़ासिम	qaasim	qāsim
صبح	सुबह	subah	subah
ذاتی	ज़ाती	zaati	zātī
نسب	नसब	nasab	nasab
سند	सनद	sanad	sanad
جنگی	जंगी	jangi	jangī
شریعت	शरीयत	shareeyat	sharīyat
یارک	यॉर्क	york	yārk
ورجینیا	वर्जीनिया	virginia	varjīniyā
دفتر	दफ़तर	daftar	daftar
نامور	नामवर	naamwar	nāmvar
بنگال	बंगाल	bengal	bangāl
انگریزوں	अंग्रेज़ों	angrezon	angrezoñ
ملکہ	मलका	malka	malka
سلیم	सलीम	saleem	salīm
گل	गुल	gul	gul
لڑائی	लड़ाई	ladaai	laṛāī
مسئلہ	मसअला	masla	masla
بھٹو	भुट्टो	bhutto	bhuṭṭo
حصول	हुसूल	husool	husūl
آدم	आदम	aadam	ādam
متعلقہ	मुताल्लिक़ा	mutaalliqa	muta'alliqa
سنی	सुन्नी	sunni	sunnī
سمجھ	समझ	samajh	samajh
گن	गुन	gun	gun
شوہر	शौहर	shauhar	shauhar
قبیلے	क़बीले	qabeele	qabīle
تاج	ताज	taaj	tāj
اختر	अख़्तर	akhtar	aḳhtar
کان	कान	kaan	kān
اعداد	आदाद	adaad	a'dād
ٹیکنالوجی	टेक्नोलॉजी	technology	ṭeknālojī
تیز	तेज़	tez	tez
کروڑ	करोड़	karod	karoṛ
خالد	ख़ालिद	khaalid	ḳhālid
دیوی	देवी	dewi	devī
پیشہ	पेशा	pesha	pesha
خواہش	ख़्वाहिश	khwaahish	ḳhvāhish
تحفظ	तहफ़्फ़ुज़	tahaffuz	tahaffuz
عباسی	अब्बासी	abbaasi	abbāsī
جناب	जनाब	janaab	janāb
معمولی	मामूली	mamooli	ma'mūlī
سرمایہ	सरमाया	sarmaaya	sarmāya
عمرو	अम्र	amr	amr
مجید	मजीद	majeed	majīd
لگی	लगी	lagi	lagī
چودہ	चौदह	chaudah	chaudah
شاید	शायद	shayad	shāyad
سالہ	साला	saala	sāla
مختار	मुख़्तार	mukhtaar	muḳhtār
پردیش	प्रदेश	pradesh	pradesh
ہماری	हमारी	hamaari	hamārī
جانوروں	जानवरों	jaanwaron	jānvaroñ
دیش	देश	desh	desh
صادق	सादिक़	saadiq	sādiq
چیف	चीफ़	chief	chīf
معاملات	मामलात	muaamalaat	mu'āmalāt
بحری	बहरी	behri	bahrī
اعلی	आला	aala	a'lā
بچپن	बचपन	bachpan	bachpan
شہادت	शहादत	shahaadat	shahādat
تشریف	तशरीफ़	tashreef	tashrīf
اچھی	अच्छी	achchhi	achchhī
عقائد	अक़ाइद	aqaaid	aqāid
شعرا	शुअरा	shuara	shu'arā
کون	कौन	kaun	kaun
سینٹر	सेंटर	centre	senṭar
رکھے	रखे	rakhe	rakhe
قائد	क़ाइद	qaaid	qāid
منسوب	मनसूब	mansoob	mansūb
قدرتی	क़ुदरती	qudrati	qudratī
بیماری	बीमारी	beemaari	bīmārī
رہائش	रिहाइश	rihaaish	rihāish
محدود	महदूद	mehdood	mahdūd
حالانکہ	हालाँकि	haalaanki	hālāñki
قادری	क़ादिरी	qaadiri	qādirī
بدل	बदल	badal	badal
مٹی	मिट्टी	mitti	miṭṭī
انتظامی	इंतिज़ामी	intizaami	intizāmī
قیمت	क़ीमत	qeemat	qīmat
یو	यू	yu	yū
ولا	वला	wala	valā
گجرات	गुजरात	gujarat	gujrāt
داخلہ	दाख़िला	daakhila	dāḳhila
لغت	लुग़त	lughat	luġat
مقدمہ	मुक़दमा	muqadma	muqadma
سوال	सवाल	sawaal	savāl
تیرہ	तेरह	terah	terah
لہذا	लिहाज़ा	lihaaza	lihāzā
رائج	राइज	raaij	rāij
مضبوط	मज़बूत	mazboot	mazbūt
کھانے	खाने	khaane	khāne
لائے	लाए	laaye	lāe
توانائی	तवानाई	tawaanaai	tavānāī
افریقہ	अफ़्रीका	africa	afrīqa
پیمانے	पैमाने	paimaane	paimāne
العزیز	अल-अज़ीज़	al-azeez	al-azīz
درخواست	दरख़ास्त	darkhwaast	darḳhvāst
تجارتی	तिजारती	tijaarati	tijāratī
آمد	आमद	aamad	āmad
الذین	अल्लज़ीन	allazeen	allazīn
پہلو	पहलू	pehlu	pahlū
رفتار	रफ़्तार	raftaar	raftār
فائدہ	फ़ाइदा	faaida	fāida
صفحات	सफ़हात	safhaat	safhāt
آسٹریلیا	ऑस्ट्रेलिया	australia	āsṭreliyā
ناکام	नाकाम	naakaam	nākām
کشی	कुशी	kushi	kushī
کمیشن	कमीशन	commission	kamīshan
ماضی	माज़ी	maazi	māzī
جاپان	जापान	japan	jāpān
پارک	पार्क	paark	pārk
آسمان	आसमान	aasmaan	āsmān
بس	बस	bas	bas
ملتے	मिलते	milte	milte
گرم	गरम	garam	garam
طلب	तलब	talab	talab
دیوان	दीवान	deewaan	dīvān
لکھ	लिख	likh	likh
جنم	जनम	janam	janam
یسوع	यसू	yasoo	yasū
سوانح	सवानिह	sawaanih	savānih
صدیقی	सिद्दीक़ी	siddeeqi	siddīqī
ذرائع	ज़राए	zaraaye	zarāe
حفاظت	हिफ़ाज़त	hifaazat	hifāzat
جانور	जानवर	jaanwar	jānvar
محنت	मेहनत	mehnat	mehnat
سولہ	सोलह	solah	solah
کانفرنس	कॉन्फ़्रेंस	conference	kānfrens
با	बा	ba	bā
ذیلی	ज़ैली	zaili	zailī
فرزند	फ़र्ज़ंद	farzand	farzand
فاصلے	फ़ासले	faasle	fāsle
جیل	जेल	jail	jel
پڑھنے	पढ़ने	padhne	paṛhne
کہنے	कहने	kehne	kahne
سازی	साज़ी	saazi	sāzī
مالی	माली	maali	mālī
کرام	किराम	kiraam	kirām
بل	बिल	bil	bil
دہلوی	देहलवी	dehlawi	dehlavī
چلتا	चलता	chalta	chaltā
پیغام	पैग़ाम	paighaam	paiġām
زخمی	ज़ख़्मी	zakhmi	zaḳhmī
رب	रब	rab	rab
یکم	यकुम	yakum	yakum
ٹائمز	टाइम्स	times	ṭāims
پہاڑ	पहाड़	pahaad	pahāṛ
خصوصیات	ख़ुसूसियात	khusoosiyaat	ḳhusūsiyāt
سالوں	सालों	saalon	sāloñ
مقیم	मुक़ीम	muqeem	muqīm
کرلی	कर ली	kar li	kar lī
عقیدہ	अक़ीदा	aqeeda	aqīda
سترہ	सत्रह	satrah	satrah
شاگرد	शागिर्द	shaagird	shāgird
عہدہ	ओहदा	ohda	ohda
سکیں	सकें	sakein	sakeñ
رشتہ	रिश्ता	rishta	rishta
کیفیت	कैफ़ियत	kaifiyat	kaifiyat
حساب	हिसाब	hisaab	hisāb
ریکارڈ	रिकॉर्ड	record	rikārḍ
اصلاح	इस्लाह	islaah	islāh
صلاحیت	सलाहियत	salaahiyat	salāhiyat
ڈال	डाल	daal	ḍāl
آئیووا	आयोवा	iowa	āyovā
نکاح	निकाह	nikaah	nikāh
نکال	निकाल	nikaal	nikāl
دورہ	दौरा	daura	daura
وفاقی	विफ़ाक़ी	wifaaqi	vifāqī
باز	बाज़	baaz	bāz
انکی	उनकी	unki	unkī
انڈیانا	इंडियाना	indiana	inḍiyānā
حاکم	हाकिम	haakim	hākim
چالیس	चालीस	chaalees	chālīs
منصور	मंसूर	mansoor	mansūr
عدم	अदम	adam	adam
شدت	शिद्दत	shiddat	shiddat
الی	इला	ila	ilā
فرائض	फ़राइज़	faraaiz	farāiz
درخت	दरख़्त	darakht	daraḳht
غریب	ग़रीब	ghareeb	ġarīb
بیگ	बैग	baig	baig
آیات	आयात	aayaat	āyāt
چلی	चली	chali	chalī
متعارف	मुतआरफ़	mutaaraf	muta'āraf
پہاڑی	पहाड़ी	pahaadi	pahāṛī
گر	गर	gar	gar
بلا	बिला	bila	bilā
زبردست	ज़बरदस्त	zabardast	zabardast
اختتام	इख़्तिताम	ikhtitaam	iḳhtitām
صحابہ	सहाबा	sahaaba	sahāba
عثمانیہ	उस्मानिया	usmaaniya	usmāniya
چاہتا	चाहता	chaahta	chāhtā
سونے	सोने	sone	sone
نقطہ	नुक़्ता	nuqta	nuqta
ہزاروں	हज़ारों	hazaaron	hazāroñ
پیداوار	पैदावार	paidaawaar	paidāvār
تعلیمات	तालीमात	taleemaat	ta'līmāt
حرف	हर्फ़	harf	harf
خاتمہ	ख़ातमा	khaatma	ḳhātma
ندوی	नदवी	nadwi	nadvī
ہسپتال	हस्पताल	haspataal	haspatāl
تدریس	तदरीस	tadrees	tadrīs
لڑکی	लड़की	ladki	laṛkī
اسد	असद	asad	asad
اٹھارہ	अठारह	athaarah	aṭhārah
علامت	अलामत	alaamat	alāmat
ریاستوں	रियासतों	riyaasaton	riyāsatoñ
دلچسپی	दिलचस्पी	dilchaspi	dilchaspī
انگلستان	इंगलिस्तान	inglistaan	inglistān
عرض	अर्ज़	arz	arz
فار	फ़ॉर	for	fār
وار	वार	waar	vār
سوسائٹی	सोसाइटी	society	sosāiṭī
ظفر	ज़फ़र	zafar	zafar
تفصیل	तफ़्सील	tafseel	tafsīl
شوق	शौक़	shauq	shauq
حکمت	हिकमत	hikmat	hikmat
خواب	ख़्वाब	khwaab	ḳhvāb
کوٹ	कोट	kot	koṭ
موجودگی	मौजूदगी	maujoodgi	maujūdgī
اشارہ	इशारा	ishaara	ishāra
گیم	गेम	game	gem
فروخت	फ़रोख़्त	farokht	faroḳht
قصبہ	क़स्बा	qasba	qasba
مندر	मंदिर	mandir	mandir
روپے	रुपए	rupaye	rupae
آپس	आपस	aapas	āpas
ملنے	मिलने	milne	milne
مند	मंद	mand	mand
معاہدے	मुआहिदे	muaahide	mu'āhide
نسخہ	नुसख़ा	nuskha	nusḳha
فاطمہ	फ़ातिमा	faatima	fātima
مادہ	मादा	maada	māda
خفیہ	ख़ुफ़िया	khufiya	ḳhufiya
تشدد	तशद्दुद	tashaddud	tashaddud
دیکھتے	देखते	dekhte	dekhte
دکھائی	दिखाई	dikhaai	dikhāī
گرین	ग्रीन	green	grīn
اندرونی	अंदरुनी	andaruni	andarunī
سوویت	सोवियत	soviet	soviyat
محدث	मुहद्दिस	muhaddis	muhaddis
رواج	रिवाज	riwaaj	rivāj
فرد	फ़र्द	fard	fard
رومی	रूमी	roomi	rūmī
متوفی	मुतवफ़्फ़ी	mutawaffi	mutavaffī
جمال	जमाल	jamaal	jamāl
گفتگو	गुफ़्तगू	guftagu	guftagū
عبداللہ	अब्दुल्लाह	abdullaah	abdullāh
حوالہ	हवाला	hawaala	havāla
مصروف	मसरूफ़	masroof	masrūf
براہ	बराह	baraah	barāh
برف	बर्फ़	barf	barf
آسان	आसान	aasaan	āsān
گزر	गुज़र	guzar	guzar
کاروبار	कारोबार	kaarobaar	kārobār
نوجوان	नौजवान	naujawaan	naujavān
الملک	अल-मुल्क	al-mulk	al-mulk
دادا	दादा	daada	dādā
افسانہ	अफ़साना	afsaana	afsāna
مفہوم	मफ़हूम	mafhoom	mafhūm
پچاس	पचास	pachaas	pachās
ظلم	ज़ुल्म	zulm	zulm
پنسلوانیا	पेंसिल्वेनिया	pennsylvania	pensilvāniyā
اجلاس	इज्लास	ijlaas	ijlās
فورا	फ़ौरन	fauran	fauran
قبرستان	क़ब्रिस्तान	qabristaan	qabristān
پیپلز	पीपल्स	peoples	pīpalz
جناح	जिनाह	jinaah	jināh
پچیس	पच्चीस	pachchees	pachchīs
روشن	रोशन	roshan	roshan
امر	अम्र	amr	amr
آئیں	आएँ	aayein	āeñ
سیاہ	सियाह	siyaah	siyāh
تصاویر	तसावीर	tasaaweer	tasāvīr
قول	क़ौल	qaul	qaul
طبع	तबा	tab	tab
مربع	मुरब्बा	murabba	murabba
ایوب	अय्यूब	ayyub	ayyūb
رابرٹ	रॉबर्ट	robert	roberṭ
دستیاب	दस्तयाब	dastyaab	dastyāb
صحافی	सहाफ़ी	sahaafi	sahāfī
وزن	वज़न	wazan	vazan
امداد	इमदाद	imdaad	imdād
برقی	बर्क़ी	barqi	barqī
امتحان	इम्तिहान	imtihaan	imtihān
دروازہ	दरवाज़ा	darwaaza	darvāza
کن	किन	kin	kin
چوبیس	चौबीस	chaubees	chaubīs
الاسلام	अल-इस्लाम	al-islaam	al-islām
بولی	बोली	boli	bolī
خیالات	ख़यालात	khayaalaat	ḳhayālāt
مستقبل	मुस्तक़बिल	mustaqbil	mustaqbil
تحقیقی	तहक़ीक़ी	tehqeeqi	tahqīqī
عزت	इज़्ज़त	izzat	izzat
ملین	मिलियन	million	miliyan
دائرہ	दायरा	daaira	dāira
کورٹ	कोर्ट	kort	korṭ
مناسب	मुनासिब	munaasib	munāsib
دا	दा	da	dā
پڑے	पड़े	pade	paṛe
دیر	देर	der	der
سادہ	सादा	saada	sāda
سلم	सल्लम	sallam	sallam
نگرانی	निगरानी	nigraani	nigrānī
ضرور	ज़रूर	zaroor	zarūr
حبیب	हबीब	habeeb	habīb
شناخت	शनाख़्त	shanaakht	shanāḳht
دم	दम	dam	dam
لباس	लिबास	libaas	libās
اگلے	अगले	agle	agle
مجھ	मुझ	mujh	mujh
ڈالر	डॉलर	dollar	ḍālar
پرستی	परस्ती	parasti	parastī
تبلیغ	तबलीग़	tableegh	tablīġ
لوٹ	लौट	laut	lauṭ
بک	बुक	book	buk
دفن	दफ़न	dafn	dafn
تجویز	तजवीज़	tajweez	tajvīz
مذاہب	मज़ाहिब	mazaahib	mazāhib
مسیحیت	मसीहियत	maseehiyat	masīhiyat
مرحوم	मरहूम	marhoom	marhūm
یعقوب	याक़ूब	yaqub	ya'qūb
انسانوں	इंसानों	insaanon	insānoñ
طبی	तिब्बी	tibbi	tibbī
اہتمام	इहतिमाम	ihtimaam	ihtimām
محکمہ	महकमा	mehkama	mahkama
سامان	सामान	saamaan	sāmān
برقرار	बरक़रार	barqaraar	barqarār
سامنا	सामना	saamna	sāmnā
بمطابق	बमुताबिक़	bamutaabiq	bamutābiq
ڈائریکٹر	डायरेक्टर	director	ḍāirekṭar
عمومی	उमूमी	umoomi	umūmī
قاری	क़ारी	qaari	qārī
واپسی	वापसी	waapsi	vāpsī
میڈیا	मीडिया	media	mīḍiyā
بیرونی	बैरूनी	bairooni	bairūnī
اٹھا	उठा	utha	uṭhā
حدود	हुदूद	hudood	hudūd
فلسطین	फ़लस्तीन	falasteen	falastīn
سیرت	सीरत	seerat	sīrat
عن	अन	an	an
احکام	अहकाम	ahkaam	ahkām
مشی	मशी	mashi	mashī
وسط	वस्त	wast	vast
حرام	हराम	haraam	harām
نگر	नगर	nagar	nagar
راولپنڈی	रावलपिंडी	rawalpindi	rāvalpinḍī
شمولیت	शुमूलियत	shumooliyat	shumūliyat
سماج	समाज	samaaj	samāj
یزید	यज़ीद	yazeed	yazīd
مرض	मर्ज़	marz	marz
جسمانی	जिस्मानी	jismaani	jismānī
ہتھیار	हथियार	hathiyaar	hathiyār
اسحاق	इसहाक़	ishaq	ishāq
وضاحت	वज़ाहत	wazaahat	vazāhat
انصاف	इनसाफ़	insaaf	insāf
ممبئی	मुंबई	mumbai	mumbaī
بچہ	बच्चा	bachcha	bachcha
انڈین	इंडियन	indian	inḍiyan
گرو	गुरु	guru	guru
چترال	चित्राल	chitraal	chitrāl
آب	आब	aab	āb
شافعی	शाफ़ई	shaafii	shāfi'ī
قریبی	क़रीबी	qareebi	qarībī
بائیس	बाईस	baaees	bāīs
خصوصا	ख़ुसूसन	khusoosan	ḳhusūsan
عناصر	अनासिर	anaasir	anāsir
ایکسپریس	एक्सप्रेस	express	ekspres
عبرانی	इब्रानी	ibraani	ibrānī
دفاع	दिफ़ा	difaa	difā
نفس	नफ़्स	nafs	nafs
نعت	नात	naat	na'at
فضا	फ़िज़ा	faza	fazā
مقاصد	मक़ासिद	maqaasid	maqāsid
اصحاب	असहाब	ashaab	ashāb
مساوات	मसावात	masaawaat	masāvāt
تمہارے	तुम्हारे	tumhaare	tumhāre
کرایا	कराया	karaaya	karāyā
شراب	शराब	sharaab	sharāb
نمائندگی	नुमाइंदगी	numaaindagi	numāindagī
اکرم	अकरम	akram	akram
کھڑے	खड़े	khade	khaṛe
سنگ	संग	sang	sang
غرض	ग़रज़	gharaz	ġaraz
علاحدہ	अलाहिदा	alaahida	alāhida
ارشاد	इर्शाद	irshaad	irshād
اولین	अव्वलीन	awwaleen	avvalīn
دکن	दक्कन	dakkan	dakkan
برعکس	बरअक्स	baraks	bar'aks
فرض	फ़र्ज़	farz	farz
رحمت	रहमत	rehmat	rahmat
پختونخوا	पख़्तूनख़्वा	pakhtoonkhwa	paḳhtūnḳhvā
مطالبہ	मुतालिबा	mutaaliba	mutāliba
تیسرے	तीसरे	teesre	tīsre
میچ	मैच	match	maich
ویژن	विज़न	vision	vīzan
سپرد	सुपुर्द	supurd	supurd
عین	ऐन	ain	ain
نشانہ	निशाना	nishaana	nishāna
پرویز	परवेज़	parwez	parvez
سانچہ	साँचा	saancha	sāñcha
یار	यार	yaar	yār
بجلی	बिजली	bijli	bijlī
نشین	नशीन	nasheen	nashīn
جائزہ	जायज़ा	jaayza	jāyza
اداکاری	अदाकारी	adaakaari	adākārī
اساتذہ	असातिज़ा	asaatiza	asātiza
لایا	लाया	laaya	lāyā
موسی	मूसा	moosa	mūsā
دماغ	दिमाग़	dimaagh	dimāġ
مریخ	मिर्रीख़	mirreekh	mirrīḳh
لیتا	लेता	leta	letā
خطوط	ख़ुतूत	khutoot	ḳhutūt
اتر	उतर	utar	utar
جاوید	जावेद	jaawed	jāved
نویس	नवीस	nawees	navīs
گھرانے	घराने	gharaane	gharāne
شان	शान	shaan	shān
تیاری	तैयारी	taiyaari	taiyārī
کارروائی	कार्रवाई	kaarrawaai	kārravāī
انٹرنیٹ	इंटरनेट	internet	inṭarneṭ
اسم	इस्म	ism	ism
فرمائی	फ़रमाई	farmaai	farmāī
افغان	अफ़ग़ान	afghaan	afġān
کامل	कामिल	kaamil	kāmil
کروایا	करवाया	karwaaya	karvāyā
مہر	महर	mehr	mahr
شرف	शरफ़	sharaf	sharaf
بالآخر	बिलाख़िर	bilaakhir	bilāḳhir
عنہ	अन्हु	anhu	anhu
معیار	मेयार	miyaar	mi'yār
جدوجہد	जद्दोजहद	jaddojahad	jaddojahad
تعاون	तआवुन	taawun	ta'āvun
حسب	हसब	hasab	hasab
کوئٹہ	क्वेटा	quetta	kveṭa
افریقا	अफ़्रीका	afreeka	afrīkā
چچا	चचा	chacha	chachā
پل	पल	pal	pal
باتیں	बातें	baatein	bāteñ
جوہر	जौहर	jauhar	jauhar
گوئی	गोई	goi	goī
لوک	लोक	lok	lok
ریاستی	रियासती	riyaasti	riyāstī
یادگار	यादगार	yaadgaar	yādgār
تالیف	तालीफ़	taaleef	tālīf
ہائے	हाय	haaye	hāe
کوریا	कोरिया	koriya	koriyā
ایوان	ऐवान	aiwaan	aivān
فرقہ	फ़िरक़ा	firqa	firqa
تعالٰی	तआला	taala	ta'ālā
تیل	तेल	tel	tel
منظم	मुनज़्ज़म	munazzam	munazzam
خوف	ख़ौफ़	khauf	ḳhauf
سوم	सोयम	soyam	soyam
آتش	आतिश	aatish	ātish
داستان	दास्तान	daastaan	dāstān
مصری	मिस्री	misri	misrī
دروازے	दरवाज़े	darwaaze	darvāze
ساتھی	साथी	saathi	sāthī
تعالی	तआला	taala	ta'ālā
ملکوں	मुल्कों	mulkon	mulkoñ
کیسے	कैसे	kaise	kaise
کنساس	कैनसस	kansas	kainsas
پڑھا	पढ़ा	padha	paṛhā
نوعیت	नौइयत	nauiyat	nau'iyat
قدرت	क़ुदरत	qudrat	qudrat
مریم	मरियम	mariyam	mariyam
سورت	सूरत	soorat	sūrat
تجربہ	तजुर्बा	tajurba	tajurba
وچ	वच	wach	vach
ویکی	विकि	wiki	viki
ایشیائی	एशियाई	eshiyaai	eshiyāī
لانے	लाने	laane	lāne
مہارت	महारत	mahaarat	mahārat
پیغمبر	पैग़ंबर	paighambar	paiġambar
گویا	गोया	goya	goyā
قبر	क़ब्र	qabr	qabr
مانا	माना	maana	mānā
ہوجاتا	हो जाता	ho jaata	ho jātā
مارشل	मार्शल	marshal	mārshal
زید	ज़ैद	zaid	zaid
رکھنا	रखना	rakhna	rakhnā
گاڑی	गाड़ी	gaadi	gāṛī
ٹیکساس	टेक्सास	texas	ṭeksās
اعمال	आमाल	amaal	a'māl
مشرف	मुशर्रफ़	musharraf	musharraf
دمشق	दमिश्क़	damishq	damishq
کھوار	ख्वार	khwaar	khvār
پے	पे	pe	pe
یہیں	यहीं	yahin	yahīñ
سنسکرت	संस्कृत	sanskrit	sanskrit
کنٹرول	कंट्रोल	control	kanṭrol
انٹرنیشنل	इंटरनेशनल	international	inṭarneshinal
پڑھ	पढ़	padh	paṛh
پریس	प्रेस	press	pres
بیچ	बेच	bech	bech
الف	अलिफ़	alif	alif
اشیاء	अश्या	ashyaa	ashyā
منایا	मनाया	manaaya	manāyā
پھول	फूल	phool	phūl
رپورٹ	रिपोर्ट	report	riporṭ
سالانہ	सालाना	saalaana	sālāna
مسوری	मिसूरी	missouri	misūrī
اچھا	अच्छा	achha	achchhā
زوال	ज़वाल	zawaal	zavāl
جارج	जॉर्ज	george	jārj
طول	तूल	tool	tūl
تیسرا	तीसरा	teesra	tīsrā
غم	ग़म	gham	ġam
فوت	फ़ौत	faut	faut
کربلا	करबला	karbala	karbalā
مہینے	महीने	maheene	mahīne
کمزور	कमज़ोर	kamzor	kamzor
دہی	दही	dahi	dahī
قال	क़ाल	qaal	qāl
کھانا	खाना	khana	khānā
برج	बुर्ज	burj	burj
گوشت	गोश्त	gosht	gosht
ساحل	साहिल	saahil	sāhil
فرما	फ़रमा	farma	farmā
وما	वमा	wama	vamā
پرانے	पुराने	puraane	purāne
صحافت	सहाफ़त	sahaafat	sahāfat
ناظم	नाज़िम	naazim	nāzim
اسلوب	उस्लूब	usloob	uslūb
روک	रोक	rok	rok
کثرت	कसरत	kasrat	kasrat
سوار	सवार	sawaar	savār
کیلیفورنیا	कैलिफ़ोर्निया	california	kailīforniyā
لبنان	लेबनान	lebanon	lebnān
کش	कश	kash	kash
متن	मत्न	matn	matn
شعبے	शोबे	shobe	shobe
منفرد	मुनफ़रिद	munfarid	munfarid
آہستہ	आहिस्ता	aahista	āhista
لہٰذا	लिहाज़ा	lihaaza	lihāzā
سڑک	सड़क	sadak	saṛak
ہوجاتی	हो जाती	ho jaati	ho jātī
نبوت	नबुव्वत	nubuwwat	nubuvvat
ڈکوٹا	डकोटा	dakota	ḍakoṭā
محقق	मुहक़्क़िक़	muhaqqiq	muhaqqiq
اکیس	इक्कीस	ikkees	ikkīs
ورلڈ	वर्ल्ड	world	vorlḍ
عبید	उबैद	ubaid	ubaid
باضابطہ	बाज़ाब्ता	baazaabta	bāzābta
بازی	बाज़ी	baazi	bāzī
تحقیقات	तहक़ीक़ात	tehqeeqaat	tahqīqāt
نتائج	नताइज	nataaij	natāij
یمن	यमन	yemen	yaman
تے	ते	te	te
مکتبہ	मकतबा	maktaba	maktaba
جذبات	जज़्बात	jazbaat	jazbāt
تیزی	तेज़ी	tezi	tezī
غالبا	ग़ालिबन	ghaaliban	ġāliban
شب	शब	shab	shab
سیریز	सीरीज़	series	sīrīz
بد	बद	bad	bad
اچھے	अच्छे	achchhe	achchhe
ستائیس	सत्ताईस	sattaaees	sattāīs
الحدیث	अल-हदीस	al-hadees	al-hadīs
دست	दस्त	dast	dast
اضلاع	अज़ला	azlaa	azlā
سوچ	सोच	soch	soch
غزوہ	ग़ज़वा	ghazwa	ġazva
دیو	देव	dev	dev
مجموعی	मजमूई	majmooi	majmū'ī
جنت	जन्नत	jannat	jannat
شعری	शेरी	sheri	sherī
جیت	जीत	jeet	jīt
ہارون	हारून	harun	hārūn
عروج	उरूज	urooj	urūj
درجے	दर्जे	darje	darje
نشر	नशर	nashar	nashar
راؤ	राओ	raao	rāo
دباؤ	दबाव	dabaav	dabāv
کلیسیا	कलीसिया	kaleesiya	kalīsiyā
کلو	किलो	kilo	kilo
حیاتیات	हयातियात	hayaatiyaat	hayātiyāt
سرگرمیوں	सरगर्मियों	sargarmiyon	sargarmiyoñ
پشتو	पश्तो	pashto	pashto
فنون	फ़ुनून	funoon	funūn
بکر	बक्र	bakr	bakr
پہنچنے	पहुँचने	pahunchne	pahuñchne
الینوائے	इलिनॉय	illinois	ilināy
نیویارک	न्यूयॉर्क	new york	nyūyārk
ذہن	ज़ेहन	zehan	zehan
ظہور	ज़हूर	zuhoor	zuhūr
ناموں	नामों	naamon	nāmoñ
بالخصوص	बिल-ख़ुसूस	bil-khusoos	bil-ḳhusūs
انور	अनवर	anwar	anvar
وڈ	वुड	wood	vuḍ
تمہیں	तुम्हें	tumhein	tumheñ
شک	शक	shak	shak
ضیاء	ज़िया	ziyaa	ziyā
ورثہ	विरसा	wirsa	virsa
بم	बम	bomb	bam
منورہ	मुनव्वरा	munawwara	munavvara
آکر	आ कर	aa kar	ā kar
وصول	वसूल	wasool	vasūl
سکھوں	सिखों	sikhon	sikhoñ
نیک	नेक	nek	nek
افسر	अफ़्सर	afsar	afsar
لینا	लेना	lena	lenā
پڑی	पड़ी	padi	paṛī
اخذ	अख़्ज़	akhz	aḳhz
مکان	मकान	makaan	makān
مدیر	मुदीर	mudeer	mudīr
دودھ	दूध	doodh	dūdh
منزل	मंज़िल	manzil	manzil
شہرستان	शहरिस्तान	shehristaan	shahristān
اسرائیلی	इसराइली	israaili	isrāilī
لو	लो	lo	lo
اڈا	अड्डा	adda	aḍḍā
شے	शै	shai	shai
انتیس	उनतीस	untees	untīs
پوچھا	पूछा	poochha	pūchhā
پڑتا	पड़ता	padta	paṛtā
بائیں	बाएँ	baayein	bāeñ
دیکھیے	देखिए	dekhiye	dekhiye
نجات	निजात	nijaat	nijāt
امت	उम्मत	ummat	ummat
جرم	जुर्म	jurm	jurm
فارغ	फ़ारिग़	faarigh	fāriġ
پرچم	परचम	parcham	parcham
رمضان	रमज़ान	ramzaan	ramzān
مخدوم	मख़दूम	makhdoom	maḳhdūm
بری	बुरी	buri	burī
وسکونسن	विस्कॉंसिन	wisconsin	viskānsin
اٹھائیس	अट्ठाईस	atthaaees	aṭṭhāīs
فیصلے	फ़ैसले	faisle	faisle
کاموں	कामों	kaamon	kāmoñ
سلام	सलाम	salaam	salām
کہتا	कहता	kehta	kahtā
تصدیق	तस्दीक़	tasdeeq	tasdīq
اشرف	अशरफ़	ashraf	ashraf
قریش	क़ुरैश	quraish	quraish
بستی	बस्ती	basti	bastī
چھبیس	छब्बीस	chhabbees	chhabbīs
آنکھوں	आँखों	aankhon	āñkhoñ
سرور	सुरूर	suroor	surūr
عقل	अक़्ल	aqal	aql
مارکس	मार्क्स	maarks	mārks
چاہے	चाहे	chaahe	chāhe
جانشین	जानशीन	jaanasheen	jānashīn
فارس	फ़ार्स	faars	fārs
سالار	सालार	saalaar	sālār
قاہرہ	क़ाहिरा	qaahira	qāhira
مقبولیت	मक़बूलियत	maqbooliyat	maqbūliyat
زبانیں	ज़बानें	zabaanein	zabāneñ
معاشرتی	माशरती	muaasharati	mu'āsharatī
مقالہ	मुक़ाला	muqaala	muqāla
مظہر	मज़हर	mazhar	mazhar
مارٹن	मार्टिन	martin	mārṭin
جہاد	जिहाद	jihaad	jihād
خواہ	ख़्वाह	khwaah	ḳhvāh
دیوار	दीवार	deewaar	dīvār
نجی	निजी	niji	nijī
طالبان	तालिबान	taalibaan	tālibān
خلیج	ख़लीज	khaleej	ḳhalīj
طلاق	तलाक़	talaaq	talāq
بھرپور	भरपूर	bharpoor	bharpūr
زیرو	ज़ीरो	zeero	zīro
اتفاق	इत्तिफ़ाक़	ittifaaq	ittifāq
ڈالا	डाला	daala	ḍālā
سرزمین	सरज़मीन	sarzameen	sarzamīn
بلندی	बुलंदी	bulandi	bulandī
فلمیں	फ़िल्में	filmein	filmeñ
بتیس	बत्तीस	battees	battīs
فطرت	फ़ितरत	fitrat	fitrat
بقول	बक़ौल	ba-qaul	ba-qaul
ایجاد	ईजाद	eejaad	ījād
عصر	अस्र	asr	asr
خالی	ख़ाली	khaali	ḳhālī
کابل	काबुल	kabul	kābul
عائد	आइद	aaid	āid
خاک	ख़ाक	khaak	ḳhāk
پھیل	फैल	phail	phail
عذاب	अज़ाब	azaab	azāb
معاویہ	मुआविया	muaawiya	mu'āviya
سوا	सवा	sawa	savā
بھاری	भारी	bhaari	bhārī
عامر	आमिर	aamir	āmir
بہاولپور	बहावलपुर	bahaawalpur	bahāvalpur
پرانی	पुरानी	puraani	purānī
المعروف	अल-मारूफ़	al-maroof	al-ma'rūf
اکتیس	इकतीस	iktees	iktīs
ولیم	विलियम	william	viliyam
مابین	माबीन	maabeen	mābīn
پردہ	पर्दा	parda	parda
مینیسوٹا	मिनेसोटा	minnesota	minesoṭā
تینتیس	तैंतीस	taintees	taintīs
اخبارات	अख़बारात	akhbaaraat	aḳhbārāt
رقص	रक़्स	raqs	raqs
چونتیس	चौंतीस	chauntees	chauntīs
تینوں	तीनों	teenon	tīnoñ
تنگ	तंग	tang	tang
ذہنی	ज़हनी	zehni	zahnī
بائبل	बाइबिल	bible	bāibil
چیزوں	चीज़ों	cheezon	chīzoñ
قبضے	क़ब्ज़े	qabze	qabze
منصب	मंसब	mansab	mansab
آپریشن	ऑपरेशन	operation	āpreshan
ملت	मिल्लत	millat	millat
مردوں	मर्दों	mardon	mardoñ
پرورش	परवरिश	parwarish	parvarish
جموں	जम्मू	jammu	jammū
جمعہ	जुमा	juma	jum'a
وفد	वफ़्द	wafd	vafd
پاشا	पाशा	paasha	pāshā
تعارف	तआरुफ़	taaruf	ta'āruf
کرم	करम	karam	karam
امتیاز	इम्तियाज़	imtiyaaz	imtiyāz
ساتھیوں	साथियों	saathiyon	sāthiyoñ
آور	आवर	aawar	āvar
نافذ	नाफ़िज़	naafiz	nāfiz
کہلاتے	कहलाते	kehlaate	kahlāte
پہچان	पहचान	pehchaan	pahchān
علاقائی	इलाक़ाई	ilaaqaai	ilāqāī
سیر	सैर	sair	sair
ماہنامہ	माहनामा	maahnaama	māhnāma
چندر	चंद्र	chandr	chandr
طوفان	तूफ़ान	toofaan	tūfān
ایشن	एशन	ation	eshan
ناک	नाक	naak	nāk
اخلاقی	अख़लाक़ी	akhlaaqi	aḳhlāqi
سرائیکی	सराइकी	saraaiki	sarāikī
مینار	मीनार	meenaar	mīnār
بدولت	बदौलत	badaulat	badaulat
حکومتی	हुकूमती	hukoomati	hukūmatī
بہرائچ	बहराइच	behraaich	bahrāich
خارج	ख़ारिज	khaarij	ḳhārij
ساخت	साख़्त	saakht	sāḳht
ماڈل	मॉडल	model	māḍal
آصف	आसिफ़	aasif	āsif
اٹھایا	उठाया	uthaaya	uṭhāyā
کالم	कॉलम	column	kālam
طبقہ	तबक़ा	tabqa	tabqa
ڈیرہ	डेरा	dera	ḍera
سیف	सैफ़	saif	saif
حمید	हमीद	hameed	hamīd
فاضل	फ़ाज़िल	faazil	fāzil
جانتے	जानते	jaante	jānte
فرید	फ़रीद	fareed	farīd
بیروت	बेरूत	beirut	berūt
معین	मुअय्यन	muayyan	muayyan
معاون	मुआविन	muaawin	mu'āvin
ابوبکر	अबू बक्र	abu bakr	abū bakr
سمت	सम्त	samt	samt
امریکہ	अमरीका	america	amrīka
مہیا	मुहैया	muhaiya	muhaiyā
انصاری	अंसारी	ansaari	ansārī
معاملہ	मामला	maamla	māmla
خلیات	ख़लियात	khaliyaat	ḳhaliyāt
نثر	नस्र	nasr	nasr
طاہر	ताहिर	taahir	tāhir
افسانے	अफ़साने	afsaane	afsāne
مؤلف	मुअल्लिफ़	muallif	muallif
اقتصادی	इक़्तिसादी	iqtisaadi	iqtisādī
بحریہ	बहरिया	behriya	bahriya
خلیل	ख़लील	khaleel	ḳhalīl
دانوں	दानों	daanon	dānoñ
معیشت	मईशत	maeeshat	ma'īshat
صلح	सुलह	sulah	sulah
یک	यक	yak	yak
آغا	आग़ा	aagha	āġā
بت	बुत	but	but
پانے	पाने	paane	pāne
اوسط	औसत	ausat	ausat
جنس	जिंस	jins	jins
تہوار	तिहवार	tihwaar	tihvār
لازمی	लाज़मी	laazmi	lāzmī
سلوک	सुलूक	sulook	sulūk
ملکیت	मिल्कियत	milkiyat	milkiyat
محبوب	महबूब	mehboob	mahbūb
حضرات	हज़रात	hazraat	hazrāt
آلات	आलात	aalaat	ālāt
اقلیت	अक़्लियत	aqliyat	aqliyat
قیامت	क़यामत	qayaamat	qayāmat
عید	ईद	eid	eid
آنکھ	आँख	aankh	āñkh
صدیوں	सदियों	sadiyon	sadiyoñ
قلعے	क़िले	qile	qil'e
نیٹ	नेट	net	neṭ
شہاب	शहाब	shahaab	shahāb
کلکتہ	कलकत्ता	calcutta	kalkatta
گردی	गर्दी	gardi	gardī
سورۃ	सूरत	soorat	sūrat
جائز	जाइज़	jaaiz	jāiz
عالیہ	आलिया	aaliya	āliya
پرست	परस्त	parast	parast
بھیج	भेज	bhej	bhej
کینٹکی	केंटकी	kentucky	kenṭakī
ناشر	नाशिर	naashir	nāshir
طبقات	तबक़ात	tabaqaat	tabaqāt
تہ	तह	tah	tah
کیرولائنا	कैरोलाइना	carolina	kerulāinā
جنھوں	जिन्हों	jinhon	jinhoñ
حمل	हमल	hamal	hamal
شعور	शऊर	shaoor	shaūr
مبتلا	मुब्तला	mubtala	mubtalā
کہاں	कहाँ	kahan	kahāñ
مشاہدہ	मुशाहिदा	mushaahida	mushāhida
ایئر	एयर	air	eyar
دلی	दिल्ली	dilli	dillī
ستر	सत्तर	sattar	sattar
خوشی	ख़ुशी	khushi	ḳhushī
خوراک	ख़ुराक	khuraak	ḳhurāk
سکندر	सिकंदर	sikandar	sikandar
بنگالی	बंगाली	bangaali	bangālī
ڈالی	डाली	daali	ḍālī
چلنے	चलने	chalne	chalne
مساجد	मसाजिद	masaajid	masājid
لگتا	लगता	lagta	lagtā
گانے	गाने	gaane	gāne
بالی	बाली	baali	bālī
ایام	ऐयाम	aiyaam	aiyām
باہمی	बाहमी	baahami	bāhamī
الہ	इलाह	ilaah	ilāh
امین	अमीन	ameen	amīn
جین	जैन	jain	jain
دعویٰ	दावा	dawa	da'vā
تیرے	तेरे	tere	tere
ارادہ	इरादा	iraada	irāda
ع	ऐन	ain	ain
خطرہ	ख़तरा	khatra	ḳhatra
رقبہ	रक़बा	raqba	raqba
ڈرامے	ड्रामे	draame	ḍrāme
جماعتوں	जमाअतों	jamaaton	jamā'atoñ
نامزد	नामज़द	naamzad	nāmzad
ٹیسٹ	टेस्ट	test	ṭesṭ
رفتہ	रफ़्ता	rafta	rafta
نیپال	नेपाल	nepal	nepāl
ریاض	रियाज़	riyaaz	riyāz
آسانی	आसानी	aasaani	āsānī
سکی	सकी	saki	sakī
اختیارات	इख़्तियारात	ikhtiyaaraat	iḳhtiyārāt
سمتیہ	सम्तिया	samtiya	samtiya
جانی	जानी	jaani	jānī
دیوتا	देवता	dewta	devtā
سکول	स्कूल	school	skūl
جسٹس	जस्टिस	justice	jasṭis
چاندی	चाँदी	chaandi	chāñdī
ترمیم	तरमीम	tarmeem	tarmīm
نادر	नादिर	naadir	nādir
پال	पाल	paal	pāl
شاہد	शाहिद	shaahid	shāhid
گھنٹے	घंटे	ghante	ghanṭe
ضرب	ज़र्ब	zarb	zarb
انجیل	इंजील	injeel	injīl
آبائی	आबाई	aabaai	ābāī
منصوبے	मनसूबे	mansoobe	mansūbe
انقلابی	इंक़िलाबी	inqilaabi	inqilābī
پہاڑوں	पहाड़ों	pahaadon	pahāṛoñ
عارف	आरिफ़	aarif	ārif
گھوڑے	घोड़े	ghode	ghoṛe
خصوصیت	ख़ुसूसियत	khusoosiyat	ḳhusūsiyat
رضوی	रज़्वी	razwi	razvī
پانچویں	पाँचवें	paanchwein	pāñchveñ
صوبوں	सूबों	soobon	sūboñ
بحیثیت	बहैसियत	ba-haisiyat	ba-haisiyat
مزاج	मिज़ाज	mizaaj	mizāj
فون	फ़ोन	phone	fon
توڑ	तोड़	tod	toṛ
جلدوں	जिल्दों	jildon	jildoñ
وے	वे	way	ve
مفید	मुफ़ीद	mufeed	mufīd
زیارت	ज़ियारत	ziyaarat	ziyārat
البلد	अल-बलद	al-balad	al-balad
معیاری	मेयारी	meyaari	me'yārī
تقریب	तक़रीब	taqreeb	taqrīb
قریشی	क़ुरैशी	quraishi	quraishī
داس	दास	daas	dās
بولنے	बोलने	bolne	bolne
بنتا	बनता	banta	bantā
پار	पार	paar	pār
سروس	सर्विस	service	sarvis
بارش	बारिश	baarish	bārish
مسلح	मुसल्लह	musallah	musallah
ہٹ	हट	hat	haṭ
ووٹ	वोट	vote	voṭ
خرچ	ख़र्च	kharch	ḳharch
خالق	ख़ालिक़	khaaliq	ḳhāliq
عبور	अबूर	aboor	abūr
سنا	सुना	suna	sunā
گھروں	घरों	gharon	gharoñ
مظاہرہ	मुज़ाहिरा	muzaahira	muzāhira
وقوع	वुक़ू	wuqoo	vuqū
پیرس	पेरिस	paris	pairis
مجمع	मजमा	majma	majma
وسائل	वसाइल	wasaail	vasāil
یونان	यूनान	yoonaan	yūnān
صلاح	सलाह	salaah	salāh
سعود	सऊद	saood	saūd
ادائیگی	अदाएगी	adaaeegi	adāīgī
حوصلہ	हौसला	hausla	hausla
خشک	ख़ुश्क	khushk	ḳhushk
تیمور	तैमूर	taimoor	taimūr
مجموعے	मजमूए	majmooe	majmū'e
گائے	गाए	gaaye	gāe
اٹلی	इटली	italy	iṭalī
لنکا	लंका	lanka	lankā
امید	उम्मीद	ummeed	ummīd
فعل	फ़ेल	fel	fe'l
دوسروں	दूसरों	doosron	dūsroñ
آمدنی	आमदनी	aamadni	āmadnī
لائبریری	लाइब्रेरी	library	lāibrerī
برداشت	बर्दाश्त	bardaasht	bardāsht
دکھایا	दिखाया	dikhaaya	dikhāyā
مر	मर	mar	mar
کالونی	कॉलोनी	colony	kālonī
احترام	एहतेराम	ehteraam	ehterām
ذوق	ज़ौक़	zauq	zauq
اخلاق	अख़लाक़	akhlaaq	aḳhlāq
اطلاع	इत्तेला	ittela	ittelā
نکلا	निकला	nikla	niklā
رحیم	रहीम	raheem	rahīm
گیس	गैस	gas	gais
بچ	बच	bach	bach
سمجھنے	समझने	samajhne	samajhne
کھیلوں	खेलों	khelon	kheloñ
سرکار	सरकार	sarkaar	sarkār
برادری	बिरादरी	biraadari	birādarī
نیم	नीम	neem	nīm
کرنسی	करंसी	currency	karansī
خطے	ख़ित्ते	khitte	ḳhitte
مشورہ	मशवरा	mashwara	mashvara
معاملے	मुआमले	muaamle	mu'āmle
ور	वर	war	var
بنانا	बनाना	banaana	banānā
کولمبیا	कोलंबिया	colombia	kolambiyā
نمونہ	नमूना	namoona	namūna
پڑ	पड़	pad	paṛ
جوش	जोश	josh	josh
مسیحیوں	मसीहियों	maseehiyon	masīhiyoñ
خارجہ	ख़ारिजा	khaarija	ḳhārija
شہزادہ	शहज़ादा	shehzaada	shahzāda
ساٹھ	साठ	saath	sāṭh
ظاہری	ज़ाहिरी	zaahiri	zāhirī
چشتی	चिश्ती	chishti	chishtī
احتجاج	एहतिजाज	ehtijaaj	ehtijāj
متبادل	मुत्बादिल	mutbaadil	mutbādil
وکیل	वकील	wakeel	vakīl
جیتا	जीता	jeeta	jītā
رجوع	रुजू	rujoo	rujū
ایسٹ	ईस्ट	east	īsṭ
جہانگیر	जहाँगीर	jahaangeer	jahāngīr
اتنے	इतने	itne	itne
پالیسی	पॉलिसी	policy	pālisī
میٹرکس	मेट्रिक्स	metriks	meṭriks
خداوند	ख़ुदावंद	khudaawand	ḳhudāvand
علمائے	उलमा-ए	ulama-e	ulamā-e
رشید	रशीद	rasheed	rashīd
قصہ	क़िस्सा	qissa	qissa
ورک	वर्क	work	vark
حلقے	हलक़े	halqe	halqe
کمار	कुमार	kumaar	kumār
استفادہ	इस्तिफ़ादा	istifaada	istifāda
عسکری	अस्करी	iskari	iskarī
الرحمٰن	अर-रहमान	ar-rehmaan	ar-rahmān
عرف	उर्फ़	urf	urf
کہلاتی	कहलाती	kehlaati	kahlātī
انتہا	इंतिहा	intiha	intihā
شاندار	शानदार	shaandaar	shāndār
بھاگ	भाग	bhaag	bhāg
دستخط	दस्तख़त	dastkhat	dastḳhat
فاصلہ	फ़ासला	faasla	fāsla
کوششوں	कोशिशों	koshishon	koshishoñ
مقبرہ	मक़बरा	maqbara	maqbara
رابطہ	राब्ता	raabta	rābta
حملوں	हमलों	hamlon	hamloñ
مذکور	मज़कूर	mazkoor	mazkūr
امجد	अमजद	amjad	amjad
سافٹ	सॉफ़्ट	soft	sāfṭ
کشتی	कश्ती	kashti	kashtī
پوسٹ	पोस्ट	post	posṭ
کیمیائی	कीमियाई	keemiyaai	kīmiyāī
سٹی	सिटी	city	siṭī
فلکیات	फ़लकीयात	falkeeyaat	falkīyāt
تعین	तअय्युन	taayyun	ta'ayyun
رسائی	रिसाई	risaai	risāī
پن	पन	pan	pan
وارث	वारिस	waaris	vāris
نصیر	नसीर	naseer	nasīr
اصلاحات	इस्लाहात	islaahaat	islāhāt
مرکب	मरकब	markab	markab
اک	इक	ik	ik
اٹک	अटक	atak	aṭak
جارجیا	जॉर्जिया	georgia	jārjiyā
مچھلی	मछली	machhli	machhlī
اراکین	अराकीन	araakeen	arākīn
صدیق	सिद्दीक़	siddeeq	siddīq
خرید	ख़रीद	khareed	ḳharīd
پارلیمان	पारलीमान	paarleemaan	pārlīmān
صالح	सालिह	saalih	sālih
مغلیہ	मुग़लिया	mughliya	muġliya
ایسوسی	एसोसी	associ	esosī
مثنوی	मसनवी	masnawi	masnavī
شمسی	शमसी	shamsi	shamsī
حفظ	हिफ़्ज़	hifz	hifz
مستعمل	मुस्तामल	mustamal	musta'mal
واقعے	वाक़िए	waaqie	vāqi'e
روپ	रूप	roop	rūp
جمہوری	जमहूरी	jamhoori	jamhūrī
لڑکے	लड़के	ladke	laṛke
وقف	वक़्फ़	waqf	vaqf
جاپانی	जापानी	jaapaani	jāpānī
ہندوؤں	हिंदुओं	hinduon	hinduoñ
تازہ	ताज़ा	taaza	tāza
بیٹھے	बैठे	baithe	baiṭhe
عظمت	अज़्मत	azmat	azmat
بھائیوں	भाइयों	bhaaiyon	bhāiyoñ
حتی	हत्ता	hatta	hattā
سارا	सारा	saara	sārā
ایجوکیشن	एजुकेशन	education	ejukeshan
دائیں	दाएँ	daayein	dāeñ
بھگ	भग	bhag	bhag
فرمان	फ़रमान	farmaan	farmān
ہیرو	हीरो	hero	hīro
چینل	चैनल	channel	chainal
نظامی	निज़ामी	nizaami	nizāmī
سخن	सुख़न	sukhan	suḳhan
فاروق	फ़ारूक़	faarooq	fārūq
باری	बारी	baari	bārī
محیط	महीत	maheet	mahīt
پھیلا	फैला	phaila	phailā
مارے	मारे	maare	māre
سرگرم	सरगर्म	sargarm	sargarm
بہرائچی	बहराइची	behraaichi	bahrāichī
مذکورہ	मज़कूरा	mazkoora	mazkūra
طارق	तारिक़	taariq	tāriq
چراغ	चराग़	charaagh	charāġ
مربوط	मरबूत	marboot	marbūt
دراز	दराज़	daraaz	darāz
نصب	नस्ब	nasb	nasb
باتوں	बातों	baaton	bātoñ
کہانیاں	कहानियाँ	kahaaniyan	kahāniyāñ
بیٹھ	बैठ	baith	baiṭh
چاروں	चारों	chaaron	chāroñ
قائل	क़ाइल	qaail	qāil
کھڑا	खड़ा	khada	khaṛā
فرار	फ़रार	faraar	farār
کھا	खा	kha	khā
خراب	ख़राब	kharaab	ḳharāb
نوح	नूह	nuh	nūh
جنکشن	जंक्शन	jankshan	jankshan
کہانیوں	कहानियों	kahaaniyon	kahāniyoñ
ستاروں	सितारों	sitaaron	sitāroñ
خلائی	ख़लाई	khalaai	ḳhalāī
گوجرانوالہ	गुजरांवाला	gujranwala	gojrānvāla
زین	ज़ैन	zain	zain
عیسیٰ	ईसा	eesa	īsā
مکتب	मकतब	maktab	maktab
ربیع	रबी	rabi	rabī
ستارے	सितारे	sitaare	sitāre
قد	क़द	qad	qad
پوجا	पूजा	pooja	pūjā
غزنوی	ग़ज़नवी	ghaznawi	ġaznavī
میڈیکل	मेडिकल	medical	meḍikal
چیزیں	चीज़ें	cheezein	chīzeñ
دلیل	दलील	daleel	dalīl
خالص	ख़ालिस	khaalis	ḳhālis
کارکن	कारकुन	kaarkun	kārkun
محسن	मोहसिन	muhsin	muhsin
آنا	आना	aana	ānā
اعتماد	एतिमाद	etimaad	e'timād
نگاہ	निगाह	nigaah	nigāh
گلوکار	गुलूकार	gulookaar	gulūkār
معاشیات	मुआशियात	muaashiyaat	mu'āshiyāt
مظفر	मुज़फ़्फ़र	muzaffar	muzaffar
گول	गोल	gol	gol
فخر	फ़ख़्र	fakhr	faḳhr
مع	मअ	ma	ma
حکمرانوں	हुक्मरानों	hukmraanon	hukmrānoñ
ارتقا	इर्तिक़ा	irtiqa	irtiqā
ہمارا	हमारा	hamaara	hamārā
العلماء	अल-उलमा	al-ulama	al-ulamā
عالمگیر	आलमगीर	aalamgeer	ālamgīr
فوجیوں	फ़ौजियों	faujiyon	faujiyoñ
خاتمے	ख़ातमे	khaatme	ḳhātme
آفتاب	आफ़ताब	aaftaab	āftāb
منفی	मुनफ़ी	munfi	munfī
مہاراجا	महाराजा	maharaja	mahārājā
کلب	क्लब	klab	klab
ادھر	इधर	idhar	idhar
جاسکتی	जा सकती	ja sakti	jā saktī
سہولت	सहूलत	sahoolat	sahūlat
کپڑے	कपड़े	kapde	kapṛe
ایجنسی	एजेंसी	agency	ejensī
حالی	हाली	haali	hālī
باشندوں	बाशिंदों	baashindon	bāshindoñ
چکر	चक्कर	chakkar	chakkar
نیبراسکا	नेबरास्का	nebraaska	nebrāskā
تجربات	तजुर्बात	tajurbaat	tajurbāt
شکر	शुक्र	shukr	shukr
قرض	क़र्ज़	qarz	qarz
حرم	हरम	haram	haram
نقاد	नक़्क़ाद	naqqaad	naqqād
پیار	प्यार	pyaar	pyār
عقیدت	अक़ीदत	aqeedat	aqīdat
فوری	फ़ौरी	fauri	faurī
تقریر	तक़रीर	taqreer	taqrīr
تباہی	तबाही	tabaahi	tabāhī
زراعت	ज़िराअत	ziraat	zira'at
تمل	तमिल	tamil	tamil
مریض	मरीज़	mareez	marīz
کلاس	क्लास	klaas	klās
مدارس	मदारिस	madaaris	madāris
ارب	अरब	arab	arab
اعتراف	एतिराफ़	etiraaf	e'tirāf
پھل	फल	phal	phal
دامن	दामन	daaman	dāman
لکڑی	लकड़ी	lakdi	lakṛī
ماسٹر	मास्टर	master	māsṭar
نمائش	नुमाइश	numaaish	numāish
جام	जाम	jaam	jām
فیروز	फ़ीरोज़	feeroz	fīroz
معنوں	मानों	manon	ma'noñ
تیری	तेरी	teri	terī
دوا	दवा	dawa	davā
کرشن	कृष्ण	krishna	krishna
جنازہ	जनाज़ा	janaaza	janāza
آرام	आराम	aaraam	ārām
صنف	सिंफ़	sinf	sinf
بول	बोल	bol	bol
فلسفی	फ़लसफ़ी	falsafi	falsafī
ہاؤس	हाउस	house	hāus
عنایت	इनायत	inaayat	ināyat
نکلنے	निकलने	nikalne	nikalne
محاصرہ	मुहासिरा	muhaasira	muhāsira
مشن	मिशन	mission	mishan
انتخابی	इंतिख़ाबी	intikhaabi	intiḳhābī
مائل	माइल	maail	māil
حامی	हामी	haami	hāmī
یہودیت	यहूदियत	yahoodiyat	yahūdiyat
گنج	गंज	ganj	ganj
ماخوذ	माख़ूज़	maakhooz	māḳhūz
نقشہ	नक़्शा	naqsha	naqsha
محروم	महरूम	mahroom	mahrūm
پاؤں	पाँव	paaon	pāoñ
افضل	अफ़्ज़ल	afzal	afzal
عجیب	अजीब	ajeeb	ajīb
حجر	हजर	hajar	hajar
ہسٹری	हिस्ट्री	history	hisṭrī
مانتے	मानते	maante	mānte
دیوبند	देवबंद	dewband	devband
اندلس	अंदलुस	andalus	andalus
گزار	गुज़ार	guzaar	guzār
حزب	हिज़्ब	hizb	hizb
سبھی	सभी	sabhi	sabhī
واقف	वाक़िफ़	waaqif	vāqif
اعلٰی	आला	aala	a'lā
اچانک	अचानक	achaanak	achānak
زیریں	ज़ीरें	zeerein	zīreñ
ءمیں	में	mein	meiñ
مواقع	मवाक़े	mawaaqi	mavāqi
مثبت	मुसबत	musbat	musbat
کارکردگی	कारकर्दगी	kaarkardagi	kārkardagi
شرط	शर्त	shart	shart
مزاحیہ	मज़ाहिया	mazaahiya	mazāhiya
مشکلات	मुश्किलात	mushkilaat	mushkilāt
پہنچی	पहुँची	pahunchi	pahuñchī
کروں	करूँ	karoon	karūñ
ڈبلیو	डब्ल्यू	w	ḍablyū
مخلوق	मख़लूक़	makhlooq	maḳhlūq
سبز	सब्ज़	sabz	sabz
کلاسیکی	कलासीकी	kalaaseeki	kalāsīkī
یہود	यहूद	yahood	yahūd
یکساں	यकसाँ	yaksan	yaksāñ
جگہوں	जगहों	jagahon	jagahoñ
خیل	ख़ैल	khail	ḳhail
کمیونسٹ	कम्युनिस्ट	kamyunist	kamyunisṭ
مرنے	मरने	marne	marne
رسائل	रसाइल	rasaail	rasāil
راوی	रावी	raawi	rāvī
امیدوار	उम्मीदवार	ummeedwaar	ummīdvār
چرچ	चर्च	church	charch
مارا	मारा	maara	mārā
مرید	मुरीद	mureed	murīd
شرعی	शरी	shari	shar'ī
مترجم	मुतर्जिम	mutarjim	mutarjim
محلہ	मोहल्ला	mohalla	mohalla
قابو	क़ाबू	qaabu	qābū
ذخیرہ	ज़ख़ीरा	zakheera	zaḳhīra
حقائق	हक़ाइक़	haqaaiq	haqāiq
احاطہ	अहाता	ahaata	ahāta
امراض	अमराज़	amraaz	amrāz
زر	जर	zar	zar
جمہوریت	जम्हूरियत	jamhooriyat	jamhūriyat
وجوہات	वुजूहात	wujoohaat	vujūhāt
بناتے	बनाते	banaate	banāte
سکونت	सकूनत	sakoonat	sakūnat
قربانی	क़ुर्बानी	qurbaani	qurbānī
خطیب	ख़तीब	khateeb	ḳhatīb
تقویم	तक़्वीम	taqweem	taqvīm
حنفی	हनफ़ी	hanafi	hanafī
پڑھی	पढ़ी	padhi	paṛhī
اسباب	असबाब	asbaab	asbāb
کمانڈر	कमांडर	commander	kamānḍar
چوتھی	चौथी	chauthi	chauthī
دیکھے	देखे	dekhe	dekhe
لگانے	लगाने	lagaane	lagāne
تشریح	तशरीह	tashreeh	tashrīh
سول	सिविल	civil	sivil
ضروریات	ज़रूरियात	zarooriyaat	zarūriyāt
جلا	जला	jala	jalā
رحم	रहम	raham	raham
امیہ	उमय्या	umayya	umayya
ناتھ	नाथ	naath	nāth
شوکت	शौकत	shaukat	shaukat
نبوی	नबवी	nabwi	nabvī
اقدامات	इक़दामात	iqdaamaat	iqdāmāt
ماخذ	माख़ज़	maakhaz	māḳhaz
بیٹوں	बेटों	beton	beṭoñ
قلب	क़ल्ब	qalb	qalb
جد	जद	jad	jad
مستند	मुस्तनद	mustanad	mustanad
کوفہ	कूफ़ा	koofa	kūfa
حلقوں	हल्क़ों	halqon	halqoñ
تجزیہ	तजज़िया	tajziya	tajziya
شو	शो	show	sho
بیرون	बैरून	bairoon	bairūn
سچ	सच	sach	sach
میکسیکو	मेक्सिको	mexico	meksīko
بسر	बसर	basar	basar
ڈان	डॉन	dawn	ḍān
عنصر	उनसुर	unsur	unsur
نہر	नहर	nahar	nahar
فاتح	फ़ातिह	faatih	fātih
لکھنا	लिखना	likhna	likhnā
توحید	तौहीद	tauheed	tauhīd
فنی	फ़न्नी	fanni	fannī
بڑھا	बढ़ा	badha	baṛhā
حامد	हामिद	haamid	hāmid
بروز	बरोज़	ba-roz	ba-roz
فنکشن	फ़ंक्शन	function	fankshan
شاہراہ	शाहराह	shaahraah	shāhrāh
میکس	मैक्स	max	maiks
ریلیز	रेलीज़	release	relīz
اصولوں	उसूलों	usoolon	usūloñ
تشیع	तशय्यो	tashayyo	tashayyo
عائشہ	आइशा	aisha	ā'isha
اطراف	अतराफ़	atraaf	atrāf
اصلی	असली	asli	aslī
دستور	दस्तूर	dastoor	dastūr
وکٹوریہ	विक्टोरिया	victoria	vikṭoriya
خطہ	ख़ित्ता	khitta	ḳhitta
مشائخ	मुशाइख़	mushaaikh	mushāiḳh
منٹ	मिनट	minute	minaṭ
نسلی	नसली	nasli	naslī
بڑھتی	बढ़ती	badhti	baṛhtī
وان	वान	waan	vān
گہرا	गहरा	gehra	gahrā
طاقتور	ताक़तवर	taaqatwar	tāqatvar
احسان	एहसान	ehsaan	ehsān
سود	सूद	sood	sūd
صنعتی	सनती	sanati	san'atī
ڈاٹ	डॉट	dot	ḍāṭ
خاندانی	ख़ानदानी	khaandaani	ḳhāndānī
عمدہ	उम्दा	umda	umda
اسلم	असलम	aslam	aslam
صدارتی	सदारती	sadaarati	sadāratī
ہیئت	हैयत	haiat	hai'at
پرواز	परवाज़	parwaaz	parvāz
بیک	बैक	back	baik
حمد	हम्द	hamd	hamd
رہنمائی	रहनुमाई	rehnumaai	rahnumāī
رانی	रानी	raani	rānī
ناقابل	नाक़ाबिल	naaqaabil	nāqābil
بمبئی	बंबई	bombay	bambaī
جغرافیائی	जुग़राफ़ियाई	jughraafiyaai	juġrāfiyāī
علوی	अलवी	alwi	alvī
ازیں	अज़ीं	azin	azīñ
جدا	जुदा	juda	judā
اردن	उर्दुन	urdun	urdun
صدارت	सदारत	sadaarat	sadārat
رجحان	रुझान	rujhaan	rujhān
ماہی	माही	maahi	māhī
کبیر	कबीर	kabeer	kabīr
جہلم	झेलम	jhelum	jhelam
وعدہ	वादा	wada	va'da
طریقوں	तरीक़ों	tareeqon	tarīqoñ
اوائل	अवाइल	awaail	avāil
صحابی	सहाबी	sahaabi	sahābī
متعین	मुतअय्यन	mutaayyan	muta'ayyan
سیکرٹری	सेक्रेटरी	secretary	sekreṭrī
ایڈیٹر	एडिटर	editor	eḍiṭar
ممکنہ	मुमकिना	mumkina	mumkina
الجزائر	अल-जज़ाइर	al-jazaair	al-jazāir
خراسان	ख़ुरासान	khuraasaan	ḳhurāsān
سان	सान	saan	sān
سراج	सिराज	siraaj	sirāj
تکلیف	तकलीफ़	takleef	taklīf
مصطفی	मुस्तफ़ा	mustafa	mustafā
ہاشم	हाशिम	haashim	hāshim
گراف	ग्राफ़	graph	grāf
گزشتہ	गुज़श्ता	guzashta	guzashta
الناس	अन-नास	an-naas	an-nās
ہوچکی	हो चुकी	ho chuki	ho chukī
گنا	गुना	guna	gunā
شیطان	शैतान	shaitaan	shaitān
افتخار	इफ़्तिख़ार	iftikhaar	iftiḳhār
تحریروں	तहरीरों	tehreeron	tahrīroñ
سرد	सर्द	sard	sard
بازو	बाज़ू	baazu	bāzū
فضائی	फ़ज़ाई	fazaai	fazāī
لمبائی	लंबाई	lambaai	lambāī
پڑھتے	पढ़ते	padhte	paṛhte
جوان	जवान	jawaan	javān
علیہم	अलैहिम	alaihim	alaihim
برسوں	बरसों	barson	barsoñ
اترپردیش	उत्तर प्रदेश	uttar pradesh	uttar pradesh
باقر	बाक़िर	baaqir	bāqir
افسانوں	अफ़सानों	afsaanon	afsānoñ
گہری	गहरी	gehri	gahrī
کنیت	कुन्नियत	kunniyat	kunniyat
بائی	बाई	baai	bāī
سلمان	सलमान	salmaan	salmān
نقش	नक़्श	naqsh	naqsh
انڈونیشیا	इंडोनेशिया	indonesia	inḍoneshiyā
نفاذ	नफ़ाज़	nafaaz	nafāz
پورٹ	पोर्ट	port	porṭ
نظیر	नज़ीर	nazeer	nazīr
اختلافات	इख़्तिलाफ़ात	ikhtilaafaat	iḳhtilāfāt
نژاد	निज़ाद	nizaad	nizād
لارا	लारा	laara	lārā
لازم	लाज़िम	laazim	lāzim
دلائل	दलाइल	dalaail	dalāil
جنگوں	जंगों	jangon	jangoñ
لیتی	लेती	leti	letī
رہنا	रहना	rehna	rahnā
کپ	कप	cup	kap
کشمیری	कश्मीरी	kashmeeri	kashmīrī
قلمی	क़लमी	qalmi	qalmī
سسٹم	सिस्टम	system	sisṭam
تراجم	तराजिम	taraajim	tarājim
کاروباری	कारोबारी	kaarobaari	kārobārī
ڈویژن	डिवीज़न	division	ḍivīzhan
دوستی	दोस्ती	dosti	dostī
جاں	जाँ	jaan	jāñ
یروشلم	यरुशलम	yarushalam	yarushalam
خانقاہ	ख़ानक़ाह	khaanqaah	ḳhānqāh
زیب	ज़ेब	zeb	zeb
بندرگاہ	बंदरगाह	bandargaah	bandargāh
فرقے	फ़िरक़े	firqe	firqe
رسمی	रस्मी	rasmi	rasmī
اطالوی	इतालवी	itaalwi	itālvī
ویڈیو	वीडियो	video	vīḍiyo
لکھیں	लिखें	likhein	likheñ
ماننے	मानने	maanne	mānne
حارث	हारिस	haaris	hāris
مصنفین	मुसन्निफ़ीन	musannifeen	musannifīn
صلاحیتوں	सलाहियतों	salaahiyaton	salāhiyatoñ
الدولہ	अद-दौला	ad-daula	ad-daula
حکمرانی	हुक्मरानी	hukmraani	hukmrānī
قطر	क़तर	qatar	qatar
منہاج	मिन्हाज	minhaaj	minhāj
ڈیٹا	डेटा	data	ḍeṭā
سینکڑوں	सैंकड़ों	sainkdon	sainkṛoñ
صفر	सिफ़र	sifar	sifar
الٰہی	इलाही	ilaahi	ilāhī
گنبد	गुंबद	gumbad	gumbad
نظمیں	नज़्में	nazmein	nazmeñ
کابینہ	काबीना	kaabeena	kābīna
قواعد	क़वायद	qawaaid	qavā'id
انکا	उनका	unka	unkā
جملہ	जुमला	jumla	jumla
فقیہ	फ़क़ीह	faqeeh	faqīh
اکادمی	अकादमी	akaadmi	akādmī
انسانیت	इनसानियत	insaaniyat	insāniyat
ثم	सुम्मा	summa	summa
تہران	तेहरान	tehran	tahrān
ومن	वमन	waman	vaman
گزرے	गुज़रे	guzre	guzre
گرامی	गिरामी	giraami	girāmī
مسند	मसनद	masnad	masnad
ورنہ	वरना	warna	varna
اصطلاحات	इस्तिलाहात	istilaahaat	istilāhāt
ائیر	एयर	air	eyar
للہ	लिल्लाहि	lillaahi	lillāhi
عمری	उम्री	umri	umrī
عقیل	अक़ील	aqeel	aqīl
افکار	अफ़कार	afkaar	afkār
آرمی	आर्मी	army	ārmī
عجائب	अजाइब	ajaaib	ajāib
نیل	नील	neel	nīl
پیٹ	पेट	pet	peṭ
لاطینی	लातीनी	laateeni	lātīnī
جوہری	जौहरी	jauhari	jauharī
کپور	कपूर	kapoor	kapūr
فعال	फ़आल	faal	fa'āl
سپاہی	सिपाही	sipaahi	sipāhī
چودھری	चौधरी	chaudhri	chaudhrī
ایڈیشن	एडिशन	edition	eḍishan
جہان	जहान	jahaan	jahān
نذر	नज़्र	nazr	nazr
جذبہ	जज़्बा	jazba	jazba
کمرے	कमरे	kamre	kamre
جعفری	जाफ़री	jaafri	jāfrī
نذیر	नज़ीर	nazeer	nazīr
ساتویں	सातवें	saatwein	sātveñ
فاؤنڈیشن	फ़ाउंडेशन	foundation	fāunḍeshan
حکام	हुक्काम	hukkaam	hukkām
ہفتہ	हफ़्ता	hafta	hafta
بلیک	ब्लैक	black	blaik
فیلڈ	फ़ील्ड	field	fīlḍ
ویئر	वेयर	ware	veyar
روکنے	रोकने	rokne	rokne
فوجوں	फ़ौजों	faujon	faujoñ
صد	सद	sad	sad
یحییٰ	यहया	yehya	yahyā
ویسٹ	वेस्ट	west	vesṭ
گری	गरी	gari	garī
پرانا	पुराना	purana	purānā
خطبہ	ख़ुत्बा	khutba	ḳhutba
سزائے	सज़ा-ए	saza-e	sazā-e
سیدنا	सय्यिदना	sayyiduna	sayyidunā
آئینی	आईनी	aaeeni	āīnī
راز	राज़	raaz	rāz
پایہ	पाया	paaya	pāya
محرم	मुहर्रम	muharram	muharram
اکائی	इकाई	ikaai	ikāī
بنتی	बनती	banti	bantī
ٹینیسی	टेनेसी	tennessee	ṭenesī
جیمز	जेम्स	james	jemz
نغمہ	नग़्मा	naghma	naġma
ضد	ज़िद	zid	zid
سیالکوٹ	सियालकोट	sialkot	siyālkoṭ
استحصال	इस्तिहसाल	istihsaal	istihsāl
موسیقار	मूसीक़ार	mooseeqaar	mūsīqār
آرکنساس	आर्कंसास	arkansas	ārkansās
تنقیدی	तंक़ीदी	tanqeedi	tanqīdī
الیکشن	इलेक्शन	election	ilekshan
الشیخ	अश-शैख़	ash-shaikh	ash-shaiḳh
عرفان	इरफ़ान	irfaan	irfān
الارض	अल-अर्ज़	al-arz	al-arz
موسوم	मौसूम	mausoom	mausūm
آخرت	आख़िरत	aakhirat	āḳhirat
سازش	साज़िश	saazish	sāzish
ہمہ	हमा	hama	hama
علامات	अलामात	alaamaat	alāmāt
نفسیاتی	नफ़्सियाती	nafsiyaati	nafsiyātī
پلانک	प्लानक	plaanak	plānak
امرا	उमरा	umra	umrā
سیاحت	सियाहत	siyaahat	siyāhat
جنگل	जंगल	jangal	jangal
خلق	ख़लक़	khalq	ḳhalq
داد	दाद	daad	dād
مکی	मक्की	makki	makkī
توسیع	तौसी	tausee	tausī
سعادت	सआदत	saadat	sa'ādat
جاندار	जानदार	jaandaar	jāndār
ٹوٹ	टूट	toot	ṭūṭ
نقوی	नक़वी	naqwi	naqvī
دورے	दौरे	daure	daure
اسٹیڈیم	स्टेडियम	stadium	sṭeḍiyam
فلسفے	फ़लसफ़े	falsafe	falsafe
سیارے	सैयारे	sayyaare	sayyāre
قبائلی	क़बाइली	qabaaili	qabāilī
مہمان	मेहमान	mehmaan	mehmān
وسعت	वुसत	wusat	vus'at
تنظیموں	तंज़ीमों	tanzeemon	tanzīmoñ
فطری	फ़ितरी	fitri	fitrī
لاکھوں	लाखों	laakhon	lākhoñ
زکریا	ज़करिय्या	zakariya	zakariyyā
اعظمی	आज़मी	azami	a'zamī
دیکھی	देखी	dekhi	dekhī
احسن	अहसन	ahsan	ahsan
قادر	क़ादिर	qaadir	qādir
زرعی	ज़री	zari	zar'ī
نصاب	निसाब	nisaab	nisāb
آئندہ	आइंदा	aainda	āinda
بیسویں	बीसवीं	beeswin	bīsvīñ
نکلے	निकले	nikle	nikle
کلمہ	कलमा	kalma	kalma
کہے	कहे	kahe	kahe
سفیر	सफ़ीर	safeer	safīr
جمعیت	जमीअत	jamiyat	jam'iyat
مرشد	मुरशिद	murshid	murshid
غلطی	ग़लती	ghalti	ġaltī
القادر	अल-क़ादिर	al-qaadir	al-qādir
انا	इनना	inna	innā
اورنگ	औरंग	aurang	aurang
الرشید	अर-रशीद	ar-rasheed	ar-rashīd
بابل	बाबुल	baabul	bābul
زہرہ	ज़ोहरा	zohra	zohra
جابر	जाबिर	jaabir	jābir
اولیاء	औलिया	auliyaa	auliyā
یقینا	यक़ीनन	yaqeenan	yaqīnan
پارلیمنٹ	पार्लियामेंट	parliament	pārlimenṭ
علیحدگی	अलाहिदगी	alaahidagi	alāhidagī
الثانی	अस-सानी	as-saani	as-sānī
پڑھیں	पढ़ें	padhein	paṛheñ
نمونے	नमूने	namoone	namūne
سادات	सादात	saadaat	sādāt
طبقے	तबक़े	tabqe	tabqe
انبیا	अंबिया	ambiya	ambiyā
گوتم	गौतम	gautam	gautam
خاصی	ख़ासी	khaasi	ḳhāsī
آگاہ	आगाह	aagaah	āgāh
ری	री	ri	rī
زبیر	ज़ुबैर	zubair	zubair
ذرا	ज़रा	zara	zarā
لگائے	लगाए	lagaaye	lagāe
انتظامیہ	इंतिज़ामिया	intizaamiya	intizāmiya
گرام	ग्राम	gram	grām
قل	क़ल	qal	qal
شرائط	शराइत	sharaait	sharāit
اجتماعی	इज्तिमाई	ijtimaai	ijtimāī
صفات	सिफ़ात	sifaat	sifāt
مان	मान	maan	mān
حالیہ	हालिया	haaliya	hāliya
عربوں	अरबों	arabon	araboñ
داروں	दारों	daaron	dāroñ
افریقی	अफ़्रीक़ी	afreeqi	afrīqī
نظریے	नज़रिये	nazariye	nazariye
حیرت	हैरत	hairat	hairat
نکالا	निकाला	nikaala	nikālā
انیسویں	उन्नीसवें	unneeswein	unnīsveñ
علاء	अला	ala	alā
خسرو	ख़ुसरो	khusro	ḳhusro
مزاحمت	मुज़ाहमत	muzaahamat	muzāhamat
ریسرچ	रिसर्च	research	risarch
گردش	गर्दिश	gardish	gardish
ہل	हल	hal	hal
چلانے	चलाने	chalaane	chalāne
پبلک	पब्लिक	public	pablik
کرنل	कर्नल	karnal	karnal
تقی	तक़ी	taqi	taqī
درمیانی	दरमियानी	darmiyaani	darmiyānī
مارکیٹ	मार्केट	market	mārkeṭ
بیش	बेश	besh	besh
نفسیات	नफ़्सियात	nafsiyaat	nafsiyāt
امان	अमान	amaan	amān
شیو	शिव	shiv	shiv
یقینی	यक़ीनी	yaqeeni	yaqīnī
پیروی	पैरवी	pairawi	pairavī
ملازم	मुलाज़िम	mulaazim	mulāzim
دھرم	धर्म	dharm	dharm
فضائیہ	फ़िज़ाइया	fizaaiya	fizāiya
جرائم	जराइम	jaraaim	jarāim
ہفتے	हफ़्ते	hafte	hafte
تلوار	तलवार	talwaar	talvār
نصیب	नसीब	naseeb	nasīb
الاول	अल-अव्वल	al-awwal	al-avval
جائداد	जायदाद	jaaidaad	jāidād
جھوٹ	झूठ	jhoot	jhūṭ
بریلوی	बरेलवी	barelwi	barelvī
متحرک	मुत्तहरिक	muttaharik	muttaharik
سنائی	सुनाई	sunaai	sunāī
جزیرے	जज़ीरे	jazeere	jazīre
رہنماؤں	रहनुमाओं	rehnumaaon	rahnumāoñ
اطلاعات	इत्तिलाआत	ittilaat	ittilā'āt
پھیلی	फैली	phaili	phailī
دلچسپ	दिलचस्प	dilchasp	dilchasp
آذربائیجان	आज़रबाइजान	azerbaijan	āzarbāījān
انٹر	इंटर	inter	inṭar
ٹھیک	ठीक	theek	ṭhīk
متغیر	मुतग़य्यिर	mutaghayyir	mutaġayyir
نوری	नूरी	noori	nūrī
سفیان	सुफ़यान	sufyaan	sufyān
نوجوانوں	नौजवानों	naujawaanon	naujavānoñ
کالا	काला	kaala	kālā
سفارت	सिफ़ारत	sifaarat	sifārat
سرسید	सर सय्यद	sir syed	sar sayyid
چوہدری	चौधरी	chaudhry	chaudhrī
لمبی	लंबी	lambi	lambī
کرنی	करनी	karni	karnī
سین	सेन	sen	sen
تھائی	थाई	thaai	thāī
الیاس	इलियास	ilyas	ilyās
خطرناک	ख़तरनाक	khatarnaak	ḳhatarnāk
امکان	इमकान	imkaan	imkān
الخط	अल-ख़त	al-khat	al-ḳhat
وضع	वज़ा	waza	vazā
فتوحات	फ़तूहात	fatoohaat	fatūhāt
ستارہ	सितारा	sitaara	sitāra
شجرہ	शजरा	shajra	shajra
صاحبزادے	साहिबज़ादे	saahibzaade	sāhibzāde
اسلامک	इस्लामिक	islaamik	islāmik
سبھا	सभा	sabha	sabhā
ضبط	ज़ब्त	zabt	zabt
کعبہ	काबा	kaaba	ka'ba
آگیا	आ गया	aa gaya	ā gayā
مدنی	मदनी	madni	madnī
محققین	मुहक़्क़ीन	muhaqqeen	muhaqqīn
تاجر	ताजिर	taajir	tājir
موبائل	मोबाइल	mobile	mobāyl
سپہ	सिपह	sipah	sipah
گروہوں	गिरोहों	girohon	girohoñ
وصال	विसाल	wisaal	visāl
مراکش	मराकिश	maraakish	marākish
نفرت	नफ़रत	nafrat	nafrat
ادوار	अदवार	adwaar	advār
مراحل	मराहिल	maraahil	marāhil
ہری	हरी	hari	harī
سربراہی	सरबराही	sarbaraahi	sarbarāhī
صارفین	सारिफ़ीन	saarifeen	sārifīn
آرٹ	आर्ट	art	ārṭ
ارد	इर्द	ird	ird
پڑھائی	पढ़ाई	padhaai	paṛhāī
سہ	सह	seh	seh
سمجھی	समझी	samjhi	samjhī
انگیز	अंगेज़	angez	angez
سلاطین	सलातीन	salaateen	salātīn
گلگت	गिलगित	gilgit	gilgit
بشمول	बशमूल	ba-shumool	ba-shumūl
رشتے	रिश्ते	rishte	rishte
کاغذ	काग़ज़	kaaghaz	kāġaz
زلزلے	ज़लज़ले	zalzale	zalzale
اواخر	अवाख़िर	awaakhir	avāḳhir
مزاح	मज़ाह	mazaah	mazāh
النبی	अन-नबी	an-nabi	an-nabī
عبارت	इबारत	ibaarat	ibārat
فارم	फ़ॉर्म	form	fārm
تئیس	तईस	taees	taīs
اٹھ	उठ	uth	uṭh
کفار	कुफ़्फ़ार	kuffaar	kuffār
نمائندہ	नुमाइंदा	numaainda	numāinda
ریاستیں	रियासतें	riyaasatein	riyāsateñ
اوکلاہوما	ओकलाहूमा	oklaahooma	oklāhūmā
لکم	लुकम	lukam	lukam
گہرائی	गहराई	gehraai	gahrāī
چوک	चौक	chauk	chauk
چوٹی	चोटी	choti	choṭī
مومن	मोमिन	momin	momin
بچانے	बचाने	bachaane	bachāne
گیند	गेंद	gend	gend
فہم	फ़हम	fehm	fahm
یونس	यूनुस	yoonus	yūnus
میگزین	मैगज़ीन	magazine	maigzīn
خراج	ख़राज	kharaaj	ḳharāj
تنازع	तनाज़ा	tanaaza	tanāza
رویہ	रवैया	rawaiya	ravaiya
انفرادی	इंफ़िरादी	infiraadi	infirādī
ہدایات	हिदायात	hidaayaat	hidāyāt
چہرے	चेहरे	chehre	chehre
رئیس	रईस	rayees	rayīs
کیمیا	कीमिया	keemiya	kīmiyā
رجب	रजब	rajab	rajab
ہال	हाल	haal	hāl
چیئرمین	चेयरमैन	chairman	cheyarmain
راجپوت	राजपूत	raajpoot	rājpūt
کھول	खोल	khol	khol
آبشار	आबशार	aabshaar	ābshār
برکت	बरकत	barkat	barkat
بحال	बहाल	bahaal	bahāl
حجاز	हिजाज़	hijaaz	hijāz
جانتا	जानता	jaanta	jāntā
لمبے	लंबे	lambe	lambe
کرداروں	किरदारों	kirdaaron	kirdāroñ
عکس	अक्स	aks	aks
ہیومین	ह्यूमन	human	hyūman
منشی	मुंशी	munshi	munshī
مدار	मदार	madaar	madār
پینے	पीने	peene	pīne
بیٹھا	बैठा	baitha	baiṭhā
گہرے	गहरे	gehre	gahre
رسالت	रिसालत	risaalat	risālat
ہیمر	हैमर	haimar	haimar
بیل	बैल	bail	bail
شہریوں	शहरियों	shahariyon	shahariyoñ
جج	जज	judge	jaj
کور	कोर	kor	kor
کرانے	कराने	karaane	karāne
مقصود	मक़्सूद	maqsood	maqsūd
تمہاری	तुम्हारी	tumhaari	tumhārī
گھریلو	घरेलू	gharelu	gharelū
سمندری	समुंदरी	samundri	samundrī
مفت	मुफ़्त	muft	muft
شاہکار	शाहकार	shaahkaar	shāhkār
آگرہ	आगरा	aagra	āgra
فیس	फ़ीस	fees	fīs
خزانہ	ख़ज़ाना	khazaana	ḳhazāna
روزانہ	रोज़ाना	rozaana	rozāna
خاموش	ख़ामोश	khaamosh	ḳhāmosh
ساڑھے	साढ़े	saadhe	sāṛhe
استنبول	इस्तांबुल	istanbul	istāmbul
آسٹریا	ऑस्ट्रिया	austria	āsṭriyā
گزرا	गुज़रा	guzra	guzrā
پسندی	पसंदी	pasandi	pasandī
قابض	क़ाबिज़	qaabiz	qābiz
دانش	दानिश	daanish	dānish
فاروقی	फ़ारूक़ी	faarooqi	fārūqī
لڑی	लड़ी	ladi	laṛī
ابلاغ	इब्लाग़	iblaagh	iblāġ
لیڈر	लीडर	leader	līḍar
نصر	नस्र	nasr	nasr
ہمایوں	हुमायूँ	humaayoon	humāyūñ
وقار	वक़ार	waqaar	vaqār
میجر	मेजर	major	mejar
الذی	अल्ज़ी	alzi	alzī
راشد	राशिद	raashid	rāshid
مادے	मादे	maade	māde
آفس	ऑफ़िस	office	āfis
شاگردوں	शागिर्दों	shaagirdon	shāgirdoñ
پہنچایا	पहुँचाया	pahunchaaya	pahuñchāyā
سرگودھا	सरगोधा	sargodha	sargodhā
رکھیں	रखें	rakhein	rakheñ
وصیت	वसियत	wasiyat	vasiyat
پابند	पाबंद	paaband	pāband
بابر	बाबर	baabar	bābar
اطاعت	इताअत	itaat	itā'at
کشش	कशिश	kashish	kashish
ہرالڈ	हराल्ड	haraald	harālḍ
اسٹورم	स्टॉर्म	storm	sṭārm
گیر	गीर	geer	gīr
بادشاہوں	बादशाहों	baadshaahon	bādshāhoñ
پشتون	पश्तून	pashtoon	pashtūn
بادشاہت	बादशाहत	baadshaahat	bādshāhat
معانی	मआनी	maani	ma'ānī
احد	अहद	ahad	ahad
جاسکے	जा सके	ja sake	jā sake
دسویں	दसवीं	daswin	dasvīñ
یئنا	येना	yena	yenā
بنتے	बनते	bante	bante
ہستی	हस्ती	hasti	hastī
حکومتوں	हुकूमतों	hukoomaton	hukūmatoñ
چارلس	चार्ल्स	charles	chārlas
فورکل	फ़ोर्कुल	forkul	forkul
ہاسپلمتھ	हास्पिलिमिथ	haasplimith	hāsplimith
خلفاء	ख़ुलफ़ा	khulfaa	ḳhulfā
روزگار	रोज़गार	rozgaar	rozgār
کیمیاء	कीमिया	keemiyaa	kīmiyā
مثل	मसल	masal	masal
سرپرستی	सरपरस्ती	sarparasti	sarparastī
مسافر	मुसाफ़िर	musaafir	musāfir
کلارک	क्लार्क	clark	klārk
بصری	बसरी	basari	basarī
مرحلے	मरहले	marhale	marhale
مؤرخ	मुअर्रिख़	muarrikh	mu'arriḳh
امامت	इमामत	imaamat	imāmat
سپریم	सुप्रीम	supreme	suprīm
دخل	दख़ल	dakhal	daḳhal
ناروے	नार्वे	norway	nārve
مائع	माए	maae	mā'e
کاروں	कारों	kaaron	kāroñ
انعقاد	इनाक़ाद	iniqaad	in'iqād
گوہر	गौहर	gauhar	gauhar
تناسب	तनासुब	tanaasub	tanāsub
مرضی	मरज़ी	marzi	marzī
چلتی	चलती	chalti	chaltī
داغ	दाग़	daagh	dāġ
دعوی	दावा	dawa	da'vā
مجاہد	मुजाहिद	mujaahid	mujāhid
بچا	बचा	bacha	bachā
خاندانوں	ख़ानदानों	khaandaanon	ḳhāndānoñ
اسرار	असरार	asraar	asrār
پلیٹ	प्लेट	plate	plaiṭ
فکری	फ़िक्री	fikri	fikrī
اجداد	अजदाद	ajdaad	ajdād
کوششیں	कोशिशें	koshishein	koshisheñ
بولتے	बोलते	bolte	bolte
سننے	सुनने	sunne	sunne
عورتیں	औरतें	auratein	aurateñ
خاکہ	ख़ाका	khaaka	ḳhāka
پڑھے	पढ़े	padhe	paṛhe
فرعون	फ़िरऔन	firaun	fir'aun
گیلانی	गीलानी	geelaani	gīlānī
بالائی	बालाई	baalaai	bālāī
سرطان	सर्तान	sartaan	sartān
نعمت	नेमत	nimat	ni'mat
کاٹ	काट	kaat	kāṭ
رے	रे	re	re
بارگاہ	बारगाह	baargaah	bārgāh
شعبوں	शोबों	shobon	shoboñ
آنکھیں	आँखें	aankhein	āñkheñ
ہوٹل	होटल	hotel	hoṭal
روپیہ	रुपया	rupya	rupya
بتاتے	बताते	bataate	batāte
بناتا	बनाता	banaata	banātā
حمزہ	हमज़ा	hamza	hamza
برٹش	ब्रिटिश	british	briṭish
پکڑ	पकड़	pakad	pakaṛ
آٹھویں	आठवें	aathwein	āṭhveñ
متنازع	मुतनाज़ा	mutanaaza	mutanāza
مستحکم	मुसतहकम	mustehkam	mustahkam
المعارف	अल-मआरिफ़	al-maarif	al-ma'ārif
پھانسی	फाँसी	phaansi	phāñsī
مہاراشٹر	महाराष्ट्र	maharashtra	mahārāshṭar
طبیب	तबीब	tabeeb	tabīb
لیکر	ले कर	le kar	le kar
افزائی	अफ़्ज़ाई	afzaai	afzāī
وید	वेद	wed	ved
پروڈیوسر	प्रोड्यूसर	producer	proḍyūsar
فقہی	फ़िक़्ही	fiqhi	fiqhī
انگلینڈ	इंग्लैंड	england	inglainḍ
لطیف	लतीफ़	lateef	latīf
اقدار	इक़दार	iqdaar	iqdār
زئی	ज़ई	zai	zaī
باطنی	बातनी	baatni	bātnī
لہم	लहम	laham	laham
لسانی	लिसानी	lisaani	lisānī
ہاشمی	हाश्मी	haashmi	hāshmī
سمجھے	समझे	samjhe	samjhe
سوائے	सवाए	sawaaye	savāe
مری	मरी	mari	marī
رانا	राना	raana	rānā
اصغر	असग़र	asghar	asġar
میٹرک	मेट्रिक	metrik	meṭrik
ہوچکے	हो चुके	ho chuke	ho chuke
پشت	पुश्त	pusht	pusht
زاد	ज़ाद	zaad	zād
تیلگو	तेलुगु	telugu	telugu
قمر	क़मर	qamar	qamar
مجاہدین	मुजाहिदीन	mujaahideen	mujāhidīn
منڈی	मंडी	mandi	manḍī
گنجائش	गुंजाइश	gunjaaish	gunjāish
الطاف	इल्ताफ़	iltaaf	iltāf
جل	जल	jal	jal
سپین	स्पेन	spain	spen
آس	आस	aas	ās
معتبر	मोतबर	motabar	mo'tabar
احوال	अहवाल	ahwaal	ahvāl
جادو	जादू	jaadu	jādū
انٹرویو	इंटरव्यू	interview	inṭarvyū
ایٹم	एटम	atom	eṭam
مزدور	मज़दूर	mazdoor	mazdūr
کفر	कुफ़्र	kufr	kufr
اخراجات	अख़राजात	akhraajaat	aḳhrājāt
راس	रास	raas	rās
مسٹر	मिस्टर	mister	misṭar
پڑتی	पड़ती	padti	paṛtī
زمینی	ज़मीनी	zameeni	zamīnī
دشمنوں	दुश्मनों	dushmanon	dushmanoñ
لاش	लाश	laash	lāsh
اقدام	इक़दाम	iqdaam	iqdām
عیسی	ईसा	eesa	īsā
غائب	ग़ायब	ghaayab	ġāyab
مسیسپی	मिसिसिपी	mississippi	misisipī
دوستوں	दोस्तों	doston	dostoñ
کارنامہ	कारनामा	kaarnaama	kārnāma
تفصیلی	तफ़्सीली	tafseeli	tafsīlī
قرارداد	क़रारदाद	qaraardaad	qarārdād
کانگ	कांग	kaang	kāng
چھٹی	छठी	chhati	chhaṭī
وارڈ	वार्ड	waard	vārḍ
نزول	नुज़ूल	nuzool	nuzūl
جگر	जिगर	jigar	jigar
زرداری	ज़रदारी	zardaari	zardārī
ماتحت	मातहत	maatahat	mātahat
حجاج	हज्जाज	hajjaaj	hajjāj
ولید	वलीद	waleed	valīd
تیر	तीर	teer	tīr
جنگلی	जंगली	jangli	janglī
نسبتا	निस्बतन	nisbatan	nisbatan
انتظار	इंतिज़ार	intizaar	intizār
چلتے	चलते	chalte	chalte
موقف	मौक़िफ़	mauqif	mauqif
قیس	क़ैस	qais	qais
باشندے	बाशिंदे	baashinde	bāshinde
گلی	गली	gali	galī
تائید	ताईद	taaeed	tāīd
چھتیس	छत्तीस	chhattees	chhattīs
افسران	अफ़सरान	afsaraan	afsarān
زہر	ज़हर	zahar	zahar
چہارم	चहारुम	chahaarum	chahārum
تھیٹر	थिएटर	theatre	thieṭar
البم	अल्बम	albam	albam
ہسپانوی	हिस्पानवी	hispaanwi	hispānvī
مطالعے	मुतालए	mutaalae	mutāla'e
پیروکار	पैरोकार	pairokaar	pairokār
شماری	शुमारी	shumaari	shumārī
مانند	मानंद	maanand	mānand
مد	मद	mad	mad
ربانی	रब्बानी	rabbaani	rabbānī
گولی	गोली	goli	golī
طبیعت	तबीअत	tabiyat	tabī'at
رحمہ	रहिमहु	rahimahu	rahimahu
نوے	नव्वे	nawwe	navve
کلی	कली	kali	kalī
رسالے	रिसाले	risaale	risāle
مراکز	मराकिज़	maraakiz	marākiz
زمان	ज़मान	zamaan	zamān
کویت	कुवैत	kuwait	kuvait
بلے	बल्ले	balle	balle
گبول	गबूल	gabool	gabūl
ارض	अर्ज़	arz	arz
بمقام	बमुक़ाम	ba-muqaam	ba-muqām
نمک	नमक	namak	namak
ترجمان	तर्जुमान	tarjumaan	tarjumān
بلتستان	बल्तिस्तान	baltistaan	baltistān
کارڈ	कार्ड	card	kārḍ
منی	मनी	mani	manī
نوع	नौ	nau	nau
ائمہ	अइम्मा	aimma	a'imma
سیکریٹری	सेक्रेटरी	secretary	sekreṭrī
بجے	बजे	baje	baje
ڈیم	डैम	dam	ḍaim
بھوپال	भोपाल	bhopaal	bhopāl
بکثرت	बकसरत	ba-kasrat	ba-kasrat
بزرگوں	बुज़ुर्गों	buzurgon	buzurgoñ
ایٹمی	एटमी	etmi	eṭmī
ترجیح	तरजीह	tarjeeh	tarjīh
غوری	ग़ोरी	ghori	ġorī
تیرا	तेरा	tera	terā
ہوچکا	हो चुका	ho chuka	ho chukā
چوتھے	चौथे	chauthe	chauthe
قبرص	क़िब्रिस	qibris	qibris
محفل	महफ़िल	mehfil	mahfil
منیر	मुनीर	muneer	munīr
مذمت	मज़म्मत	mazammat	mazammat
افعال	अफ़ाल	afaal	af'āl
گنگا	गंगा	ganga	gangā
نمودار	नमोदार	namodaar	namodār
تعبیر	ताबीर	tabeer	ta'bīr
لیاقت	लियाक़त	liyaaqat	liyāqat
منقسم	मुंक़सिम	munqasim	munqasim
قسطنطنیہ	क़ुस्तुंतुनिया	qustuntuniya	qustuntuniya
مرثیہ	मरसिया	marsiya	marsiya
قیمتی	क़ीमती	qeemati	qīmatī
فقہا	फ़ुक़हा	fuqaha	fuqahā
بریلی	बरेली	bareli	barelī
معرکہ	मार्का	marka	ma'rka
جہازوں	जहाज़ों	jahaazon	jahāzoñ
اجزاء	अज्ज़ा	ajzaa	ajzā
گزرنے	गुज़रने	guzarne	guzarne
مورخین	मुअर्रिख़ीन	muarrikheen	mu'arriḳhīn
ون	वन	one	van
ترکوں	तुर्कों	turkon	turkoñ
جیو	जियो	jiyo	jiyo
لم	लम	lam	lam
ہوگئیں	हो गईं	ho gain	ho gaīñ
جواہر	जवाहर	jawaahar	javāhar
عابد	आबिद	aabid	ābid
معاشرہ	मुआशरा	muaashra	mu'āshra
جاؤ	जाओ	jao	jāo
ستون	सतून	sutoon	sutūn
خودی	ख़ुदी	khudi	ḳhudī
وائرس	वायरस	virus	vāiras
رس	रस	ras	ras
تعمیرات	तामीरात	taameeraat	tāmīrāt
سپر	सुपर	super	supar
خوبی	ख़ूबी	khoobi	ḳhūbī
فانی	फ़ानी	faani	fānī
لڑکا	लड़का	ladka	laṛkā
مادی	मादी	maadi	mādī
برتن	बरतन	bartan	bartan
وحید	वहीद	waheed	vahīd
الکریم	अल-करीम	al-kareem	al-karīm
کھو	खो	kho	kho
تمغا	तमग़ा	tamgha	tamġā
ندیم	नदीम	nadeem	nadīm
محی	मुही	muhi	muhī
لڑکیوں	लड़कियों	ladkiyon	laṛkiyoñ
اڈے	अड्डे	adde	aḍḍe
بہاؤ	बहाव	bahaav	bahāv
ہار	हार	haar	hār
ہفت	हफ़्त	haft	haft
ذو	ज़ू	zu	zū
طریقت	तरीक़त	tareeqat	tarīqat
منظوری	मंज़ूरी	manzoori	manzūrī
سیلاب	सैलाब	sailaab	sailāb
حجم	हज्म	hajm	hajm
واللہ	वल्लाह	wallaah	vallāh
سانحہ	सानिहा	saaniha	sāniha
مسلمہ	मुसल्लमा	musallama	musallama
مدرس	मुदर्रिस	mudarris	mudarris
لگیں	लगें	lagein	lageñ
کشف	कश्फ़	kashf	kashf
چن	चुन	chun	chun
پیمائش	पैमाइश	paimaaish	paimāish
نیوزی	न्यूज़ी	nyoozi	nyūzī
ڈپٹی	डिप्टी	deputy	ḍipṭī
تخلص	तख़ल्लुस	takhallus	taḳhallus
تفصیلات	तफ़्सीलात	tafseelaat	tafsīlāt
شاعروں	शायरों	shaairon	shā'iroñ
مشغول	मशग़ूल	mashghool	mashġūl
منصف	मुंसिफ़	munsif	munsif
عاشق	आशिक़	aashiq	āshiq
کیمبرج	कैंब्रिज	cambridge	kaimbrij
انحصار	इनहिसार	inhisaar	inhisār
لغوی	लुग़वी	lughawi	luġavī
لارڈ	लॉर्ड	lord	lārḍ
حسینی	हुसैनी	husaini	husainī
کرائی	कराई	karaai	karāī
ناکامی	नाकामी	naakaami	nākāmī
بھیجے	भेजे	bheje	bheje
کاشت	काश्त	kaasht	kāsht
ڈالنے	डालने	daalne	ḍālne
اٹھانے	उठाने	uthaane	uṭhāne
میرزا	मिर्ज़ा	mirza	mirzā
پادری	पादरी	paadri	pādrī
ملاحظہ	मुलाहिज़ा	mulaahiza	mulāhiza
غوث	ग़ौस	ghaus	ġaus
مساوی	मसावी	masaawi	masāvī
برلن	बर्लिन	berlin	barlin
رنجیت	रंजीत	ranjeet	ranjīt
المقدس	अल-मुक़द्दस	al-muqaddas	al-muqaddas
قدیمہ	क़दीमा	qadeema	qadīma
حلف	हलफ़	halaf	halaf
نظریاتی	नज़रियाती	nazariyaati	nazariyātī
ترویج	तरवीज	tarweej	tarvīj
خانوں	ख़ानों	khaanon	ḳhānoñ
سرحدی	सरहदी	sarhadi	sarhadī
کافر	काफ़िर	kaafir	kāfir
ووڈ	वुड	wood	vuḍ
موصوف	मौसूफ़	mausoof	mausūf
معمول	मामूल	mamool	ma'mūl
خیز	ख़ेज़	khez	ḳhez
زبانی	ज़बानी	zabaani	zabānī
دارا	दारा	daara	dārā
کالی	काली	kaali	kālī
پوتے	पोते	pote	pote
جشن	जश्न	jashn	jashn
سرداروں	सरदारों	sardaaron	sardāroñ
کرسکتے	कर सकते	kar sakte	kar sakte
بدلے	बदले	badle	badle
سختی	सख़्ती	sakhti	saḳhtī
ریل	रेल	rel	rel
تحریری	तहरीरी	tehreeri	tahrīrī
مشیر	मशीर	masheer	mashīr
کہی	कही	kahi	kahī
قرون	क़ुरून	quroon	qurūn
ہمت	हिम्मत	himmat	himmat
دستاویزات	दस्तावेज़ात	dastaawezaat	dastāvezāt
عقیدے	अक़ीदे	aqeede	aqīde
زوجہ	ज़ौजा	zauja	zauja
خام	ख़ाम	khaam	ḳhām
صفدر	सफ़दर	safdar	safdar
تھوڑی	थोड़ी	thodi	thoṛī
جنگلات	जंगलात	janglaat	janglāt
سہیل	सुहैल	suhail	suhail
کھل	खुल	khul	khul
معزول	माज़ूल	mazool	ma'zūl
رہائشی	रिहाइशी	rihaaishi	rihāishī
برآمد	बरामद	baraamad	barāmad
پیچیدہ	पेचीदा	pecheeda	pechīda
شکوہ	शिकवा	shikwa	shikva
پہنچانے	पहुँचाने	pahunchaane	pahuñchāne
نہرو	नेहरू	nehru	nehrū
عادل	आदिल	aadil	ādil
مسلک	मसलक	maslak	maslak
معصوم	मासूम	masoom	ma'sūm
شفیع	शफ़ी	shafi	shafī
سوڈان	सूडान	sudan	sūḍān
گرہن	ग्रहण	grahan	grahan
لگائی	लगाई	lagaai	lagāī
وائی	वाई	waai	vāī
ہلال	हिलाल	hilaal	hilāl
سانس	साँस	saans	sāñs
وائٹ	वाइट	white	vāiṭ
خطرے	ख़तरे	khatre	ḳhatre
سجاد	सज्जाद	sajjaad	sajjād
کیو	क्यो	kyo	kyo
لسانیات	लिसानियात	lisaaniyaat	lisāniyāt
جاکر	जा कर	ja kar	jā kar
دینار	दीनार	deenaar	dīnār
ابواب	अबवाब	abwaab	abvāb
لطف	लुत्फ़	lutf	lutf
موہن	मोहन	mohan	mohan
پنڈت	पंडित	pandit	panḍit
مہاجر	मुहाजिर	muhaajir	muhājir
جاننے	जानने	jaanne	jānne
خطاطی	ख़ताती	khataati	ḳhatātī
چھوڑا	छोड़ा	chhoda	chhoṛā
پڑھنا	पढ़ना	padhna	paṛhnā
بیمار	बीमार	beemaar	bīmār
چال	चाल	chaal	chāl
معارف	मआरिफ़	maarif	ma'ārif
قیاس	क़यास	qayaas	qayās
رخصت	रुख़सत	rukhsat	ruḳhsat
تدفین	तदफ़ीन	tadfeen	tadfīn
کھاتے	खाते	khaate	khāte
فسادات	फ़सादात	fasaadaat	fasādāt
ادارت	इदारत	idaarat	idārat
بشیر	बशीर	basheer	bashīr
نجم	नज्म	najm	najm
نکالنے	निकालने	nikaalne	nikālne
موضع	मौज़ा	mauza	mauza
نامے	नामे	naame	nāme
دستاویز	दस्तावेज़	dastaawez	dastāvez
مردم	मर्दुम	mardum	mardum
تعینات	तैनात	tainaat	taināt
بدن	बदन	badan	badan
سینا	सीना	seena	sīnā
قصبے	क़स्बे	qasbe	qasbe
رحمۃ	रहमत	rehmat	rahmat
محاذ	मुहाज़	muhaaz	muhāz
بہا	बहा	baha	bahā
مثالیں	मिसालें	misaalein	misāleñ
نسخے	नुसख़े	nuskhe	nusḳhe
ڈیزائن	डिज़ाइन	design	ḍizāin
جیلانی	जीलानी	jeelaani	jīlānī
جتنی	जितनी	jitni	jitnī
نظموں	नज़्मों	nazmon	nazmoñ
جوڑ	जोड़	jod	joṛ
صحبت	सुहबत	suhbat	suhbat
برپا	बरपा	barpa	barpā
تبادلہ	तबादला	tabaadla	tabādla
مرکوز	मरकूज़	markooz	markūz
اغوا	अग़वा	aghwa	aġvā
صفت	सिफ़त	sifat	sifat
نعیم	नईम	naeem	na'īm
دیوتاؤں	देवताओं	dewtaaon	devtāoñ
اسپین	स्पेन	spain	spen
تخلیقی	तख़्लीक़ी	takhleeqi	taḳhlīqī
واجب	वाजिब	waajib	vājib
الہی	इलाही	ilaahi	ilāhī
کھلے	खुले	khule	khule
افسانوی	अफ़्सानवी	afsaanwi	afsānvī
غار	ग़ार	ghaar	ġār
سہارا	सहारा	sahaara	sahārā
مقابلوں	मुक़ाबलों	muqaablon	muqābloñ
دھماکے	धमाके	dhamaake	dhamāke
الرحمان	अर-रहमान	ar-rehmaan	ar-rahmān
بٹ	बट	bat	baṭ
مخالفین	मुख़ालिफ़ीन	mukhaalifeen	muḳhālifīn
ٹرین	ट्रेन	train	ṭren
ایڈورڈ	एडवर्ड	edward	eḍvarḍ
بما	बमा	bama	bamā
عارضی	आरिज़ी	aarizi	ārizī
الرحیم	अर-रहीम	ar-raheem	ar-rahīm
شیرازی	शिराज़ी	shiraazi	shirāzī
گرمی	गर्मी	garmi	garmī
میسر	मुयस्सर	muyassar	muyassar
نقشبندیہ	नक़्शबंदिया	naqshabandiya	naqshabandiya
سپاہیوں	सिपाहियों	sipaahiyon	sipāhiyoñ
ہیڈ	हेड	head	heḍ
مشین	मशीन	machine	mashīn
تلاوت	तिलावत	tilaawat	tilāvat
اسماء	असमा	asmaa	asmā
آبی	आबी	aabi	ābī
خلجی	ख़लजी	khalji	ḳhaljī
شہزادی	शहज़ादी	shehzaadi	shahzādī
زلزلہ	ज़लज़ला	zalzala	zalzala
مسئلے	मसले	masale	mas'ale
مناظر	मनाज़िर	manaazir	manāzir
حلال	हलाल	halaal	halāl
ہموار	हमवार	hamwaar	hamvār
سایہ	साया	saaya	sāya
گنی	गनी	gani	ganī
کروا	करवा	karwa	karvā
اونٹ	ऊँट	oont	ūñṭ
گایا	गाया	gaaya	gāyā
سنیما	सिनेमा	cinema	sinemā
مناسبت	मुनासबत	munaasabat	munāsabat
اسلحہ	असलहा	aslaha	aslaha
بحق	बहक़	bahaq	bahaq
خوبصورتی	ख़ूबसूरती	khoobsoorti	ḳhūbsūrtī
تورات	तौरात	tauraat	taurāt
پرساد	प्रसाद	prasaad	prasād
تصورات	तसव्वुरात	tasawwuraat	tasavvurāt
مداخلت	मुदाख़िलत	mudaakhilat	mudāḳhilat
العابدین	अल-आबिदीन	al-aabideen	al-ābidīn
نکات	निकात	nikaat	nikāt
مطلق	मुतलक़	mutlaq	mutlaq
ہشام	हिशाम	hishaam	hishām
ٹیکس	टैक्स	tax	ṭaiks
چوری	चोरी	chori	chorī
النجوم	अन-नुजूम	an-nujoom	an-nujūm
اسپیشل	स्पेशल	special	speshal
گوگل	गूगल	google	gūgal
ولایت	विलायत	wilaayat	vilāyat
آفاق	आफ़ाक़	aafaaq	āfāq
چہرہ	चेहरा	chehra	chehra
ایڈز	एड्स	aids	eḍs
مسترد	मुस्तरद	mustarad	mustarad
رند	रिंद	rind	rind
غربت	ग़ुरबत	ghurbat	ġurbat
بزم	बज़्म	bazm	bazm
اطلاق	इत्लाक़	itlaaq	itlāq
تنہا	तनहा	tanha	tanhā
بزنس	बिज़नेस	business	biznes
ضمن	ज़िम्न	zimn	zimn
تمہارا	तुम्हारा	tumhara	tumhārā
مانی	मानी	maani	mānī
اضافی	इज़ाफ़ी	izaafi	izāfī
سونا	सोना	sona	sonā
ہنری	हेनरी	henry	henrī
موزوں	मौज़ूँ	mauzoon	mauzūñ
متصل	मुत्तसिल	muttasil	muttasil
گریجویشن	ग्रेजुएशन	graduation	grejueshan
قادریہ	क़ादिरिया	qaadiriya	qādiriya
ربط	रब्त	rabt	rabt
ٹھوس	ठोस	thos	ṭhos
ہوسکتی	हो सकती	ho sakti	ho saktī
مصنوعی	मसनूई	masnooi	masnū'ī
پاتے	पाते	paate	pāte
اقوال	अक़्वाल	aqwaal	aqvāl
اموی	उमवी	umawi	umavī
اثنا	अस्ना	asna	asnā
رونما	रूनुमा	roonuma	rūnumā
پیشوا	पेशवा	peshwa	peshvā
کمیت	कमियत	kammiyat	kammiyat
بچنے	बचने	bachne	bachne
منافع	मुनाफ़ा	munaafa	munāfā
سجدہ	सजदा	sajda	sajda
کعب	काब	kab	ka'b
سرے	सरे	sare	sare
برا	बुरा	bura	burā
لفظی	लफ़्ज़ी	lafzi	lafzī
امرتسر	अमृतसर	amritsar	amritsar
جمیل	जमील	jameel	jamīl
جبل	जबल	jabal	jabal
گھنٹہ	घंटा	ghanta	ghanṭa
زادہ	ज़ादा	zaada	zāda
شہباز	शहबाज़	shehbaaz	shahbāz
منطق	मंतिक़	mantiq	mantiq
عدل	अद्ल	adl	adl
ندوۃ	नदवत	nadwat	nadvat
ڈراموں	ड्रामों	draamon	ḍrāmoñ
مقدمات	मुक़दमात	muqadmaat	muqadmāt
ادریس	इदरीस	idris	idrīs
سہولیات	सहूलियात	sahooliyaat	sahūliyāt
مورخ	मुअर्रिख़	muarrikh	mu'arriḳh
فتنہ	फ़ितना	fitna	fitna
لکھتا	लिखता	likhta	likhtā
پریشان	परेशान	pareshaan	pareshān
ساحلی	साहिली	saahili	sāhilī
ولد	वलद	walad	valad
تصادفی	तसादफ़ी	tasaadafi	tasādafī
کیریئر	करियर	career	kariyar
ملوث	मुलव्वस	mulawwas	mulavvas
جہنم	जहन्नम	jahannam	jahannam
جال	जाल	jaal	jāl
مظاہر	मुज़ाहिर	muzaahir	muzāhir
بصرہ	बसरा	basra	basra
ادبیات	अदबिय्यात	adabiyaat	adabiyāt
مرحلہ	मरहला	marhala	marhala
القاسم	अल-क़ासिम	al-qaasim	al-qāsim
بحرین	बहरीन	bahrain	bahrīn
الحاق	इलहाक़	ilhaaq	ilhāq
دیہی	देही	dehi	dehī
قیصر	क़ैसर	qaisar	qaisar
ذی	ज़ी	zi	zī
ڈیوڈ	डेविड	david	ḍeviḍ
شکایت	शिकायत	shikaayat	shikāyat
پچھلے	पिछले	pichhle	pichhle
مصوری	मुसव्विरी	musawwiri	musavvirī
مالیاتی	मालियाती	maaliyaati	māliyātī
محترم	मुहतरम	muhtaram	muhtaram
الکتاب	अल-किताब	al-kitaab	al-kitāb
حسنی	हसनी	hasni	hasnī
صلیبی	सलीबी	saleebi	salībī
فلوریڈا	फ़्लोरिडा	florida	floriḍā
ہسپانیہ	हस्पानिया	haspaaniya	haspāniya
دکان	दुकान	dukaan	dukān
بڑھنے	बढ़ने	badhne	baṛhne
وحی	वही	wahi	vahī
بظاہر	बज़ाहिर	bazaahir	bazāhir
ڈھاکہ	ढाका	dhaka	ḍhāka
انوار	अनवार	anwaar	anvār
مہینوں	महीनों	maheenon	mahīnoñ
انصار	अंसार	ansaar	ansār
پیشکش	पेशकश	peshkash	peshkash
پیرو	पैरो	pairo	pairo
چشم	चश्म	chashm	chashm
اجرا	इजरा	ijra	ijrā
بازنطینی	बाज़नतीनी	baaznateeni	bāznatīnī
شرک	शिर्क	shirk	shirk
درحقیقت	दरहक़ीक़त	darhaqeeqat	darhaqīqat
بندہ	बंदा	banda	banda
ٹکڑے	टुकड़े	tukde	ṭukṛe
فرسٹ	फ़र्स्ट	first	farsṭ
دکھ	दुख	dukh	dukh
ٹو	टू	two	ṭū
کلیم	कलीम	kaleem	kalīm
گردن	गर्दन	gardan	gardan
خبریں	ख़बरें	khabarein	ḳhabareñ
اردگرد	इर्द-गिर्द	ird-gird	ird-gird
اذا	इज़ा	iza	izā
احتمال	इहतिमाल	ihtimaal	ihtimāl
مصطفیٰ	मुस्तफ़ा	mustafa	mustafā
غذا	ग़िज़ा	ghiza	ġizā
رہائی	रिहाई	rihaai	rihāī
سویڈن	स्वीडन	sweden	svīḍan
پتا	पता	pata	patā
جغرافیہ	जुग़्राफ़िया	jughraafiya	juġrāfiya
قرآنی	क़ुरानी	quraani	qurānī
فصل	फ़सल	fasal	fasal
جڑے	जुड़े	jude	juṛe
تجربے	तजुर्बे	tajurbe	tajurbe
ہزارہ	हज़ारा	hazaara	hazāra
معراج	मेराज	meraaj	me'rāj
ایکٹ	एक्ट	act	ekṭ
کھڑی	खड़ी	khadi	khaṛī
زیاد	ज़ियाद	ziyaad	ziyād
دلوں	दिलों	dilon	diloñ
عہدوں	ओहदों	ohdon	ohdoñ
اعوان	आवान	awaan	a'vān
دہ	दिह	dih	dih
نشریات	नशरियात	nashriyaat	nashriyāt
کمپنیوں	कंपनियों	kampniyon	kampniyoñ
ذلک	ज़ालिक	zaalik	zālik
چھپ	छप	chhap	chhap
کلیدی	कलीदी	kaleedi	kalīdī
بو	बू	bu	bū
شور	शोर	shor	shor
سنن	सुनन	sunan	sunan
درکار	दरकार	darkaar	darkār
سائنسدانوں	साइंसदानों	saainsdaanon	sāinsdānoñ
سیکنڈ	सेकंड	second	sekanḍ
کرہ	कुर्रा	kurra	kurra
مجیب	मजीब	majeeb	majīb
اورنگزیب	औरंगज़ेब	aurangzeb	aurangzeb
کاظمی	काज़मी	kaazmi	kāzmī
خادم	ख़ादिम	khaadim	ḳhādim
انجینئری	इंजीनियरी	injeeniyari	injīniyarī
مدفون	मदफ़ून	madfoon	madfūn
شری	श्री	shri	shrī
متفق	मुत्तफ़िक़	muttafiq	muttafiq
خور	ख़ुर	khur	ḳhur
پولس	पुलिस	police	pulis
ہوتاہے	होता है	hota hai	hotā hai
دھماکا	धमाका	dhamaaka	dhamākā
انس	उंस	uns	uns
جتنا	जितना	jitna	jitnā
شر	शर्र	sharr	sharr
پورہ	पुरा	pura	pura
کرناٹک	कर्नाटक	karnataka	karnāṭak
ارباب	अरबाब	arbaab	arbāb
اتار	उतार	utaar	utār
صف	सफ़	saf	saf
کروائی	करवाई	karwaai	karvāī
داعی	दाई	daai	dā'ī
بوجھ	बोझ	bojh	bojh
چڑھ	चढ़	chadh	chaṛh
آمادہ	आमादा	aamaada	āmāda
قصیدہ	क़सीदा	qaseeda	qasīda
دانشور	दानिश्वर	daanishwar	dānishvar
بقیہ	बक़िया	baqiya	baqiya
نیازی	नियाज़ी	niyaazi	niyāzī
بجا	बजा	baja	bajā
پسندوں	पसंदों	pasandon	pasandoñ
نوٹ	नोट	note	noṭ
ناز	नाज़	naaz	nāz
ظہیر	ज़हीर	zaheer	zahīr
کیمپ	कैंप	camp	kaimp
سوالات	सवालात	sawaalaat	savālāt
گانا	गाना	gaana	gānā
سینٹی	सेंटी	seinti	señṭī
ہٹا	हटा	hata	haṭā
نجیب	नजीब	najeeb	najīb
افسوس	अफ़्सोस	afsos	afsos
سماعت	समात	samaat	samā'at
ابہام	इबहाम	ibhaam	ibhām
اپنایا	अपनाया	apnaaya	apnāyā
نانک	नानक	naanak	nānak
راہی	राही	raahi	rāhī
نشست	नशिस्त	nashist	nashist
توبہ	तोबा	toba	toba
گواہی	गवाही	gawaahi	gavāhī
ہوجاتے	हो जाते	ho jaate	ho jāte
ایبٹ	ऐबट	abbott	aibaṭ
ہاتھی	हाथी	haathi	hāthī
تحسین	तहसीन	tehseen	tahsīn
براعظم	बर्र-ए-आज़म	barr-e-azam	barr-e-a'zam
داخلی	दाख़िली	daakhili	dāḳhilī
بالغ	बालिग़	baaligh	bāliġ
روٹی	रोटी	roti	roṭī
غلامی	ग़ुलामी	ghulaami	ġulāmī
فراغت	फ़राग़त	faraaghat	farāġat
پونچھ	पूँछ	poonchh	pūñchh
کھلا	खुला	khula	khulā
بھٹی	भट्टी	bhatti	bhaṭṭī
فائرنگ	फ़ायरिंग	firing	fāiring
حنیفہ	हनीफ़ा	haneefa	hanīfa
یوحنا	यूहन्ना	yoohanna	yūhannā
کرک	करक	karak	karak
کورس	कोर्स	course	kors
زخم	ज़ख़्म	zakhm	zaḳhm
مجدد	मुजद्दिद	mujaddid	mujaddid
یوکرین	यूक्रेन	ukraine	yūkren
چھپا	छुपा	chhupa	chhupā
کھلی	खुली	khuli	khulī
خلا	ख़ला	khala	ḳhalā
النساء	अन-निसा	an-nisa	an-nisā
معافی	माफ़ी	maafi	māfī
تدوین	तदवीन	tadween	tadvīn
امارات	इमारात	imaaraat	imārāt
دفاتر	दफ़ातिर	dafaatir	dafātir
متحد	मुत्तहिद	muttahid	muttahid
اتحادی	इत्तिहादी	ittihaadi	ittihādī
کیس	केस	case	kes
ممبر	मेंबर	member	membar
وائس	वाइस	voice	vāis
شروعات	शुरुआत	shuruaat	shuruāt
فورس	फ़ोर्स	force	fors
فراہمی	फ़राहमी	faraahmi	farāhmī
کمان	कमान	kamaan	kamān
قوموں	क़ौमों	qaumon	qaumoñ
بنیادوں	बुनियादों	buniyaadon	buniyādoñ
دائرے	दायरे	daaire	dāire
سورۂ	सूरा	soora	sūra
دائرۃ	दाइरत	daairat	dāirat
عراقی	इराक़ी	iraaqi	irāqī
رحمتہ	रहमतु	rehmatu	rahmatu
تبدیلیاں	तबदीलियाँ	tabdeeliyan	tabdīliyāñ
درہ	दर्रा	darra	darra
چیت	चीत	chait	chīt
بندوں	बंदों	bandon	bandoñ
نرم	नरम	naram	naram
پختہ	पुख़्ता	pukhta	puḳhta
کاربن	कार्बन	carbon	kārban
عالی	आली	aali	ālī
سواری	सवारी	sawaari	savārī
سہارنپور	सहारंपुर	sahaaranpoor	sahāranpūr
ٹائم	टाइम	time	ṭāim
مقناطیسی	मक़नातीसी	maqnaateesi	maqnātīsī
بحالی	बहाली	bahaali	bahālī
رفیع	रफ़ी	rafi	rafī
لکیری	लकीरी	lakeeri	lakīrī
ہذا	हज़ा	haza	hazā
زیدی	ज़ैदी	zaidi	zaidī
آئینہ	आईना	aaeena	āīna
عمارتوں	इमारतों	imaaraton	imāratoñ
مرہٹہ	मरहट्टा	marhatta	marhaṭṭa
رحمان	रहमान	rehmaan	rahmān
جذب	जज़्ब	jazb	jazb
کنگ	किंग	king	king
اعجاز	एजाज़	ejaaz	e'jāz
مہاجرین	मुहाजिरीन	muhaajireen	muhājirīn
قاسمی	क़ास्मी	qaasmi	qāsmī
السید	अस-सय्यिद	as-sayyid	as-sayyid
کمیونٹی	कम्युनिटी	community	kamyuniṭī
درویش	दरवेश	darwesh	darvesh
مے	मै	mai	mai
خواص	ख़वास	khawaass	ḳhavāss
پیشے	पेशे	peshe	peshe
آئرلینڈ	आयरलैंड	ireland	āirlainḍ
سکون	सुकून	sukoon	sukūn
جاتاہے	जाता है	jaata hai	jātā hai
عامہ	आम्मा	aamma	āmma
زمرے	ज़मरे	zamre	zamre
جرات	जुर्रत	jurrat	jurrat
رواں	रवाँ	rawan	ravāñ
کرائے	किराए	kiraaye	kirāe
سیوطی	सुयूती	suyooti	suyūṭī
لڑنے	लड़ने	ladne	laṛne
نقوش	नुक़ूश	nuqoosh	nuqūsh
ہڈی	हड्डी	haddi	haḍḍī
عمارات	इमारात	imaaraat	imārāt
برازیل	ब्राज़ील	brazil	brāzīl
اجسام	अजसाम	ajsaam	ajsām
مفصل	मुफ़स्सल	mufassal	mufassal
وکالت	वकालत	wakaalat	vakālat
افتتاح	इफ़्तिताह	iftitaah	iftitāh
قوی	क़वी	qawi	qavī
امتیازی	इमतियाज़ी	imtiyaazi	imtiyāzī
سوشل	सोशल	social	soshal
مصنوعات	मसनूआत	masnooaat	masnū'āt
نکتہ	नुक्ता	nukta	nukta
وفاق	विफ़ाक़	wifaaq	vifāq
اشخاص	अशख़ास	ashkhaas	ashḳhās
الحرام	अल-हराम	al-haraam	al-harām
راجستھان	राजस्थान	rajasthan	rājasthān
قاتل	क़ातिल	qaatil	qātil
قیدیوں	क़ैदियों	qaidiyon	qaidiyoñ
کھیلا	खेला	khela	khelā
الزامات	इलज़ामात	ilzaamaat	ilzāmāt
ذمے	ज़िम्मे	zimme	zimme
الشان	अश-शान	ash-shaan	ash-shān
نگاروں	निगारों	nigaaron	nigāroñ
مودودی	मौदूदी	maudoodi	maudūdī
طبری	तबरी	tabri	tabrī
زیادتی	ज़्यादती	ziyaadati	ziyādatī
کاظم	काज़िम	kaazim	kāzim
بلاک	ब्लॉक	block	blāk
صغیر	सग़ीर	sagheer	saġīr
اعتراض	एतराज़	etiraaz	e'tirāz
چنا	चुना	chuna	chunā
فضیلت	फ़ज़ीलत	fazeelat	fazīlat
الامام	अल-इमाम	al-imaam	al-imām
جاسوسی	जासूसी	jaasoosi	jāsūsī
منع	मना	mana	manā
ہرات	हरात	haraat	harāt
کرا	करा	kara	karā
تحلیل	तहलील	tehleel	tahlīl
بخارا	बुख़ारा	bukhara	buḳhārā
بردار	बरदार	bardaar	bardār
دیواروں	दीवारों	deewaaron	dīvāroñ
سنگاپور	सिंगापुर	singapore	singāpūr
راضی	राज़ी	raazi	rāzī
فنکار	फ़ंकार	fankaar	fankār
شجاعت	शजाअत	shajaat	shajā'at
تکنیکی	तकनीकी	takneeki	taknīkī
پکارا	पुकारा	pukaara	pukārā
واسطے	वास्ते	waaste	vāste
نیت	नीयत	neeyat	nīyat
برہمن	ब्राह्मण	brehman	brahman
چیک	चेक	check	chek
اطالیہ	इतालिया	itaaliya	itāliya
رفیق	रफ़ीक़	rafeeq	rafīq
دوڑ	दौड़	daud	dauṛ
مقدمے	मुक़दमे	muqadme	muqadme
نکلتا	निकलता	nikalta	nikaltā
ترمذی	तिर्मिज़ी	tirmizi	tirmizī
گرفتاری	गिरफ़्तारी	giraftaari	giraftārī
مآخذ	मआख़िज़	maakhiz	maāḳhiz
بہادری	बहादुरी	bahaaduri	bahādurī
سیارہ	सैयारा	saiyaara	saiyāra
نانا	नाना	naana	nānā
پتی	पत्ती	patti	pattī
احکامات	अहकामात	ahkaamaat	ahkāmāt
اشتراکی	इश्तिराकी	ishtiraaki	ishtirākī
قصور	क़सूर	qasoor	qasūr
صبر	सब्र	sabr	sabr
یاب	याब	yaab	yāb
آمنوا	आमनू	aamanu	āmanū
منتقلی	मुंतक़ली	muntaqli	muntaqlī
دوچار	दोचार	dochaar	dochār
سمجھتا	समझता	samajhta	samajhtā
کب	कब	kab	kab
حتمی	हत्मी	hatmi	hatmī
چوتھا	चौथा	chautha	chauthā
یوٹیوب	यूट्यूब	youtube	yūṭyūb
صحرا	सहरा	sehra	sahrā
دلائی	दिलाई	dilaai	dilāī
شامی	शामी	shaami	shāmī
جز	जुज़	juz	juz
مردہ	मुर्दा	murda	murda
گزاری	गुज़ारी	guzaari	guzārī
اپ	अप	up	ap
گیتوں	गीतों	geeton	gītoñ
ضائع	ज़ाया	zaaya	zāyā
پتھروں	पत्थरों	pattharon	pattharoñ
جم	जम	jam	jam
اوراس	और उस	aur us	aur us
دفاعی	दिफ़ाई	difaai	difā'ī
ندی	नदी	nadi	nadī
پینتیس	पैंतीस	paintees	paintīs
جاہ	जाह	jaah	jāh
انجن	इंजन	injan	injan
راسخ	रासिख़	raasikh	rāsiḳh
سفارتی	सिफ़ारती	sifaarati	sifāratī
ابدالی	अब्दाली	abdaali	abdālī
تدریسی	तदरीसी	tadreesi	tadrīsī
جتوئی	जतोई	jatoi	jatoī
ٹکٹ	टिकट	ticket	ṭikaṭ
پیسے	पैसे	paise	paise
شاخیں	शाख़ें	shaakhein	shāḳheñ
جمالی	जमाली	jamaali	jamālī
کمشنر	कमिश्नर	kamishnar	kamishnar
بھرتی	भरती	bharti	bhartī
وابستگی	वाबस्तगी	waabastagi	vābastagī
ہالی	हॉली	holly	hālī
بنوں	बनूँ	banoon	banūñ
منانے	मनाने	manaane	manāne
اشیا	अश्या	ashya	ashyā
جایا	जाया	jaaya	jāyā
مکرمہ	मुकर्रमा	mukarrama	mukarrama
لیک	लेक	lake	lek
جزوی	जुज़वी	juzwi	juzvi
اونچی	ऊँची	oonchi	ūñchī
طواف	तवाफ़	tawaaf	tavāf
رومن	रोमन	roman	roman
وسطیٰ	वुस्ता	wusta	vustā
نشینی	नशीनी	nasheeni	nashīnī
جلوہ	जलवा	jalwa	jalva
مریخی	मिर्रीख़ी	mirreekhi	mirrīḳhī
گیری	गीरी	geeri	gīrī
نویں	नवीं	nawin	navīñ
آرا	आरा	aara	ārā
تجھے	तुझे	tujhe	tujhe
لئے	लिए	liye	liye
باد	बाद	baad	bād
مائیکل	माइकल	michael	māikal
جھنگ	झंग	jhang	jhang
حاشیہ	हाशिया	haashiya	hāshiya
چک	चक	chak	chak
دارالحکومت	दारुल-हुकूमत	daar-ul-hukoomat	dār-ul-hukūmat
غزلیں	ग़ज़लें	ghazalein	ġazaleñ
کلیات	कुल्लियात	kulliyaat	kulliyāt
توازن	तवाज़ुन	tawaazun	tavāzun
حیاتیاتی	हयातियाती	hayaatiyaati	hayātiyātī
کمر	कमर	kamar	kamar
راگ	राग	raag	rāg
فضاء	फ़िज़ा	fazaa	fazā
عصمت	इस्मत	ismat	ismat
دیکھنا	देखना	dekhna	dekhnā
مقالات	मुक़ालात	muqaalaat	muqālāt
قیدی	क़ैदी	qaidi	qaidī
بتائی	बताई	bataai	batāī
دھات	धात	dhaat	dhāt
بیٹیاں	बेटियाँ	betiyan	beṭiyāñ
اندراج	इंदिराज	indiraaj	indirāj
تعالٰیٰ	तआला	taala	ta'ālā
روابط	रवाबित	rawaabit	ravābit
بھری	भरी	bhari	bharī
لمبا	लंबा	lamba	lambā
جانداروں	जानदारों	jaandaaron	jāndāroñ
پرائمری	प्राइमरी	primary	prāimrī
عوامل	अवामिल	awaamil	avāmil
صاحبزادہ	साहबज़ादा	saahabzaada	sāhabzāda
آرٹس	आर्ट्स	arts	ārṭs
ڈے	डे	day	ḍe
سفارش	सिफ़ारिश	sifaarish	sifārish
گلوکارہ	गुलूकारा	gulookaara	gulūkāra
قصے	क़िस्से	qisse	qisse
دانت	दांत	daant	dāñt
ڈیڑھ	डेढ़	dedh	ḍeṛh
اوزار	औज़ार	auzaar	auzār
چادر	चादर	chaadar	chādar
رچرڈ	रिचर्ड	richard	richarḍ
مجسمہ	मुजस्समा	mujassama	mujassama
گھاٹ	घाट	ghaat	ghāṭ
خورشید	ख़ुर्शीद	khursheed	ḳhurshīd
تلفظ	तलफ़्फ़ुज़	talaffuz	talaffuz
جلیل	जलील	jaleel	jalīl
تہجی	तहज्जी	tahajji	tahajjī
فوائد	फ़वाइद	fawaaid	favāid
نفیس	नफ़ीस	nafees	nafīs
ملازمین	मुलाज़िमीन	mulaazimeen	mulāzimīn
جرسی	जर्सी	jersey	jarsī
را	रा	ra	rā
بذریعہ	बज़रिया	bazariya	bazariya
بخوبی	बख़ूबी	bakhoobi	baḳhūbī
لیبیا	लीबिया	libya	lībiyā
کرسمس	क्रिसमस	christmas	krismas
گردوں	गर्दों	gardon	gardoñ
قحط	क़हत	qahat	qahat
گم	गुम	gum	gum
غزنی	ग़ज़नी	ghazni	ġaznī
ہندومت	हिंदूमत	hindoomat	hindūmat
جنھیں	जिन्हें	jinhein	jinheñ
اصفہان	अस्फ़हान	isfahan	asfahān
سحر	सहर	sahar	sahar
چھوڑنے	छोड़ने	chhodne	chhoṛne
نیاز	नियाज़	niyaaz	niyāz
سنبھالا	संभाला	sambhaala	sambhālā
بعید	बईद	baeed	ba'īd
ایکشن	एक्शन	action	ekshan
ورانہ	वराना	waraana	varāna
انکو	उनको	unko	unko
حادثے	हादसे	haadse	hādse
عدی	अदी	adi	adī
سلمہ	सलमा	salma	salma
آدمیوں	आदमियों	aadmiyon	ādmiyoñ
تقلید	तक़लीद	taqleed	taqlīd
قدمی	क़दमी	qadmi	qadmī
اجاگر	उजागर	ujaagar	ujāgar
مشق	मश्क़	mashq	mashq
شاہین	शाहीन	shaaheen	shāhīn
گار	गार	gaar	gār
کیتھولک	कैथोलिक	catholic	kaitholik
عزم	अज़्म	azm	azm
ملائیشیا	मलेशिया	malaysia	maleshiyā
لوہے	लोहे	lohe	lohe
بلی	बिल्ली	billi	billī
اوپن	ओपन	open	opan
جیتنے	जीतने	jeetne	jītne
عدالتی	अदालती	adaalati	adālatī
میزائل	मिसाइल	missile	mizāil
دیکھیں	देखें	dekhein	dekheñ
گزارا	गुज़ारा	guzaara	guzārā
پٹی	पट्टी	patti	paṭṭī
لغات	लुग़ात	lughaat	luġāt
قبلہ	क़िबला	qibla	qibla
معرفت	मारिफ़त	marifat	ma'rifat
یہوداہ	यहूदा	yahooda	yahūda
پودے	पौदे	paude	paude
تبت	तिब्बत	tibet	tibbat
پوپ	पोप	pope	pop
مجاز	मजाज़	majaaz	majāz
واٹر	वॉटर	water	vāṭar
کھیلے	खेले	khele	khele
چونسٹھ	चौंसठ	chaunsath	chaunsaṭh
کتابت	किताबत	kitaabat	kitābat
اصناف	असनाफ़	asnaaf	asnāf
مزدوروں	मज़दूरों	mazdooron	mazdūroñ
لینن	लेनिन	lenin	lenin
کرن	कर्ण	karan	karan
شجاع	शुजा	shujaa	shujā
معاف	माफ़	muaaf	mu'āf
ہالٹ	हॉल्ट	halt	hālṭ
درہم	दिरहम	dirham	dirham
یکجا	यकजा	yakja	yakjā
اساطیر	असातीर	asaateer	asātīr
درختوں	दरख़्तों	darakhton	daraḳhtoñ
چون	चौवन	chauwan	chauvan
فلاح	फ़लाह	falaah	falāh
ضمانت	ज़मानत	zamaanat	zamānat
الذکر	अज़-ज़िक्र	az-zikr	az-zikr
اجتماع	इज्तिमा	ijtimaa	ijtimā
پیدائشی	पैदाइशी	paidaaishi	paidāishī
سہروردی	सुहरवर्दी	suhrawardi	suhravardī
کمزوری	कमज़ोरी	kamzori	kamzorī
کالے	काले	kaale	kāle
گریڈ	ग्रेड	gred	greḍ
بنیں	बनें	banein	baneñ
آنحضرت	आनहज़रत	aanhazrat	ānhazrat
مقابل	मुक़ाबिल	muqaabil	muqābil
خاصا	ख़ासा	khaasa	ḳhāsā
کمپنیاں	कंपनियाँ	kampniyan	kampniyāñ
قابلیت	क़ाबिलियत	qaabiliyat	qābiliyat
طیارے	तय्यारे	tayyaare	tayyāre
آگئی	आ गई	aa gai	ā gaī
ہانگ	हांग	haang	hāng
دیکھتا	देखता	dekhta	dekhtā
نال	नाल	naal	nāl
مروان	मरवान	marwaan	marvān
حتیٰ	हत्ता	hatta	hattā
الکبیر	अल-कबीर	al-kabeer	al-kabīr
تسلسل	तसलसुल	tasalsul	tasalsul
تہذیبی	तहज़ीबी	tehzeebi	tahzībī
دکھائے	दिखाए	dikhaaye	dikhāe
ڈاک	डाक	daak	ḍāk
اعضاء	आज़ा	azaa	a'zā
خوانی	ख़्वानी	khwaani	ḳhvānī
رکاوٹ	रुकावट	rukaawat	rukāvaṭ
امارت	इमारत	imaarat	imārat
باریک	बारीक	baareek	bārīk
راشدی	राशदी	raashdi	rāshdī
بحران	बुहरान	buhraan	buhrān
اڑتالیس	अड़तालीस	adtaalees	aṛtālīs
جڑی	जड़ी	jadi	jaṛī
سادگی	सादगी	saadgi	sādgī
گناہوں	गुनाहों	gunaahon	gunāhoñ
انسائیکلوپیڈیا	इंसाइक्लोपेडिया	encyclopedia	insāīklopeḍiyā
لفظوں	लफ़्ज़ों	lafzon	lafzoñ
بادل	बादल	baadal	bādal
زاہد	ज़ाहिद	zaahid	zāhid
دوں	दूँ	doon	dūñ
صوفیا	सूफ़िया	soofiya	sūfiyā
اضافے	इज़ाफ़े	izaafe	izāfe
پوائنٹ	पॉइंट	point	pāinṭ
پسندیدہ	पसंदीदा	pasandeeda	pasandīda
ہتھیاروں	हथियारों	hathiyaaron	hathiyāroñ
پرندوں	परिंदों	parindon	parindoñ
کرسکے	कर सके	kar sake	kar sake
ماسکو	मास्को	maasko	māsko
وراثت	विरासत	wiraasat	virāsat
حیران	हैरान	hairaan	hairān
حنبل	हंबल	hambal	hambal
مامور	मामूर	maamoor	māmūr
زار	ज़ार	zaar	zār
گلے	गले	gale	gale
کہلائے	कहलाए	kehlaaye	kahlāe
اخراج	इख़राज	ikhraaj	iḳhrāj
متوجہ	मुतवज्जेह	mutawajjeh	mutavajjeh
پہنچتا	पहुँचता	pahunchta	pahuñchtā
باون	बावन	baawan	bāvan
اقتصادیات	इक़्तिसादियात	iqtisaadiyaat	iqtisādiyāt
انڈسٹری	इंडस्ट्री	indastri	inḍasṭrī
وحدت	वहदत	wehdat	vahdat
ہیلی	हेली	heli	helī
شق	शक़	shaq	shaq
پچپن	पचपन	pachpan	pachpan
بہرحال	बहरहाल	baharhaal	baharhāl
اودھ	अवध	awadh	avadh
بندر	बंदर	bandar	bandar
سیال	सियाल	siyaal	siyāl
ویسے	वैसे	waise	vaise
دنیائے	दुनिया-ए	duniya-e	duniyā-e
درانی	दुर्रानी	durraani	durrānī
یحیی	यहया	yahya	yahyā
لائی	लाई	laai	lāī
سیاحوں	सय्याहों	sayyaahon	sayyāhoñ
بھال	भाल	bhaal	bhāl
شہابی	शहाबी	shahaabi	shahābī
مستحق	मुसतहक़	mustahaq	mustahaq
درگاہ	दरगाह	dargaah	dargāh
میوزیم	म्यूज़ियम	museum	myūziyam
انواع	अनवा	anwaa	anvā
تبصرہ	तब्सिरा	tabsira	tabsira
اسامہ	असामा	asaama	asāma
ہوجانے	हो जाने	ho jaane	ho jāne
ویلز	वेल्स	wels	vels
تجھ	तुझ	tujh	tujh
صفائی	सफ़ाई	safaai	safāī
نصرت	नुसरत	nusrat	nusrat
مدرسے	मदरसे	madarse	madarse
بتا	बता	bata	batā
پینتالیس	पैंतालीस	paintaalees	paintālīs
حادثہ	हादसा	haadsa	hādsa
جنتا	जनता	janta	jantā
جاگیر	जागीर	jaageer	jāgīr
دوری	दूरी	doori	dūrī
اندرون	अंदरून	androon	andrūn
کاتھولک	काथोलिक	catholic	kātholik
المطلب	अल-मुत्तलिब	al-muttalib	al-muttalib
اسود	असवद	aswad	asvad
طلوع	तुलू	tuloo	tulū
اکٹھا	इकट्ठा	ikattha	ikaṭṭhā
پارلیمانی	पारलीमानी	paarleemaani	pārlīmānī
کھائی	खाई	khaai	khāī
فنڈ	फ़ंड	fund	fanḍ
ہیکل	हैकल	haikal	haikal
پریم	प्रेम	prem	prem
اعزازات	एज़ाज़ात	ezaazaat	e'zāzāt
سیاح	सय्याह	sayyaah	sayyāh
غصہ	ग़ुस्सा	ghussa	ġussa
ہوش	होश	hosh	hosh
لعل	लाल	laal	lāl
پیری	पीरी	peeri	pīrī
گاڑیوں	गाड़ियों	gaadiyon	gāṛiyoñ
نصیحت	नसीहत	naseehat	nasīhat
لکھنوی	लखनवी	lakhnawi	lakhnavī
جوانی	जवानी	jawaani	javānī
قطع	क़ता	qat	qat
سرفراز	सरफ़राज़	sarfaraaz	sarfarāz
مصور	मुसव्विर	musawwir	musavvir
خٹک	ख़टक	khatak	ḳhaṭak
ستم	सितम	sitam	sitam
غسل	ग़ुस्ल	ghusl	ġusl
اولمپکس	ओलंपिक्स	olympics	olampiks
جوزف	जोज़फ़	joseph	jozaf
بیماریوں	बीमारियों	beemaariyon	bīmāriyoñ
ورزی	वर्ज़ी	warzi	varzī
تھامس	थॉमस	thomas	thāmas
تسلط	तसल्लुत	tasallut	tasallut
نستعلیق	नस्तालीक़	nastaliq	nasta'līq
ظالم	ज़ालिम	zaalim	zālim
لاتے	लाते	laate	lāte
مشتق	मुश्तक़	mushtaq	mushtaq
جامعات	जामियात	jaamiaat	jāmi'āt
برباد	बर्बाद	barbaad	barbād
اسٹیٹ	स्टेट	state	sṭeṭ
پینسٹھ	पैंसठ	painsath	painsaṭh
کروانے	करवाने	karwaane	karvāne
انچ	इंच	inch	inch
لگنے	लगने	lagne	lagne
اسکولوں	स्कूलों	schoolon	skūloñ
وارد	वारिद	waarid	vārid
سلامتی	सलामती	salaamti	salāmtī
کلنٹن	क्लिंटन	klintan	klinṭan
بغدادی	बग़दादी	baghdaadi	baġdādī
نسیم	नसीम	naseem	nasīm
غلبہ	ग़लबा	ghalba	ġalba
قالوا	क़ालू	qaalu	qālū
دماغی	दिमाग़ी	dimaaghi	dimāġī
جزو	जुज़्व	juzw	juzv
وجے	विजय	vijay	vijay
پیرا	पीरा	peera	pīrā
غزلوں	ग़ज़लों	ghazalon	ġazaloñ
می	मी	mi	mī
اسپتال	अस्पताल	aspataal	aspatāl
اٹھاون	अट्ठावन	atthaawan	aṭṭhāvan
تمدن	तमद्दुन	tamaddun	tamaddun
چکوال	चक्वाल	chakwal	chakvāl
کپتان	कप्तान	captain	kaptān
شبہ	शुबहा	shubha	shubha
جیکسن	जैक्सन	jaiksan	jaiksan
جتنے	जितने	jitne	jitne
نسلوں	नस्लों	naslon	nasloñ
بیالیس	बयालीस	bayaalees	bayālīs
میزبان	मेज़बान	mezbaan	mezbān
ڈیجیٹل	डिजिटल	digital	ḍijiṭal
بلایا	बुलाया	bulaaya	bulāyā
ستاون	सत्तावन	sattaawan	sattāvan
چلایا	चलाया	chalaaya	chalāyā
لگانا	लगाना	lagaana	lagānā
حاضری	हाज़िरी	haaziri	hāzirī
گوشہ	गोशा	gosha	gosha
ارجن	अर्जुन	arjun	arjun
رقبے	रक़बे	raqbe	raqbe
اصرار	इसरार	israar	isrār
لگتی	लगती	lagti	lagtī
منسوخ	मंसूख़	mansookh	mansūḳh
قوتوں	क़ुव्वतों	quwwaton	quvvatoñ
سالک	सालिक	saalik	sālik
تھوڑے	थोड़े	thode	thoṛe
نامعلوم	नामालूम्	naamaloom	nāma'lūm
کلاں	कलाँ	kalan	kalāñ
گولڈ	गोल्ड	gold	golḍ
اسٹاک	स्टॉक	stock	sṭāk
آنند	आनंद	aanand	ānand
لہجہ	लहजा	lehja	lahja
خوشبو	ख़ुशबू	khushbu	ḳhushbū
رگ	रग	rag	rag
جلدی	जल्दी	jaldi	jaldī
استحکام	इस्तेहकाम	istihkaam	istihkām
گرفت	गिरफ़्त	giraft	giraft
الاباما	अलाबामा	alaabaama	alābāmā
عباسیہ	अब्बासिया	abbaasiya	abbāsiya
چھپن	छप्पन	chhappan	chhappan
محدثین	मुहद्दिसीन	muhaddiseen	muhaddisīn
بھگوان	भगवान्	bhagwaan	bhagvān
اہلسنت	अहल-ए-सुन्नत	ahl-e-sunnat	ahl-e-sunnat
بندے	बंदे	bande	bande
آبنائے	आबनाए	aabnaaye	ābnāe
وژن	विज़न	vision	vizhan
ملیں	मिलें	milein	mileñ
لیس	लैस	lais	lais
پولینڈ	पोलैंड	poland	polainḍ
مرمت	मरम्मत	marammat	marammat
وزیراعظم	वज़ीर-ए-आज़म	wazeer-e-azam	vazīr-e-a'zam
ناممکن	नामुमकिन	naamumkin	nāmumkin
حویلی	हवेली	haweli	havelī
دالہ	दाला	daala	dāla
نقشبندی	नक़्शबंदी	naqshbandi	naqshbandī
ہونی	होनी	honi	honī
المومنین	अल-मोमिनीन	al-momineen	al-mominīn
فلسطینی	फ़लस्तीनी	falasteeni	falastīnī
مبلغ	मबलग़	mablagh	mablaġ
الحال	अल-हाल	al-haal	al-hāl
سینئر	सीनियर	senior	sīniyar
جسامت	जसामत	jasaamat	jasāmat
ڈھانچے	ढाँचे	dhaanche	ḍhāñche
ترجمے	तर्जुमे	tarjume	tarjume
چاہتی	चाहती	chaahti	chāhtī
جامی	जामी	jaami	jāmī
نشو	नशो	nasho	nasho
تن	तन	tan	tan
پودوں	पौदों	paudon	paudoñ
ڈنمارک	डेनमार्क	denmark	ḍenmārk
باغیوں	बाग़ियों	baaghiyon	bāġiyoñ
جوڑے	जोड़े	jode	joṛe
ستانوے	सत्तानवे	sattaanwe	sattānve
بنارس	बनारस	benares	banāras
دریاؤں	दर्याओं	daryaaon	daryāoñ
سبق	सबक़	sabaq	sabaq
ہنر	हुनर	hunar	hunar
اصلاحی	इस्लाही	islaahi	islāhī
منور	मुनव्वर	munawwar	munavvar
دہائیوں	दहाइयों	dahaaiyon	dahāiyoñ
پڑنے	पड़ने	padne	paṛne
الستار	अस-सितार	as-sitaar	as-sitār
برق	बर्क़	barq	barq
قرب	क़ुर्ब	qurb	qurb
زد	ज़द	zad	zad
چوالیس	चवालीस	chawaalees	chavālīs
پذیر	पज़ीर	pazeer	pazīr
رسوم	रुसूम	rusoom	rusūm
عکاسی	अक्कासी	akkaasi	akkāsī
رومیوں	रूमियों	roomiyon	rūmiyoñ
گیٹ	गेट	gate	geṭ
فیڈریشن	फ़ेडरेशन	federation	feḍreshan
چھت	छत	chhat	chhat
مذاکرات	मुज़ाकरात	muzaakaraat	muzākarāt
سانپ	साँप	saanp	sāñp
اصفہانی	इस्फ़हानी	isfahaani	isfahānī
زینت	ज़ीनत	zeenat	zīnat
وین	वयन	wayan	vayan
کنارہ	किनारा	kinaara	kināra
سینتالیس	सैंतालीस	saintaalees	saintālīs
سراغ	सुराग़	suraagh	surāġ
مریضوں	मरीज़ों	mareezon	marīzoñ
اعزازی	आज़ाज़ी	azaazi	a'zāzī
آکسیجن	ऑक्सीजन	oxygen	āksījan
خوارزم	ख़्वारज़िम	khwaarzim	ḳhvārzim
چانسلر	चांसलर	chaanslar	chānslar
اقرار	इक़रार	iqraar	iqrār
حلب	हलब	halab	halab
تہائی	तिहाई	tihaai	tihāī
لکشمی	लक्ष्मी	lakshmi	lakshmī
رک	रुक	ruk	ruk
ناجائز	नाजाइज़	naajaiz	nājaiz
اڑتیس	अड़तीस	adtees	aṛtīs
بیدار	बेदार	bedaar	bedār
اہلیا	अहलिया	ahliya	ahliyā
تاثیر	तासीर	taaseer	tāsīr
برگ	बर्ग	barg	barg
معلم	मुअल्लिम	muallim	mu'allim
بیانات	बयानात	bayaanaat	bayānāt
سوامی	स्वामी	swaami	svāmī
اپیل	अपील	apeel	apīl
چوہتر	चौहत्तर	chauhattar	chauhattar
ازبکستان	उज़्बकिस्तान	uzbekistan	uzbakistān
سوات	स्वात	swaat	svāt
مراٹھی	मराठी	maraathi	marāṭhī
اکتالیس	इकतालीस	iktaalees	iktālīs
خلاصہ	ख़ुलासा	khulaasa	ḳhulāsa
شراکت	शराकत	sharaakat	sharākat
کونے	कोने	kone	kone
پوشیدہ	पोशीदा	posheeda	poshīda
جمشید	जमशेद	jamshed	jamshed
کینٹ	केंट	keint	keñṭ
تلے	तले	tale	tale
سرپرست	सरपरस्त	sarparast	sarparast
ابوالحسن	अबुल-हसन	abul-hasan	abul-hasan
ہاکی	हॉकी	hockey	hākī
بسمل	बिस्मिल	bismil	bismil
تختہ	तख़्ता	takhta	taḳhta
فلپائن	फ़िलिपींस	philippines	filipāin
کہکشاں	कहकशाँ	kehkashan	kahkashāñ
شعبان	शाबान	shabaan	sha'bān
بیوہ	बेवा	bewa	beva
حرکات	हरकात	harkaat	harkāt
باندھ	बाँध	baandh	bāndh
چوراسی	चौरासी	chauraasi	chaurāsī
بلاگ	ब्लॉग	blog	blāg
پرنسپل	प्रिंसिपल	prinsipal	prinsipal
کتنے	कितने	kitne	kitne
تصنیفات	तस्नीफ़ात	tasneefaat	tasnīfāt
پران	पुराण	puraan	purān
آئس	आइस	ice	āis
لاحق	लाहिक़	laahiq	lāhiq
نوکری	नौकरी	naukri	naukrī
انکشاف	इंकिशाफ़	inkishaaf	inkishāf
ذوالفقار	ज़ुलफ़िक़ार	zulfiqaar	zulfiqār
تواریخ	तवारीख़	tawaareekh	tavārīḳh
منصوبوں	मनसूबों	mansoobon	mansūboñ
سوری	सूरी	soori	sūrī
سیکھنے	सीखने	seekhne	sīkhne
ملٹری	मिल्टरी	miltari	milṭarī
دیہات	देहात	dehaat	dehāt
اکیاسی	इक्यासी	ikyaasi	ikyāsī
الحسین	अल-हुसैन	al-husain	al-husain
بھول	भूल	bhool	bhūl
موثر	मुअस्सिर	muassir	mu'assir
مشاہدات	मुशाहिदात	mushaahidaat	mushāhidāt
اوقیانوس	ऊक़ियानूस	ooqiyaanoos	ūqiyānūs
است	अस्त	ast	ast
مکتوبات	मकतूबात	maktoobaat	maktūbāt
رول	रोल	rol	rol
پچاسی	पचासी	pachaasi	pachāsī
ہائیڈروجن	हाइयड्रोजन	hydrogen	hāīḍrojan
مانے	माने	maane	māne
کانوا	काँवा	kaanwa	kāñvā
شرما	शर्मा	sharma	sharmā
مجرم	मुजरिम	mujrim	mujrim
چھیالیس	छियालीस	chhiyaalees	chhiyālīs
خیالی	ख़याली	khayaali	ḳhayālī
ایکس	एक्स	eks	eks
کاغذی	काग़ज़ी	kaaghzi	kāġzī
مرہٹوں	मरहटों	marhaton	marhaṭoñ
پروان	परवान	parwaan	parvān
ضلعی	ज़िलई	zilai	zila'ī
کوچ	कूच	kooch	kūch
عطیہ	अतिया	atiya	atiya
فنا	फ़ना	fana	fanā
بنائیں	बनाएँ	banaayein	banāeñ
توقع	तवक़्क़ो	tawaqqo	tavaqqo
قسمیں	क़समें	qasamein	qasameñ
پہل	पहल	pahal	pahal
پچانوے	पचानवे	pachaanwe	pachānve
بخشی	बख़्शी	bakhshi	baḳhshī
خارجی	ख़ारिजी	khaariji	ḳhārijī
رائل	रॉयल	royal	rāyal
پرنس	प्रिंस	prins	prins
مطلوبہ	मतलूबा	matlooba	matlūba
ثانوی	सानवी	saanawi	sānavī
چھیانوے	छियानवे	chhiyaanwe	chhiyānve
سیل	सील	seel	sīl
اداکاروں	अदाकारों	adaakaaron	adākāroñ
املا	इमला	imla	imlā
پاتا	पाता	paata	pātā
چائے	चाय	chai	chāe
پطرس	पतरस	patras	patras
مشتاق	मुश्ताक़	mushtaaq	mushtāq
سنبھال	संभाल	sambhaal	sambhāl
لالہ	लाला	laala	lāla
واں	वाँ	waan	vāñ
کارپوریشن	कॉर्पोरेशन	corporation	kārporeshan
دانی	दानी	daani	dānī
زنا	जिना	zina	zinā
دنیاوی	दुनियावी	dunyaawi	dunyāvī
خزرجی	ख़ज़ी	khazarji	ḳhazarjī
معزز	मुअज़्ज़ज़	muazzaz	mu'azzaz
سنہری	सुनहरी	sunehri	sunahrī
اناسی	उनासी	unaasi	unāsī
زدہ	ज़दा	zada	zada
گزارنے	गुज़ारने	guzaarne	guzārne
برما	बरमा	barma	barmā
انی	अनी	ani	anī
نر	नर	nar	nar
خضر	ख़िज़्र	khizr	ḳhizr
مزدوری	मज़दूरी	mazdoori	mazdūrī
وشنو	विष्णु	vishnu	vishnū
اہلیہ	अहलिया	ahliya	ahliya
واقعی	वाक़ई	waaqai	vāqaī
عطاء	अता	ataa	atā
قم	क़म	qam	qam
ماموں	मामूँ	maamoon	māmūñ
فان	फ़ान	faan	fān
ستتر	सतत्तर	satattar	satattar
باسٹھ	बासठ	baasath	bāsaṭh
شنکر	शंकर	shankar	shankar
اٹھاسی	अट्ठासी	atthaasi	aṭṭhāsī
شخصی	शख़्सी	shakhsi	shaḳhsī
لائق	लाइक़	laaiq	lāiq
بابو	बाबू	baabu	bābū
بلوچی	बलूची	baloochi	balūchī
عمان	ओमान	oman	umān
اگلی	अगली	agli	aglī
نعمان	नेमान	nimaan	ni'mān
سڑکوں	सड़कों	sadakon	saṛakoñ
کردیے	कर दिए	kar diye	kar diye
چاہا	चाहा	chaaha	chāhā
گھڑی	घड़ी	ghadi	ghaṛī
قومیت	क़ौमियत	qaumiyat	qaumiyat
شہرہ	शोहरा	shohra	shohra
کڑی	कड़ी	kadi	kaṛī
سوراخ	सुराख़	suraakh	surāḳh
آقا	आक़ा	aaqa	āqā
تقریبات	तक़रीबात	taqreebaat	taqrībāt
انچاس	उनचास	unchaas	unchās
فیئر	फ़ेयर	fair	feyar
القادری	अल-क़ादरी	al-qaadri	al-qādrī
زمرہ	ज़मरा	zamra	zamra
پنجم	पंजम	panjam	panjam
بیاسی	बयासी	bayaasi	bayāsī
فساد	फ़साद	fasaad	fasād
چورانوے	चौरानवे	chauraanwe	chaurānve
جرنیل	जर्नील	jarneel	jarnīl
تھوڑا	थोड़ा	thoda	thoṛā
دیکھو	देखो	dekho	dekho
میدانوں	मैदानों	maidaanon	maidānoñ
منظوم	मंज़ूम	manzoom	manzūm
فرقوں	फ़िरक़ों	firqon	firqoñ
ربی	रब्बी	rabbi	rabbī
صحن	सहन	sehn	sahn
پیروکاروں	पैरोकारों	pairokaaron	pairokāroñ
ستاسی	सत्तासी	sattaasi	sattāsī
اکہتر	इकहत्तर	ikhattar	ikhattar
لگاتے	लगाते	lagaate	lagāte
سرحدیں	सरहदें	sarhadein	sarhadeñ
چترالی	चित्राली	chitraali	chitrālī
لب	लब	lab	lab
صفی	सफ़ी	safi	safī
لگتے	लगते	lagte	lagte
لین	लेन	lane	len
عطارد	उतारिद	utaarid	utārid
شیء	शै	shai	shai
معاونت	मुआवनत	muaawanat	mu'āvanat
چھیاسی	छियासी	chhiyaasi	chhiyāsī
قاعدہ	क़ायदा	qaaida	qā'ida
انتالیس	उनतालीस	untaalees	untālīs
رجحانات	रुझानात	rujhaanaat	rujhānāt
قرطبہ	क़ुर्तुबा	qurtuba	qurtuba
آہنگ	आहंग	aahang	āhang
خودکشی	ख़ुदकुशी	khudkushi	ḳhudkushī
میڈیسن	मेडिसिन	medicine	meḍisin
استاذ	उस्ताज़	ustaaz	ustāz
فرمائے	फ़रमाए	farmaaye	farmāe
مدراس	मद्रास	madras	madrās
بایزید	बायज़ीद	baayzeed	bāyzīd
ڈر	डर	dar	ḍar
فریضہ	फ़रीज़ा	fareeza	farīza
ہٹلر	हिटलर	hitler	hiṭlar
بدلہ	बदला	badla	badla
مشورے	मशवरे	mashware	mashvare
سینے	सीने	seene	sīne
لہجے	लहजे	lehje	lahje
حسرت	हसरत	hasrat	hasrat
قلندر	क़लंदर	qalandar	qalandar
ذہین	ज़हीन	zaheen	zahīn
تریسٹھ	तिरसठ	tirsath	tirsaṭh
ورژن	वर्ज़न	version	varzhan
مجالس	मजालिस	majaalis	majālis
فلسفیانہ	फ़लसफ़ियाना	falsafiyaana	falsafiyāna
صفحے	सफ़्हे	safhe	safhe
عبدالعزیز	अब्दुल-अज़ीज़	abdul-azeez	abdul-azīz
آکسفورڈ	ऑक्सफ़ोर्ड	oxford	āksforḍ
بارہویں	बारहवें	baarehwein	bārahveñ
ایکڑ	एकड़	ekad	ekaṛ
مؤرخین	मुअर्रिख़ीन	muarrikheen	mu'arriḳhīn
ضم	ज़म	zam	zam
مجلہ	मुजल्ला	mujalla	mujalla
ریاضیاتی	रियाज़ियाती	riyaaziyaati	riyāziyātī
ٹوپی	टोपी	topi	ṭopī
عوض	एवज़	ewaz	evaz
باطل	बातिल	baatil	bātil
مڈل	मिडल	middle	miḍal
انسٹھ	उनसठ	unsath	unsaṭh
نویسی	नवीसी	naweesi	navīsī
تابعین	ताबियीन	taabieen	tābi'īn
بہتری	बेहतरी	behtari	behtarī
سہل	सहल	sahal	sahal
ترپن	तिरपन	tirpan	tirpan
روش	रविश	rawish	ravish
تیئیس	तेईस	teis	teīs
چشتیہ	चिश्तिया	chishtiya	chishtiya
رنگوں	रंगों	rangon	rangoñ
شواہد	शवाहिद	shawaahid	shavāhid
باہم	बाहम	baaham	bāham
زینب	ज़ैनब	zainab	zainab
مدھیہ	मध्य	madhya	madhya
تینتالیس	तैंतालीस	taintaalees	taintālīs
چشمہ	चश्मा	chashma	chashma
ماجد	माजिद	maajid	mājid
قدیمی	क़दीमी	qadeemi	qadīmī
پروگراموں	प्रोग्रामों	prograamon	progrāmoñ
گلاب	गुलाब	gulaab	gulāb
حاتم	हातिम	haatim	hātim
پوزیشن	पोज़ीशन	pozeeshan	pozīshan
فورٹ	फ़ोर्ट	fort	forṭ
اکسٹھ	इकसठ	iksath	iksaṭh
تردید	तरदीद	tardeed	tardīd
سڑسٹھ	सड़सठ	sadsath	saṛsaṭh
مولف	मुअल्लिफ़	muallif	mu'allif
دستے	दस्ते	daste	daste
التحصیل	अत-तहसील	at-tehseel	at-tahsīl
چھیاسٹھ	छियासठ	chhiyaasath	chhiyāsaṭh
جریدہ	जरीदा	jareeda	jarīda
ٹرسٹ	ट्रस्ट	trust	ṭrasṭ
عماد	इमाद	imaad	imād
والہ	वाला	waala	vāla
رویے	रवैये	rawaiye	ravaiye
تحریریں	तहरीरें	tehreerein	tahrīreñ
رسوخ	रुसूख़	rusookh	rusūḳh
فل	फ़ुल	full	ful
بانو	बानू	baanu	bānū
شبلی	शिबली	shibli	shiblī
معاش	मआश	maash	ma'āsh
نگران	निगरान	nigraan	nigrān
درسگاہ	दरसगाह	darsgaah	darsgāh
باکس	बॉक्स	box	bāks
تہتر	तिहत्तर	tihattar	tihattar
اکاون	इकावन	ikaawan	ikāvan
اڑسٹھ	अड़सठ	adsath	aṛsaṭh
عظمیٰ	उज़्मा	uzma	uzmā
سچائی	सचाई	sachaai	sachāī
پھولوں	फूलों	phoolon	phūloñ
اکابر	अकाबिर	akaabir	akābir
دادو	दादू	daadu	dādū
دیوبندی	देवबंदी	dewbandi	devbandī
البیان	अल-बयान	al-bayaan	al-bayān
ربک	रब्बुक	rabbuk	rabbuk
حب	हब	hub	hab
بناتی	बनाती	banaati	banātī
فام	फ़ाम	faam	fām
سرائے	सराय	saraaye	sarāe
الٹ	उलट	ulat	ulaṭ
فیہ	फ़ीह	feeh	fīh
لنکن	लिंकन	lincoln	linkan
بڑھتے	बढ़ते	badhte	baṛhte
طریق	तरीक़	tareeq	tarīq
ہڈیوں	हड्डियों	haddiyon	haḍḍiyoñ
وظیفہ	वज़ीफ़ा	wazeefa	vazīfa
کسان	किसान	kisaan	kisān
کشمکش	कशमकश	kashmakash	kashmakash
عقبہ	उक़बा	uqba	uqba
نجف	नज्फ़	najf	najf
اولمپک	ओलंपिक	olampik	olampik
فرشتہ	फ़रिश्ता	farishta	farishta
ثقل	सिक़्ल	siql	siql
لاس	लॉस	los	lās
معتمد	मोतमद	motamad	mo'tamad
ہمدانی	हमदानी	hamdaani	hamdānī
سوز	सोज़	soz	soz
مرے	मरे	mare	mare
اٹھانوے	अट्ठानवे	atthaanwe	aṭṭhānve
آداب	आदाब	aadaab	ādāb
جٹ	जट	jat	jaṭ
مجسمے	मुजस्समे	mujassame	mujassame
رکعت	रकत	rakat	rak'at
سینتیس	सैंतीस	saintees	saintīs
نازک	नाज़ुक	naazuk	nāzuk
مظالم	मज़ालिम	mazaalim	mazālim
فیہا	फ़ीहा	feeha	fīhā
ترقیاتی	तरक़्क़ियाती	taraqqiyaati	taraqqiyātī
خانم	ख़ानम	khaanam	ḳhānam
خاموشی	ख़ामोशी	khaamoshi	ḳhāmoshī
چھہتر	छिहत्तर	chhihattar	chhihattar
متاثرہ	मुतास्सिरा	mutaassira	mutāssira
شعیب	शोएब	shuaib	shu'aib
بنام	बनाम	banaam	banām
نورجہاں	नूरजहाँ	noorjahan	nūrjahāñ
اسماعیلی	इस्माइली	ismaaeeli	ismā'īlī
انتقام	इंतिक़ाम	intiqaam	intiqām
موج	मौज	mauj	mauj
صفوی	सफ़्वी	safwi	safvī
پتے	पत्ते	patte	patte
سیریل	सीरियल	serial	sīriyal
مختاری	मुख़्तारी	mukhtaari	muḳhtārī
ذرات	ज़र्रात	zarraat	zarrāt
تحفہ	तोहफ़ा	tohfa	tohfa
آفیسر	आफ़ीसर	officer	āfīsar
نعتیہ	नातिया	natiya	na'tiya
موڑ	मोड़	mod	moṛ
اکیانوے	इक्यानवे	ikyaanwe	ikyānve
قلیل	क़लील	qaleel	qalīl
فری	फ़्री	free	frī
کھلاڑیوں	खिलाड़ियों	khilaadiyon	khilāṛiyoñ
بھوک	भूक	bhook	bhūk
تاثر	तअस्सुर	taassur	ta'assur
انتشار	इंतिशार	intishaar	intishār
مالا	माला	maala	mālā
ادراک	इदराक	idraak	idrāk
ہدف	हदफ़	hadaf	hadaf
جبر	जब्र	jabr	jabr
برے	बुरे	bure	bure
معاصر	मुआसिर	muaasir	mu'āsir
کرد	कुर्द	kurd	kurd
اندازے	अंदाज़े	andaaze	andāze
نورانی	नूरानी	nooraani	nūrānī
داریاں	दारियाँ	daariyan	dāriyāñ
شہریت	शहरियत	shehriyat	shahriyat
پاگئے	पा गए	pa gaye	pā gae
تخلیقات	तख़्लीक़ात	takhleeqaat	taḳhlīqāt
ذخائر	ज़ख़ाइर	zakhaair	zaḳhāir
چہ	चे	che	che
رموز	रुमूज़	rumooz	rumūz
مستعفی	मुस्ताफ़ी	mustafi	musta'fī
محافظ	मुहाफ़िज़	muhaafiz	muhāfiz
غیاث	ग़ियास	ghiyaas	ġiyās
پت	पत	pat	pat
کریک	करीक	kareek	karīk
مصنفہ	मुसन्निफ़ा	musannifa	musannifa
سون	सोन	son	son
محترمہ	मोहतरमा	mohtarma	mohtarma
چلائی	चलाई	chalaai	chalāī
سرحدوں	सरहदों	sarhadon	sarhadoñ
پائلٹ	पायलट	pilot	pāilaṭ
لڑکوں	लड़कों	ladkon	laṛkoñ
اہلکار	अहलकार	ahalkaar	ahalkār
کیف	कैफ़	kaif	kaif
پوش	पोश	posh	posh
ڈسٹرکٹ	डिस्ट्रिक्ट	district	ḍisṭrikṭ
منحصر	मुन्हसिर	munhasir	munhasir
واسطہ	वास्ता	waasta	vāsta
عوف	औफ़	auf	auf
تقویت	तक़्वियत	taqwiyat	taqviyat
مفسر	मुफ़स्सिर	mufassir	mufassir
حفاظتی	हिफ़ाज़ती	hifaazati	hifāzatī
پردے	पर्दे	parde	parde
حسد	हसद	hasad	hasad
منگولوں	मंगोलों	mangolon	mangoloñ
بطن	बत्न	batn	batn
گمان	गुमान	gumaan	gumān
اٹھتر	उठत्तर	uthattar	uṭhattar
مونٹانا	मोंटाना	montaana	monṭānā
ممنوع	मम्नू	mamnoo	mamnū
ملتانی	मुल्तानी	multaani	multānī
قریبا	क़रीबन	qareeban	qarīban
تمنا	तमन्ना	tamanna	tamannā
وزیرستان	वज़ीरिस्तान	waziristan	vazīristān
انعامات	इन्यामात	inaamaat	in'āmāt
تریانوے	तिरयानवे	tiryaanwe	tiryānve
مبینہ	मुबय्यना	mubayyana	mubayyana
کنندہ	कुनिंदा	kuninda	kuninda
علیم	अलीम	aleem	alīm
رضویہ	रज़्विया	razwiya	razviya
ہلاکت	हलाकत	halaakat	halākat
سکہ	सिक्का	sikka	sikka
موصل	मोसुल	mosul	mausil
بوسنیا	बोस्निया	bosnia	bosniyā
ڈھانچہ	ढांचा	dhaancha	ḍhāncha
قدامت	क़दामत	qadaamat	qadāmat
کتنی	कितनी	kitni	kitnī
قطار	क़तार	qataar	qatār
کسانوں	किसानों	kisaanon	kisānoñ
ناپید	नापीद	naapeed	nāpīd
باغات	बाग़ात	baaghaat	bāġāt
روئے	रोए	roye	roe
مسکن	मसकन	maskan	maskan
اوریگون	ऑरेगन	oregon	oregan
کارل	कार्ल	karl	kārl
بتائے	बताए	bataaye	batāe
گزارے	गुज़ारे	guzaare	guzāre
راغب	राग़िब	raaghib	rāġib
فعلیات	फ़ेलियात	filiyaat	fi'liyāt
انہتر	उनहत्तर	unhattar	unhattar
الدنیا	अद-दुनिया	ad-duniya	ad-duniyā
پٹنہ	पट्ना	patna	paṭna
میسور	मैसूर	maisoor	maisūr
ماحولیاتی	माहौलियाती	maahauliyaati	māhauliyātī
آمیز	आमेज़	aamez	āmez
آندھرا	आंधरा	aandhra	āndhrā
شہ	शह	shah	shah
ناسا	नासा	naasa	nāsā
گھنٹوں	घंटों	ghanton	ghanṭoñ
جلوس	जुलूस	juloos	julūs
محراب	मेहराब	mehraab	mehrāb
ساؤتھ	साउथ	south	sāuth
معبود	माबूद	mabood	ma'būd
توہین	तौहीन	tauheen	tauhīn
جوڑا	जोड़ा	joda	joṛā
صداقت	सदाक़त	sadaaqat	sadāqat
مارنے	मारने	maarne	mārne
آزادانہ	आज़ादाना	aazaadaana	āzādāna
شوال	शवाल	shawaal	shavāl
شایع	शाया	shaya	shā'e
بگ	बिग	big	big
دشمنی	दुश्मनी	dushmani	dushmanī
نباتات	नबातात	nabaataat	nabātāt
نحو	नह्व	nehw	nahv
قلات	क़लात	qalaat	qalāt
پچہتر	पचहत्तर	pachattar	pachattar
سیراب	सीराब	seeraab	sīrāb
چیمپئن	चैंपियन	champion	chaimpiyan
کیوبا	क्यूबा	cuba	kyūbā
الکلام	अल-कलाम	al-kalaam	al-kalām
رسومات	रुसूमात	rusoomaat	rusūmāt
سولہویں	सोलहवें	solehwein	solahveñ
راجن	राजन	raajan	rājan
غلاموں	ग़ुलामों	ghulaamon	ġulāmoñ
بلغاریہ	बुल्ग़ारिया	bulgaria	bulġāriya
تار	तार	taar	tār
مغلوں	मुग़लों	mughalon	muġaloñ
بیانوے	बयानवे	bayaanwe	bayānve
پرندے	परिंदे	parinde	parinde
حلیم	हलीम	haleem	halīm
ذہانت	ज़हानत	zahaanat	zahānat
رکوع	रुकू	ruku	rukū
مروجہ	मुरव्वजा	murawwaja	muravvaja
ادویات	अद्वियात	adwiyaat	adviyāt
مرہ	मरा	mara	mara
بھلا	भला	bhala	bhalā
قطعی	क़तई	qati	qat'ī
طیارہ	तय्यारा	tayyaara	tayyāra
ریختہ	रेख़ता	rekhta	reḳhta
عادت	आदत	aadat	ādat
مس	मिस	mis	mis
ایلن	एलिन	elin	elin
پہلوی	पहलवी	pehlawi	pahlavī
علیکم	अलैकुम	alaikum	alaikum
تبلیغی	तबलीग़ी	tableeghi	tablīġī
غرناطہ	ग़रनाता	gharnaata	ġarnāta
سکوں	सिक्कों	sikkon	sikkoñ
آرمینیا	आर्मीनिया	armenia	ārmīniyā
شطرنج	शतरंज	shatranj	shatranj
کلمات	कलिमात	kalimaat	kalimāt
ترکیب	तरकीब	tarkeeb	tarkīb
لطیفہ	लतीफ़ा	lateefa	latīfa
اقلیتی	अक़्लियती	aqliyati	aqliyatī
انفارمیشن	इन्फ़ॉर्मेशन	information	informeshan
بتاتا	बताता	bataata	batātā
الفقار	अल-फ़िक़ार	al-fiqaar	al-fiqār
قمری	क़म्री	qamri	qamrī
مہتمم	मुहतमिम	muhtamim	muhtamim
خطرات	ख़तरात	khatraat	ḳhatrāt
دھوکا	धोका	dhoka	dhokā
مامون	मामून	maamoon	māmūn
مادری	माद्री	maadri	mādrī
معاشرت	माशरत	muaasharat	mu'āsharat
ٹریبیون	ट्रिब्यून	tribune	ṭribyūn
پہنچتے	पहुँचते	pahunchte	pahuñchte
مطلع	मतला	matla	matla
تصادم	तसादुम	tasaadum	tasādum
تالاب	तालाब	taalaab	tālāb
خدائی	ख़ुदाई	khudaai	ḳhudāī
بذات	बज़ात	ba-zaat	ba-zāt
پارہ	पारा	paara	pāra
پزیرائی	पज़ीराई	pazeeraai	pazīrāī
یاسر	यासिर	yaasir	yāsir
خرابی	ख़राबी	kharaabi	ḳharābī
جاہلیت	जाहिलियत	jaahiliyat	jāhiliyat
مفاد	मुफ़ाद	mufaad	mufād
لادن	लादन	laadan	lādan
مفکر	मुफ़क्किर	mufakkir	mufakkir
کہاجاتا	कहा जाता	kaha jaata	kahā jātā
دھن	धुन	dhun	dhun
مظاہرے	मुज़ाहिरे	muzaahire	muzāhire
محمدی	मुहम्मदी	muhammadi	muhammadī
قندھار	क़ंधार	qandhaar	qandhār
گجراتی	गुजराती	gujraati	gujrātī
مصدر	मसदर	masdar	masdar
مشترک	मुश्तरक	mushtarak	mushtarak
گیارہویں	ग्यारहवें	gyaarehwein	gyārahveñ
گواہ	गवाह	gawaah	gavāh
جذباتی	जज़्बाती	jazbaati	jazbātī
مردان	मरदान	mardan	mardān
تبدیلیوں	तबदीलियों	tabdeeliyon	tabdīliyoñ
ڈیموکریٹک	डेमोक्रेटिक	democratic	ḍemokreṭik
مشاہیر	मुशाहीर	mushaaheer	mushāhīr
اکرام	इकराम	ikraam	ikrām
جریر	जरीर	jareer	jarīr
ترغیب	तरग़ीब	targheeb	tarġīb
بتاتی	बताती	bataati	batātī
قسمت	क़िस्मत	qismat	qismat
جہد	जहद	jehd	jahd
درود	दुरूद	durood	durūd
باغی	बाग़ी	baaghi	bāġī
مایہ	माया	maaya	māya
کتنا	कितना	kitna	kitnā
یونیسکو	यूनेस्को	unesco	yūnesko
عبدالرحمن	अब्दुर-रहमान	abdur-rehmaan	abdur-rahmān
ناقدین	नाक़िदीन	naaqideen	nāqidīn
قدرے	क़दरे	qadre	qadre
سنگین	संगीन	sangeen	sangīn
لمیٹڈ	लिमिटेड	limited	limiṭeḍ
تریاسی	तिरयासी	tiryaasi	tiryāsī
گلزار	गुलज़ार	gulzaar	gulzār
گرا	गिरा	gira	girā
بھیجی	भेजी	bheji	bhejī
ضخیم	ज़ख़ीम	zakheem	zaḳhīm
کیفیات	कैफ़ियात	kaifiyaat	kaifiyāt
ٹومب	टोंब	tomb	ṭomb
نیند	नींद	neend	nīnd
موجد	मूजिद	moojid	mūjid
مرگ	मर्ग	marg	marg
مؤثر	मुअस्सिर	muassir	muassir
میت	मय्यत	mayyat	mayyat
تلقین	तल्क़ीन	talqeen	talqīn
پلے	पले	pale	pale
ادیبوں	अदीबों	adeebon	adīboñ
ہوسکتے	हो सकते	ho sakte	ho sakte
چاول	चावल	chaawal	chāval
البانیا	अल्बानिया	albania	albāniyā
وہو	वहो	waho	vaho
قبیلوں	क़बीलों	qabeelon	qabīloñ
لکیر	लकीर	lakeer	lakīr
متوقع	मुतवक़्क़े	mutawaqqe	mutavaqqe
بخت	बख़्त	bakht	baḳht
بھگت	भगत	bhagat	bhagat
تحصیلوں	तहसीलों	tehseelon	tahsīloñ
حسام	हिसाम	hisaam	hisām
مہینہ	महीना	maheena	mahīna
وضو	वुज़ू	wuzu	vuzū
گڑھے	गढ़े	gadhe	gaṛhe
خبروں	ख़बरों	khabaron	ḳhabaroñ
بچاؤ	बचाव	bachaav	bachāv
ماریو	मारियो	maariyo	māriyo
روکا	रोका	roka	rokā
آسام	आसाम	assam	āsām
ریاضیات	रियाज़ियात	riyaaziyaat	riyāziyāt
آسمانی	आसमानी	aasmaani	āsmānī
شاخوں	शाख़ों	shaakhon	shāḳhoñ
گندم	गंदुम	gandum	gandum
نوائے	नवा-ए	nawa-e	navā-e
کھیلنے	खेलने	khelne	khelne
بھیڑ	भीड़	bheed	bhīṛ
موتی	मोती	moti	motī
روزے	रोज़े	roze	roze
قرات	क़िरात	qiraat	qirā'at
جوں	जूँ	joon	jūñ
فصیل	फ़सील	faseel	fasīl
مثالی	मिसाली	misaali	misālī
سلجوقی	सलजुक़ी	saljooqi	saljūqī
بڑھانے	बढ़ाने	badhaane	baṛhāne
اونچے	ऊँचे	oonche	ūñche
سیزن	सीज़न	season	sīzan
پھیلے	फैले	phaile	phaile
استقبال	इस्तेक़बाल	isteqbaal	isteqbāl
اذان	अज़ान	azaan	azān
ایتھنز	एथेंस	athens	ethanz
مددگار	मददगार	madadgaar	madadgār
سنتے	सुनते	sunte	sunte
ربیعہ	रबीआ	rabia	rabī'a
مادر	मादर	maadar	mādar
اسکاٹ	स्कॉट	scott	skāṭ
فرشتے	फ़रिश्ते	farishte	farishte
تفریح	तफ़रीह	tafreeh	tafrīh
دھول	धूल	dhool	dhūl
نون	नून	noon	nūn
چھین	छीन	chheen	chhīn
گرنے	गिरने	girne	girne
ڈالے	डाले	daale	ḍāle
بنک	बंक	bank	bank
مشاعروں	मुशाइरों	mushaairon	mushā'iroñ
فرحت	फ़रहत	farhat	farhat
نایاب	नायाब	naayaab	nāyāb
کارٹون	कार्टून	cartoon	kārṭūn
دبئی	दुबई	dubai	dubaī
برتری	बरतरी	bartari	bartarī
ماننا	मानना	maanna	mānnā
جرائد	जराइद	jaraaid	jarāid
تعظیم	ताज़ीम	tazeem	ta'zīm
کارنامے	कारनामे	kaarnaame	kārnāme
نجوم	नुजूम	nujoom	nujūm
ایکسچینج	एक्सचेंज	ekschenj	ekschenj
عدنان	अदनान	adnaan	adnān
کانوں	कानों	kaanon	kānoñ
فکشن	फ़िक्शन	fiction	fikshan
گرمیوں	गर्मियों	garmiyon	garmiyoñ
عدلیہ	अदलिया	adliya	adliya
راک	रॉक	rock	rāk
الہند	अल-हिंद	al-hind	al-hind
جملے	जुमले	jumle	jumle
دفتری	दफ़्तरी	daftari	daftarī
کفروا	कफ़रू	kafaru	kafarū
یتیم	यतीम	yateem	yatīm
تصویریں	तस्वीरें	tasweerein	tasvīreñ
اساس	असास	asaas	asās
فلاں	फ़ुलाँ	fulan	fulāñ
روی	रवि	rawi	ravi
توپ	तोप	top	top
پارے	पारे	paare	pāre
جیکب	जैकब	jacob	jaikab
علاؤ	अलाउ	alaau	alāu
انجینئر	इंजीनियर	injeeniyar	injīniyar
ارشد	अर्शद	arshad	arshad
سراہا	सराहा	saraaha	sarāhā
جدہ	जेद्दा	jedda	jedda
جریدے	जरीदे	jareede	jarīde
فائنل	फ़ाइनल	faainal	fāinal
احیاء	अहया	ahyaa	ahyā
رحمانی	रहमानी	rehmaani	rahmānī
سیدہ	सय्यिदा	sayyida	sayyida
اٹھائے	उठाए	uthaaye	uṭhāe
کیپٹن	कैप्टन	captain	kaipṭan
رفت	रफ़्त	raft	raft
جلسہ	जलसा	jalsa	jalsa
اعتراضات	एतिराज़ात	etiraazaat	e'tirāzāt
اٹھاتے	उठाते	uthaate	uṭhāte
گزرتا	गुज़रता	guzarta	guzartā
میک	मैक	maik	maik
نقطۂ	नुक़्ता	nuqta	nuqta
ایوبی	अय्यूबी	ayyoobi	ayyūbī
مشرکین	मुश्रिकीन	mushrikeen	mushrikīn
گرما	गरमा	garma	garmā
زاویہ	ज़ाविया	zaawiya	zāviya
شفقت	शफ़क़त	shafqat	shafqat
لانا	लाना	laana	lānā
دری	दरी	dari	darī
طیبہ	तैयबा	taiyaba	taiyaba
گاوں	गाँव	gaon	gāoñ
میانوالی	मियाँवाली	mianwali	miyāñvālī
طبعی	तबई	tabi	tab'ī
حساس	हस्सास	hassaas	hassās
ہنگامہ	हंगामा	hangaama	hangāma
نشستیں	नशिस्तें	nashistein	nashisteñ
طفیل	तुफ़ैल	tufail	tufail
موٹر	मोटर	motar	moṭar
کٹ	कट	kat	kaṭ
گریجویٹ	ग्रेजुएट	graduate	grejueṭ
سروں	सुरों	suron	suroñ
خاصہ	ख़ासा	khaasa	ḳhāsa
بولے	बोले	bole	bole
آریائی	आरियाई	aaryaai	āryāī
امکانات	इमकानात	imkaanaat	imkānāt
مملوک	ममलूक	mamlook	mamlūk
حفیظ	हफ़ीज़	hafeez	hafīz
دستی	दस्ती	dasti	dastī
دستہ	दस्ता	dasta	dasta
طنز	तंज़	tanz	tanz
پہنچتی	पहुँचती	pahunchti	pahuñchtī
منتظم	मुंतज़िम	muntazim	muntazim
زمیندار	ज़मींदार	zameendaar	zamīndār
فرمائیں	फ़रमाएँ	farmaayein	farmāeñ
مانس	मानस	maanas	mānas
غنی	ग़नी	ghani	ġanī
فلاحی	फ़लाही	falaahi	falāhī
زی	ज़ी	zi	zī
ترانہ	तराना	taraana	tarāna
بڑھے	बढ़े	badhe	baṛhe
لارنس	लॉरेंस	lawrence	lārens
رتن	रतन	ratan	ratan
جڑ	जड़	jad	jaṛ
قارئین	क़ारिईन	qaarieen	qāri'īn
ہوجائیں	हो जाएँ	ho jaayein	ho jāeñ
میوزک	म्यूज़िक	music	myūzik
صابر	साबिर	saabir	sābir
بلال	बिलाल	bilaal	bilāl
مہا	महा	maha	mahā
مرکبات	मुरक्कबात	murakkabaat	murakkabāt
کردیتا	कर देता	kar deta	kar detā
ہا	हा	ha	hā
چور	चोर	chor	chor
آنسو	आँसू	aansu	āñsū
ہمدرد	हमदर्द	hamdard	hamdard
درآمد	दरामद	daraamad	darāmad
نی	नी	ni	nī
مطبع	मतबा	matba	matbā
نغمے	नग़मे	naghme	naġme
سیاروں	सियारों	siyaaron	siyāroñ
الفضل	अल-फ़ज़ल	al-fazl	al-fazl
موازنہ	मवाज़ना	mawaazna	mavāzna
انفو	इंफ़ो	info	info
طباعت	तबाअत	tabaat	tabā'at
پبلیکیشنز	पब्लिकेशंज़	publications	pablikeshanz
شعبۂ	शोबा	shoba	sho'ba
آگاہی	आगाही	aagaahi	āgāhī
فورم	फ़ोरम	forum	foram
دانتوں	दाँतों	daanton	dāñtoñ
ذرہ	ज़र्रा	zarra	zarra
فلا	फ़िला	fila	filā
غزالی	ग़ज़ाली	ghazaali	ġazālī
تفریق	तफ़्रीक़	tafreeq	tafrīq
انانوے	अनानवे	anaanwe	anānve
چغتائی	चुग़ताई	chagatai	chuġtāī
کلیسا	कलीसा	kaleesa	kalīsā
نیدرلینڈز	नीदरलैंड्स	netherlands	nīdarlainḍz
کیمپس	कैंपस	campus	kaimpas
جمادی	जमादी	jamaadi	jamādī
پانچواں	पाँचवाँ	paanchwan	pāñchvāñ
پہلوان	पहलवान	pahalwaan	pahalvān
کناروں	किनारों	kinaaron	kināroñ
ارجنٹائن	अर्जेंटीना	argentina	arjenṭīnā
گھاس	घास	ghaas	ghās
گزری	गुज़री	guzri	guzrī
کرشنا	कृष्णा	krishna	krishnā
جانچ	जाँच	jaanch	jāñch
نقاب	नक़ाब	naqaab	naqāb
علموں	इल्मों	ilmon	ilmoñ
سمرقند	समरक़ंद	samarkand	samarqand
گراں	गिराँ	giran	girāñ
جنید	जुनैद	junaid	junaid
قربان	क़ुर्बान	qurbaan	qurbān
رومانی	रूमानी	roomaani	rūmānī
تابع	ताबे	taabe	tābe
اطمینان	इत्मीनान	itmeenaan	itmīnān
نوشی	नोशी	noshi	noshī
شہزادے	शहज़ादे	shehzaade	shahzāde
پری	परी	pari	parī
ھو	हो	ho	ho
اتھارٹی	अथॉरिटी	authority	athāriṭī
جلدیں	जिल्दें	jildein	jildeñ
امانت	अमानत	amaanat	amānat
بہبود	बहबूद	behbood	bahbūd
غزہ	ग़ज़ा	gaza	ġaza
گلشن	गुलशन	gulshan	gulshan
بجٹ	बजट	bajat	bajaṭ
لاگو	लागो	laago	lāgo
حس	हिस	his	his
گھوڑا	घोड़ा	ghoda	ghoṛā
شادیاں	शादियाँ	shaadiyan	shādiyāñ
خوشحال	ख़ुशहाल	khushhaal	ḳhushhāl
سالگرہ	सालगिरह	saalgirah	sālgirah
سپاہ	सिपाह	sipaah	sipāh
بشر	बशर	bashar	bashar
تفتیش	तफ़्तीश	tafteesh	taftīsh
فضائل	फ़ज़ाइल	fazaail	fazāil
عبرت	इबरत	ibrat	ibrat
بخار	बुख़ार	bukhaar	buḳhār
لوزیانا	लूज़ियाना	looziyaana	lūziyānā
نشانات	निशानात	nishaanaat	nishānāt
ہندسہ	हिंदसा	hindisa	hindisa
عضو	उज़्व	uzw	uzv
ناولوں	नॉवेलों	novelon	nāviloñ
السماوات	अस-समावात	as-samaawaat	as-samāvāt
جنگیں	जंगें	jangein	jangeñ
کروفٹ	क्रोफ़्ट	kroft	krofṭ
مخلوط	मख़्लूत	makhloot	maḳhlūt
محور	मिह्वर	mihwar	mihvar
راحت	राहत	raahat	rāhat
گود	गोद	god	god
بادشاہی	बादशाही	baadshaahi	bādshāhī
رازی	राज़ी	raazi	rāzī
بیج	बीज	beej	bīj
الحمد	अल-हम्द	al-hamd	al-hamd
گذشتہ	गुज़श्ता	guzashta	guzashta
گھوڑوں	घोड़ों	ghodon	ghoṛoñ
حنفیہ	हनफ़िया	hanafiya	hanafiya
اینٹوں	ईंटों	eenton	īñṭoñ
سمجھنا	समझना	samajhna	samajhnā
سردی	सर्दी	sardi	sardī
کندہ	कंदा	kanda	kanda
صل	सिल	sil	sil
دت	दत्त	datt	datt
پبلی	पुबली	publi	publī
کارکنوں	कारकुनों	kaarkunon	kārkunoñ
آؤٹ	आउट	out	āuṭ
میساچوسٹس	मैसाचुसेट्स	massachusetts	maisāchuseṭs
تقرر	तक़र्रुर	taqarrur	taqarrur
دلکش	दिलकश	dilkash	dilkash
سنز	संस	sons	sanz
کریمیا	क्रीमिया	kreemiya	krīmiyā
توں	तूँ	toon	tūñ
رکنیت	रुकनियत	rukniyat	rukniyat
کنویں	कुएँ	kuyein	kueñ
پیدل	पैदल	paidal	paidal
پھیلانے	फैलाने	phailaane	phailāne
بہر	बहर	bahar	bahar
سرگرمیاں	सरगर्मियाँ	sargarmiyan	sargarmiyāñ
پیٹر	पेटर	petar	peṭar
رستم	रुस्तम	rustam	rustam
اسکندریہ	इसकंदरिया	iskandariya	iskandariya
ویانا	वियना	vienna	viyānā
طاقتوں	ताक़तों	taaqaton	tāqatoñ
مصیبت	मुसीबत	museebat	musībat
ثناء	सना	sanaa	sanā
بالترتیب	बित-तरतीब	bit-tarteeb	bit-tartīb
پاور	पावर	paawar	pāvar
اکبری	अकबरी	akbari	akbarī
آرتھر	आर्थर	aarthar	ārthar
جماعتیں	जमाअतें	jamaatein	jamā'ateñ
تی	ती	ti	tī
مفادات	मुफ़ादात	mufaadaat	mufādāt
فریڈرک	फ़्रीड्रिक	freedrik	frīḍrik
رچلینڈ	रिचलैंड	richlaind	richlainḍ
شیواجی	शिवाजी	shiwaaji	shivājī
منشیات	मुनश्शियात	munashshiyaat	munashshiyāt
فرش	फ़र्श	farsh	farsh
کلچر	कल्चर	culture	kalchar
قطعہ	क़ितआ	qita	qit'a
ہوم	होम	hom	hom
پھینک	फेंक	phenk	phenk
جواز	जवाज़	jawaaz	javāz
ضعیف	ज़ईफ़	zaeef	za'īf
پھیلاؤ	फैलाव	phailaav	phailāv
سنبھالی	संभाली	sambhaali	sambhālī
تیونس	ट्यूनिस	tunis	ṭyūnis
بہاول	बहावुल	bahaawul	bahāvul
بڑھتا	बढ़ता	badhta	baṛhtā
شہد	शहद	shahad	shahad
صارف	सारिफ़	saarif	sārif
غنیمت	ग़नीमत	ghaneemat	ġanīmat
مقررہ	मुक़र्रा	muqarrara	muqarrara
بابائے	बाबाए	baabaaye	bābāe
گراؤنڈ	ग्राउंड	graaund	grāunḍ
کہتی	कहती	kehti	kahtī
بھوٹان	भूटान	bhutan	bhūṭān
شورش	शोरिश	shorish	shorish
غروب	ग़ुरूब	ghuroob	ġurūb
ہنگری	हंगरी	hangari	hangarī
ثالث	सालिस	saalis	sālis
بکری	बकरी	bakri	bakrī
بھتیجے	भतीजे	bhateeje	bhatīje
سخی	सख़ी	sakhi	saḳhī
گولڈن	गोल्डन	goldan	golḍan
اسسٹنٹ	असिस्टंट	assistant	assisṭanṭ
تری	तेरी	teri	terī
صورتوں	सूरतों	sooraton	sūratoñ
سینہ	सीना	seena	sīna
غارت	ग़ारत	ghaarat	ġārat
کولوراڈو	कोलोराडो	koloraado	kolorāḍo
پہن	पहन	pahan	pahan
بتوں	बुतों	buton	butoñ
عامل	आमिल	aamil	āmil
بصیرت	बसीरत	baseerat	basīrat
باقیات	बाक़ियात	baaqiyaat	bāqiyāt
ایتھوپیا	इथियोपिया	ethiopia	ithiyopiyā
دھاتوں	धातों	dhaaton	dhātoñ
بھرا	भरा	bhara	bharā
سیاسیات	सियासियात	siyaasiyaat	siyāsiyāt
بچی	बची	bachi	bachī
مناتے	मनाते	manaate	manāte
العین	अल-ऐन	al-ain	al-ain
معاذ	मआज़	maaz	ma'āz
حرمت	हुर्मत	hurmat	hurmat
تاب	ताब	taab	tāb
تمباکو	तंबाकू	tambaaku	tambākū
دھوپ	धूप	dhoop	dhūp
مہمات	मुहिमात	muhimaat	muhimāt
دعوے	दावे	daawe	dāve
اشفاق	अश्फ़ाक़	ashfaaq	ashfāq
صوتی	सौती	sauti	sautī
تاجکستان	ताजिकिस्तान	tajikistan	tājikistān
کمرہ	कमरा	kamra	kamra
کرامت	करामत	karaamat	karāmat
مقالے	मक़ाले	maqaale	maqāle
منگول	मंगोल	mangol	mangol
غفلت	ग़फ़लत	ghaflat	ġaflat
سالم	सालिम	saalim	sālim
ٹھٹوی	ठटवी	thatwi	ṭhaṭvī
متوسط	मुतवस्सित	mutawassit	mutavassit
پیسہ	पैसा	paisa	paisa
منبع	मंबा	mamba	mambā
میزان	मीज़ान	meezaan	mīzān
گرجا	गिरजा	girja	girjā
رشوت	रिश्वत	rishwat	rishvat
ناڈو	नाडु	naadu	nāḍu
لوٹا	लौटा	lauta	lauṭā
روزمرہ	रोज़मर्रा	rozmarra	rozmarra
ماہانہ	माहाना	maahaana	māhāna
الموت	अल-मौत	al-maut	al-maut
سکھر	सक्खर	sukkur	sakkhar
سائنسز	साइंसिज़	saainsiz	sāinsiz
ٹن	टन	ton	ṭan
برفانی	बर्फ़ानी	barfaani	barfānī
طلائی	तलाई	talaai	talāī
تنویر	तन्वीर	tanweer	tanvīr
خزانے	ख़ज़ाने	khazaane	ḳhazāne
منٹو	मंटो	manto	manṭo
ذاکر	ज़ाकिर	zaakir	zākir
وسیلہ	वसीला	waseela	vasīla
نعرہ	नारा	nara	na'ra
طوسی	तूसी	toosi	tūsī
بالعموم	बिल-उमूम	bil-umoom	bil-umūm
مودی	मोदी	modi	modī
ملحقہ	मुलहिक़ा	mulhiqa	mulhiqa
روحانیت	रूहानियत	roohaaniyat	rūhāniyat
وہم	वहम	waham	vaham
ایجنٹ	एजेंट	agent	ejanṭ
المبارک	अल-मुबारक	al-mubaarak	al-mubārak
تسمیہ	तसमिया	tasmiya	tasmiya
الحمید	अल-हमीद	al-hameed	al-hamīd
شمارہ	शुमारा	shumaara	shumāra
تخیل	तख़य्युल	takhayyul	taḳhayyul
وکلا	वुकला	wukala	vukalā
عاصم	आसिम	aasim	āsim
ہرگز	हरगिज़	hargiz	hargiz
مولا	मौला	maula	maulā
نواح	नवाह	nawaah	navāh
کھایا	खाया	khaaya	khāyā
بالوں	बालों	baalon	bāloñ
عز	इज़्ज़	izz	izz
ریڈ	रेड	red	reḍ
القدر	अल-क़द्र	al-qadar	al-qadar
تعصب	तअस्सुब	taassub	ta'assub
نیکی	नेकी	neki	nekī
نبھایا	निभाया	nibhaaya	nibhāyā
تناظر	तनाज़ुर	tanaazur	tanāzur
اتوار	इतवार	itwaar	itvār
عملے	अमले	amle	amle
اظہر	अज़्हर	azhar	azhar
سنایا	सुनाया	sunaaya	sunāyā
بہی	बही	bahi	bahī
بیاہ	ब्याह	byaah	byāh
مشاہدے	मुशाहिदे	mushaahide	mushāhide
القدس	अल-क़ुद्स	al-quds	al-quds
بورک	बोरक	borak	borak
نسواں	निसवाँ	niswan	nisvāñ
تلامذہ	तलामज़ा	talaamaza	talāmaza
ہنس	हँस	hans	hañs
مذاق	मज़ाक़	mazaaq	mazāq
سچے	सच्चे	sachche	sachche
الرزاق	अर-रज़्ज़ाक़	ar-razzaaq	ar-razzāq
میلہ	मेला	mela	mela
زائرین	ज़ाइरीन	zaaireen	zāirīn
قافیہ	क़ाफ़िया	qaafiya	qāfiya
مکانی	मकानी	makaani	makānī
اسٹونیا	इस्टोनिया	istoniya	isṭoniyā
سقوط	सक़ूत	saqoot	saqūt
روشناس	रूशनास	rooshanaas	rūshanās
کیشنز	केशंज़	keshanz	keshanz
اذ	इज़	iz	iz
شاعرانہ	शायराना	shaairaana	shā'irāna
ساہیوال	साहीवाल	sahiwal	sāhīvāl
مخاطب	मुख़ातिब	mukhaatib	muḳhātib
بھارتیہ	भारतीय	bhartiya	bhārtīya
چیلنج	चैलेंज	challenge	chailenj
پیشاب	पेशाब	peshaab	peshāb
فرماں	फ़रमाँ	farman	farmāñ
کھرل	खरल	kharal	kharal
ٹریننگ	ट्रेनिंग	trening	ṭrening
بلاشبہ	बिला-शुबहा	bila-shubha	bilā-shubha
لودھی	लोधी	lodhi	lodhī
مقدسہ	मुक़द्दसा	muqaddasa	muqaddasa
پہاڑیوں	पहाड़ियों	pahaadiyon	pahāṛiyoñ
مدح	मद्ह	madh	madh
میراث	मीरास	meeraas	mīrās
الرسول	अर-रसूल	ar-rasool	ar-rasūl
ہالینڈ	हॉलैंड	holaind	holainḍ
ٹیک	टेक	tek	ṭek
پرستش	परस्तिश	parastish	parastish
وفیات	वफ़ियात	wafiyaat	vafiyāt
عمارتیں	इमारतें	imaaratein	imārateñ
رشد	रुश्द	rushd	rushd
یونیورسٹیوں	यूनिवर्सिटियों	yooniwarsitiyon	yūnivarsiṭiyoñ
تقاریب	तक़ारीब	taqaareeb	taqārīb
اونچائی	ऊँचाई	oonchaai	ūñchāī
حنیف	हनीफ़	haneef	hanīf
مجتہد	मुज्तहिद	mujtahid	mujtahid
نقد	नक़द	naqad	naqad
سلاسل	सलासिल	salaasil	salāsil
میانمار	म्यान्मार	myanmar	myānmār
رنگین	रंगीन	rangeen	rangīn
تحویل	तहवील	tehweel	tahvīl
بینی	बीनी	beeni	bīnī
آپؒ	आप	aap	āp
انجم	अंजुम	anjum	anjum
جمعرات	जुमेरात	jumeraat	jumerāt
اختصار	इख़्तिसार	ikhtisaar	iḳhtisār
ریت	रेत	ret	ret
پائیں	पाएँ	paayein	pāeñ
تیرہویں	तेरहवें	terehwein	terahveñ
آشنا	आशना	aashna	āshnā
بہرام	बहराम	behraam	bahrām
ہڑتال	हड़ताल	hadtaal	haṛtāl
نثار	निसार	nisaar	nisār
لیفٹیننٹ	लेफ़्टेनंट	leftenant	lefṭenanṭ
اشتراک	इश्तिराक	ishtiraak	ishtirāk
تنازعات	तनाज़ात	tanaazaat	tanāzāt
بیٹھنے	बैठने	baithne	baiṭhne
معطل	मुअत्तल	muattal	mu'attal
ثواب	सवाब	sawaab	savāb
فلکی	फ़लकी	falki	falkī
کرچکے	कर चुके	kar chuke	kar chuke
ثانیہ	सानिया	saaniya	sāniya
فائر	फ़ायर	faayar	fāyar
کنتم	कुंतुम	kuntum	kuntum
اوصاف	औसाफ़	ausaaf	ausāf
فرشتوں	फ़रिश्तों	farishton	farishtoñ
جذبے	जज़्बे	jazbe	jazbe
تامل	तमिल	tamil	tamil
پرتگال	पुर्तगाल	portugal	purtagāl
مبارکہ	मुबारका	mubaarka	mubārka
دوپہر	दोपहर	dopahar	dopahar
ہڈیاں	हड्डियाँ	haddiyan	haḍḍiyāñ
زبردستی	ज़बरदस्ती	zabardasti	zabardastī
سنجیدہ	संजीदा	sanjeeda	sanjīda
پہلوؤں	पहलूओं	pehloon	pahlūoñ
اجزا	अज्ज़ा	ajza	ajzā
سردیوں	सर्दियों	sardiyon	sardiyoñ
گمراہ	गुमराह	gumraah	gumrāh
الیہ	इलैह	ilaih	ilaih
شیراز	शीराज़	sheeraaz	shīrāz
رسل	रुसुल	rusul	rusul
راہب	राहिब	raahib	rāhib
اخلاقیات	अख़लाक़ियात	akhlaaqiyaat	aḳhlāqiyāt
پیرش	पेरिश	perish	perish
اوران	और उन	aur un	aur un
مفسرین	मुफ़स्सिरीन	mufassireen	mufassirīn
علامتی	अलामती	alaamati	alāmatī
بسم	बिस्म	bism	bism
یحیٰی	यहया	yehya	yahyā
سبیل	सबील	sabeel	sabīl
بیورو	ब्यूरो	byooro	byūro
استدلال	इस्तेदलाल	istedlaal	istedlāl
مون	मौन	maun	maun
رابطے	राबते	raabte	rābte
دھمکی	धमकी	dhamki	dhamkī
سوچا	सोचा	socha	sochā
یوٹاہ	यूटा	utah	yūṭā
کتے	कुत्ते	kutte	kutte
بمعنی	बमानी	ba-mani	ba-ma'nī
سجادہ	सज्जादा	sajjaada	sajjāda
مرجع	मरजा	marja	marjā
جید	जय्यद	jayyid	jayyid
بقا	बक़ा	baqa	baqā
کاتب	कातिब	kaatib	kātib
بھیجنے	भेजने	bhejne	bhejne
چڑھائی	चढ़ाई	chadhaai	chaṛhāī
محتاج	मोहताज	mohtaaj	mohtāj
گورو	गुरु	guru	guru
حیوانات	हैवानात	haiwaanaat	haivānāt
بھرے	भरे	bhare	bhare
تفویض	तफ़्वीज़	tafweez	tafvīz
پھوٹ	फूट	phoot	phūṭ
المؤمنین	अल-मोमिनीन	al-momineen	al-mominīn
فتاویٰ	फ़तावा	fataawa	fatāvā
متوالیہ	मुतवालिया	mutawaaliya	mutavāliya
خرد	ख़ुर्द	khurd	ḳhurd
احمدیہ	अहमदिया	ahmadiya	ahmadiya
کوہاٹ	कोहाट	kohat	kohāṭ
معظمہ	मुअज़्ज़मा	muazzama	mu'azzama
کیرلا	केरल	kerala	keralā
یکے	यके	yake	yake
ضابطہ	ज़ाबिता	zaabita	zābita
مانگی	माँगी	maangi	māngī
مروی	मरवी	marwi	marvī
گزرتی	गुज़रती	guzarti	guzartī
میزبانی	मेज़बानी	mezbaani	mezbānī
سامعین	सामिईन	saamieen	sāmi'īn
ڈوب	डूब	doob	ḍūb
بلخ	बल्ख़	balkh	balḳh
شکیل	शकील	shakeel	shakīl
لاہوری	लाहौरी	laahauri	lāhaurī
ال	अल	al	al
منہم	मिनहुम	minhum	minhum
ہیر	हीर	heer	hīr
دئے	दिए	diye	diye
بینکوں	बैंकों	bainkon	bainkoñ
بیداری	बेदारी	bedaari	bedārī
تغلق	तुग़लक़	tughlaq	tuġlaq
ذبح	ज़ब्ह	zabh	zabh
بینظیر	बेनज़ीर	benazeer	benazīr
کینسر	कैंसर	cancer	kainsar
ساحلوں	साहिलों	saahilon	sāhiloñ
وفا	वफ़ा	wafa	vafā
مطابقت	मुताबक़त	mutaabaqat	mutābaqat
آراستہ	आरास्ता	aaraasta	ārāsta
مانگ	माँग	maang	māng
صدقہ	सदक़ा	sadqa	sadqa
عند	इंद	inda	inda
شاعرہ	शायरा	shaaira	shā'ira
تجدید	तजदीद	tajdeed	tajdīd
معقول	माक़ूल	maaqool	māqūl
تفہیم	तफ़हीम	tafheem	tafhīm
جلسے	जलसे	jalse	jalse
رومانیہ	रोमानिया	romania	romāniya
عمرہ	उमरा	umra	umra
اونچا	ऊँचा	ooncha	ūñchā
کانگو	काँगो	kaango	kāngo
ایندھن	ईंधन	eendhan	īndhan
منعقدہ	मुनअक़िदा	munaqida	mun'aqida
ہنگامی	हंगामी	hangaami	hangāmī
ساسانی	सासानी	saasaani	sāsānī
الاسلامی	अल-इस्लामी	al-islaami	al-islāmī
جوڑی	जोड़ी	jodi	joṛī
پروین	परवीन	parween	parvīn
تنخواہ	तनख़्वाह	tankhwaah	tanḳhvāh
اشکال	अश्काल	ashkaal	ashkāl
کانپور	कानपुर	kaanpur	kānpur
ملاپ	मिलाप	milaap	milāp
جبری	जबरी	jabri	jabrī
بدستور	बदस्तूर	badastoor	badastūr
ملیالم	मलयालम	malayaalam	malayālam
مصطفٰی	मुस्तफ़ा	mustafa	mustafā
فتویٰ	फ़तवा	fatwa	fatvā
شکلیں	शक्लें	shaklein	shakleñ
ریٹائر	रिटायर	retire	riṭāir
تمیز	तमीज़	tameez	tamīz
دسترس	दस्तरस	dastaras	dastaras
امتزاج	इम्तिज़ाज	imtizaaj	imtizāj
دستاویزی	दस्तावेज़ी	dastaawezi	dastāvezī
رقمی	रक़्मी	raqmi	raqmī
اینگلو	एंग्लो	anglo	anglo
لاڑکانہ	लाड़काना	larkana	lāṛkāna
وال	वाल	waal	vāl
عرس	उर्स	urs	urs
اسٹیج	स्टेज	stage	sṭej
آسٹریلوی	ऑस्ट्रेलवी	ostrelwi	osṭrelvī
ریاضت	रियाज़त	riyaazat	riyāzat
درپیش	दरपेश	darpesh	darpesh
رعایا	रिआया	riaaya	ri'āyā
افغانی	अफ़ग़ानी	afghaani	afġānī
العلم	अल-इल्म	al-ilm	al-ilm
عملہ	अमला	amla	amla
ضیا	ज़िया	ziya	ziyā
سرشار	सरशार	sarshaar	sarshār
تحریکوں	तहरीकों	tehreekon	tahrīkoñ
جواد	जव्वाद	jawwaad	javvād
لگاؤ	लगाव	lagaav	lagāv
سروے	सर्वे	survey	sarve
داماد	दामाद	daamaad	dāmād
جدت	जिद्दत	jiddat	jiddat
بلین	बिलियन	billion	biliyan
ترکستان	तुर्किस्तान	turkestan	turkistān
چنگیز	चंगेज़	changez	changez
ماؤنٹ	माउंट	maaunt	māunṭ
شناسی	शिनासी	shinaasi	shināsī
کھولا	खोला	khola	kholā
کلیہ	कुल्लिया	kulliya	kulliya
اجل	अजल	ajal	ajal
سٹیج	स्टेज	stage	sṭej
اسناد	अस्नाद	asnaad	asnād
اقدس	अक़दस	aqdas	aqdas
نزد	नज़्द	nazd	nazd
فقط	फ़क़त	faqat	faqat
مترادف	मुतरादिफ़	mutaraadif	mutarādif
نشہ	नशा	nasha	nasha
کرسکیں	कर सकें	kar sakein	kar sakeñ
طریقۂ	तरीक़ा	tareeqa	tarīqa
مشابہ	मुशाबेह	mushaabeh	mushābeh
معدوم	मादूम	madoom	ma'dūm
نعیمی	नईमी	naeemi	na'īmī
نچلے	निचले	nichle	nichle
سرگرمی	सरगर्मी	sargarmi	sargarmī
سیکھا	सीखा	seekha	sīkhā
شاکر	शाकिर	shaakir	shākir
کیوبیک	क्युबेक	quebec	kyubek
محصول	महसूल	mehsool	mahsūl
اوقاف	औक़ाफ़	auqaaf	auqāf
اسٹریٹ	स्ट्रीट	street	sṭrīṭ
فوجیں	फ़ौजें	faujein	faujeñ
کھنڈر	खंडर	khandar	khanḍar
رہو	रहो	raho	raho
تسخیر	तसख़ीर	taskheer	tasḳhīr
فجر	फ़ज्र	fajr	fajr
فرینکلن	फ़्रैंक्लिन	frainklin	frainklin
محاصرے	मुहासिरे	muhaasire	muhāsire
ماسٹرز	मास्टर्ज़	maastarz	māsṭarz
استوار	उस्तुवार	ustuwaar	ustuvār
کمائی	कमाई	kamaai	kamā'ī
بیٹیوں	बेटियों	betiyon	beṭiyoñ
انحراف	इन्हिराफ़	inhiraaf	inhirāf
اٹھے	उठे	uthe	uṭhe
برائی	बुराई	buraai	burāī
وارثی	वारिसी	waarisi	vārisī
شاہجہاں	शाहजहाँ	shaahjahan	shāhjahāñ
گولیاں	गोलियाँ	goliyan	goliyāñ
طاری	तारी	taari	tārī
صحرائے	सहरा-ए	sehra-e	sahrā-e
جستجو	जुस्तजू	justaju	justajū
واقفیت	वाक़फ़ियत	waaqfiyat	vāqfiyat
پرندہ	परिंदा	parinda	parinda
جاسکتے	जा सकते	ja sakte	jā sakte
ساختہ	साख़्ता	saakhta	sāḳhta
استعفی	इस्तीफ़ा	istifa	isti'fā
ہریانہ	हरियाणा	haryana	hariyāna
رینج	रेंज	renj	renj
موسوی	मूसवी	mooswi	mūsvī
راستوں	रास्तों	raaston	rāstoñ
فرضی	फ़रज़ी	farzi	farzī
آرکائیو	आर्काइव	archive	ārkāiv
ونڈوز	विंडोज़	windoz	vinḍoz
نمائندے	नुमाइंदे	numaainde	numāinde
کاہن	काहन	kaahan	kāhan
شبیر	शबीर	shabeer	shabīr
تخمینہ	तख़मीना	takhmeena	taḳhmīna
ترسیل	तरसील	tarseel	tarsīl
والذین	वल्लज़ीन	wallazeen	vallazīn
گوٹھ	गोठ	goth	goṭh
لائنز	लाइंज़	laainz	lāinz
ورثے	वरसे	warse	varse
قازقستان	क़ाज़ाक़िस्तान	kazakhstan	qāzāqistān
مشنری	मिश्नरी	mishnari	mishnarī
عدالتوں	अदालतों	adaalaton	adālatoñ
مو	मो	mo	mo
پیمانہ	पैमाना	paimaana	paimāna
الحارث	अल-हारिस	al-haaris	al-hāris
نینیانوے	नैन्यानवे	nainyaanwe	nainyānve
یونٹ	यूनिट	unit	yūniṭ
ہجوم	हुजूम	hujoom	hujūm
اوس	ओस	os	os
انسپکٹر	इंस्पेक्टर	inspector	inspekṭar
جلتی	जलती	jalti	jaltī
ناراض	नाराज़	naaraaz	nārāz
بلاد	बलाद	balaad	balād
خواہشات	ख़्वाहिशात	khwaahishaat	ḳhvāhishāt
داستانوں	दास्तानों	daastaanon	dāstānoñ
بیچلر	बेचलर	bechalar	bechalar
ایہا	अय्युहा	ayyuha	ayyuhā
موومنٹ	मोवेंट	movement	movemenṭ
کینیا	केन्या	kenya	kenyā
خودکش	ख़ुदकुश	khudkush	ḳhudkush
کشور	किशोर	kishor	kishor
ہیڈکوارٹر	हेडक्वार्टर	headquarter	heḍkvārṭar
منقول	मनक़ूल	manqool	manqūl
خندق	ख़ंदक़	khandaq	ḳhandaq
اشارے	इशारे	ishaare	ishāre
اٹھارویں	अठारवीं	athaarwin	aṭhārvīñ
گاڑیاں	गाड़ियाँ	gaadiyan	gāṛiyāñ
آوروں	आवरों	aawaron	āvaroñ
پریشانی	परेशानी	pareshaani	pareshānī
مختص	मुख़्तस	mukhtas	muḳhtas
اہلکاروں	अहलकारों	ahlkaaron	ahlkāroñ
کھوکھر	खोखर	khokhar	khokhar
سیاحتی	सियाहती	siyaahati	siyāhatī
جیتے	जीते	jeete	jīte
میموریل	मेमोरियल	memorial	memoriyal
درباری	दरबारी	darbaari	darbārī
پڑھاتے	पढ़ाते	padhaate	paṛhāte
فریق	फ़रीक़	fareeq	farīq
عظمی	उज़्मा	uzma	uzmā
راجپوتوں	राजपूतों	raajpooton	rājpūtoñ
مکانات	मकानात	makaanaat	makānāt
چاہیں	चाहें	chaahein	chāheñ
سائیں	सांई	saain	sāīñ
تاجروں	ताजिरों	taajiron	tājiroñ
حیاتی	हयाती	hayaati	hayātī
سیدھے	सीधे	seedhe	sīdhe
بیجنگ	बीजिंग	beijing	bījing
دیواریں	दीवारें	deewaarein	dīvāreñ
حجت	हुज्जत	hujjat	hujjat
لک	लुक	luk	luk
مکالمہ	मुकालमा	mukaalama	mukālama
گز	गज़	gaz	gaz
کلثوم	कुलसूम	kulsoom	kulsūm
آلو	आलू	aalu	ālū
کردیتے	कर देते	kar dete	kar dete
دانشوروں	दानिश्वरों	daanishwaron	dānishvaroñ
کاوش	काविश	kaawish	kāvish
بنوایا	बनवाया	banwaaya	banvāyā
سنبھالنے	संभालने	sambhaalne	sambhālne
داڑھی	दाढ़ी	daadhi	dāṛhī
خلفائے	ख़ुलफ़ाए	khulfaaye	ḳhulfāe
صادر	सादिर	saadir	sādir
ڈھائی	ढाई	dhaai	ḍhāī
اقامت	इक़ामत	iqaamat	iqāmat
والارض	वल-अर्ज़	wal-arz	val-arz
لبیک	लब्बैक	labbaik	labbaik
شمیم	शमीम	shameem	shamīm
نکلتی	निकलती	nikalti	nikaltī
عقلی	अक़्ली	aqli	aqlī
جوابات	जवाबात	jawaabaat	javābāt
فتوی	फ़तवा	fatwa	fatvā
سعی	सई	sai	sa'ī
الاعتقاد	अल-एतिक़ाद	al-etiqaad	al-e'tiqād
چٹانوں	चट्टानों	chattaanon	chaṭṭānoñ
پارسی	पारसी	paarsi	pārsī
شوریٰ	शूरा	shoora	shūrā
جوڑوں	जोड़ों	jodon	joṛoñ
الایمان	अल-ईमान	al-eemaan	al-īmān
اللٰہ	अल्लाह	allaah	allāh
ملحق	मुलहिक़	mulhiq	mulhiq
جارحیت	जारहियत	jaarhiyat	jārhiyat
یونی	यूनी	uni	yūnī
ڈیفنس	डेफ़ेंस	defens	ḍefens
باطن	बातिन	baatin	bātin
پست	पस्त	past	past
آرائش	आराइश	aaraaish	ārāish
نشانی	निशानी	nishaani	nishānī
تشبیہ	तश्बीह	tashbeeh	tashbīh
مثلث	मुसल्लस	musallas	musallas
رومانوی	रूमानवी	roomaanwi	rūmānvī
پٹھان	पठान	pathaan	paṭhān
پاتی	पाती	paati	pātī
سربیا	सर्बिया	serbia	sarbiyā
الحرمین	अल-हरमैन	al-haramain	al-haramain
تائیوان	ताईवान	taiwan	tāīvān
نابینا	नाबीना	naabeena	nābīnā
تہذیبوں	तहज़ीबों	tehzeebon	tahzīboñ
عبوری	अबूरी	aboori	abūrī
بوس	बोस	bos	bos
زرد	ज़र्द	zard	zard
خریداری	ख़रीदारी	khareedaari	ḳharīdārī
مدینے	मदिने	madeene	madīne
شہزاد	शहज़ाद	shehzaad	shahzād
ساؤل	साऊल	saaool	sāūl
حکومتیں	हुकूमतें	hukoomatein	hukūmateñ
نیلی	नीली	neeli	nīlī
سارہ	सारा	saara	sāra
ثعلبہ	सालबा	salaba	sa'laba
آجاتا	आ जाता	aa jaata	ā jātā
غذائی	ग़िज़ाई	ghizaai	ġizāī
جنگجو	जंगजू	jangju	jangjū
مطمئن	मुतमइन	mutmain	mutmain
چارج	चार्ज	charge	chārj
بننا	बनना	banna	bannā
مالدیپ	मालदीव	maldives	māldīp
کنول	कनवल	kanwal	kanval
نافع	नाफ़ा	naafa	nāfā
دعوٰی	दावा	daawa	dāvā
گرے	गिरे	gire	gire
کروائے	करवाए	karwaaye	karvāe
دون	दून	doon	dūn
فنکاروں	फ़ंकारों	fankaaron	fankāroñ
دکھا	दिखा	dikha	dikhā
ٹیپو	टीपू	tipu	ṭīpū
منائی	मनाई	manaai	manāī
فہمی	फ़हमी	fehmi	fahmī
یاقوت	याक़ूत	yaaqoot	yāqūt
کانام	का नाम	ka naam	kā nām
شفا	शफ़ा	shafa	shafā
دعائیں	दुआएँ	duaayein	du'āeñ
معجزہ	मोजिज़ा	mojiza	mo'jiza
سٹار	स्टार	staar	sṭār
درجات	दर्जात	darjaat	darjāt
بہتا	बहता	behta	bahtā
سوریہ	सूरिया	sooriya	sūriya
الکاہل	अल-काहिल	al-kaahil	al-kāhil
براؤن	ब्राउन	brown	brāun
اشوک	अशोक	ashok	ashok
لوط	लूत	loot	lūt
پروٹسٹنٹ	प्रोटस्टंट	protstant	proṭsṭanṭ
نووا	नौवा	nauwa	nauvā
قلی	क़ुली	quli	qulī
کارناموں	कारनामों	kaarnaamon	kārnāmoñ
معذور	माज़ूर	mazoor	ma'zūr
کھال	खाल	khaal	khāl
سانتا	सानता	saanta	sāntā
صلیب	सलीब	saleeb	salīb
ازم	इज़्म	ism	izm
عصری	अस्री	asri	asrī
الفقہ	अल-फ़िक़्ह	al-fiqh	al-fiqh
المہدی	अलमहदी	al-mehdi	al-mahdī
شیریں	शीरीं	sheerin	shīrīñ
پولیو	पोलियो	poliyo	poliyo
معدنیات	मादिनियात	madiniyaat	ma'diniyāt
لہر	लहर	lahar	lahar
رائٹ	राइट	raait	rāiṭ
مشہد	मशहद	mashhad	mashhad
روا	रवा	rawa	ravā
الکتب	अल-कुतुब	al-kutub	al-kutub
پرائیویٹ	प्राइवेट	private	prāiveṭ
سماع	समा	samaa	samā
تسکین	तस्कीन	taskeen	taskīn
مرا	मरा	mara	marā
وعظ	वाज़	waz	va'z
گاہوں	गाहों	gaahon	gāhoñ
گندھک	गंधक	gandhak	gandhak
رایڈر	रॉइडर	roidar	roiḍar
شادیوں	शादियों	shaadiyon	shādiyoñ
قران	क़ुरान	quraan	qurān
القاعدہ	अल-क़ायदा	al-qaaida	al-qā'ida
احباب	अहबाब	ahbaab	ahbāb
مدعو	मदू	madu	mad'ū
مایوس	मायूस	maayoos	māyūs
سویت	स्वेत	swet	svet
چی	ची	chi	chī
الحکم	अल-हुक्म	al-hukm	al-hukm
دکھانے	दिखाने	dikhaane	dikhāne
آہنگی	आहनगी	aahangi	āhangī
جاوا	जावा	jaawa	jāvā
انتظامات	इंतिज़ामात	intizaamaat	intizāmāt
تحفۃ	तोहफ़त	tohfat	tohfat
ضمیر	ज़मीर	zameer	zamīr
شفیق	शफ़ीक़	shafeeq	shafīq
الوہاب	अल-वह्हाब	al-wehhaab	al-vahhāb
خوارج	ख़्वारिज	khwaarij	ḳhvārij
رساں	रसान	rasaan	rasān
ایلی	एली	eli	elī
افزائش	अफ़ज़ाइश	afzaaish	afzāish
بدعت	बिदत	bidat	bid'at
پروگرامنگ	प्रोग्रामिंग	prograaming	progrāming
پسماندہ	पस्मांदा	pasmaanda	pasmānda
حریف	हरीफ़	hareef	harīf
شمع	शमा	shama	shamā
ڈاکٹریٹ	डॉक्टरेट	doctorate	ḍākṭareṭ
صحافیوں	सहाफ़ियों	sahaafiyon	sahāfiyoñ
زمانۂ	ज़माना	zamaana	zamānā
کارروائیوں	कार्रवाइयों	kaarrawaaiyon	kārravāiyoñ
فیاض	फ़य्याज़	fayyaaz	fayyāz
سنٹر	सेंटर	centre	senṭar
مہاتما	महात्मा	mahaatma	mahātmā
پھیلنے	फैलने	phailne	phailne
لوہا	लोहा	loha	lohā
بیتی	बीती	beeti	bītī
اناطولیہ	अनातोलिया	anaatoliya	anātoliya
تجاویز	तजावीज़	tajaaweez	tajāvīz
آدھی	आधी	aadhi	ādhī
لمحہ	लम्हा	lamha	lamha
علالت	अलालत	alaalat	alālat
تفریحی	तफ़्रीही	tafreehi	tafrīhī
راجہ	राजा	raaja	rāja
جھیلوں	झीलों	jheelon	jhīloñ
مماثلت	मुमासलत	mumaasalat	mumāsalat
ڈائی	डाई	daai	ḍāī
چارہ	चारा	chaara	chāra
سیدھا	सीधा	seedha	sīdhā
ارسطو	अरस्तू	arastu	arastū
وقفہ	वक़्फ़ा	waqfa	vaqfa
خزاں	ख़ज़ाँ	khazan	ḳhazāñ
جامشورو	जामशूरो	jaamshooro	jāmshūro
ہادی	हादी	haadi	hādī
آجائے	आ जाए	aa jaaye	ā jāe
مسودہ	मसव्वदा	masawwada	masavvada
اعتقاد	एतिक़ाद	itiqaad	i'tiqād
ولسن	विल्सन	wilson	vilsan
خوفناک	ख़ौफ़नाक	khaufnaak	ḳhaufnāk
کبھار	कभार	kabhaar	kabhār
جولیئن	जूलियन	jooliyan	jūliyan
نشستوں	नशिस्तों	nashiston	nashistoñ
خاکے	ख़ाके	khaake	ḳhāke
اربعہ	अरबआ	arbaa	arba'a
بدقسمتی	बदक़िस्मती	badqismati	badqismatī
مردانہ	मर्दाना	mardaana	mardāna
تل	तल	tal	tal
چوڑائی	चौड़ाई	chaudaai	chauṛāī
ریکھ	रेख	rekh	rekh
چمک	चमक	chamak	chamak
انما	इन्नमा	innama	innamā
بسا	बसा	basa	basā
کیاہے	क्या है	kya hai	kyā hai
نکالے	निकाले	nikaale	nikāle
خوشحالی	ख़ुशहाली	khushhaali	ḳhushhālī
خدیجہ	ख़दीजा	khadeeja	ḳhadīja
قاصر	क़ासिर	qaasir	qāsir
مندی	मंदी	mandi	mandī
اینٹ	ईंट	eent	īñṭ
سالمات	सालिमात	saalimaat	sālimāt
پیا	पिया	piya	piyā
صاحبزادی	साहिबज़ादी	saahibzaadi	sāhibzādī
دیگرے	दीगरे	deegre	dīgre
ولکن	वलाकिन	walaakin	valākin
مراقبہ	मराक़बा	maraaqaba	marāqaba
ایرانیوں	ईरानियों	eeraaniyon	īrāniyoñ
مخلوقات	मख़लूक़ात	makhlooqaat	maḳhlūqāt
اوتار	अवतार	awtaar	avtār
ہدایتکار	हिदायतकार	hidaayatkaar	hidāyatkār
انگلی	उँगली	ungli	unglī
الاسلامیہ	अल-इस्लामिया	al-islaamiya	al-islāmiya
ابدی	अबदी	abdi	abdi
پاگل	पागल	paagal	pāgal
مظلوم	मज़लूम	mazloom	mazlūm
اولا	अव्वलन	awwalan	avvalan
منطقی	मंतिक़ी	mantiqi	mantiqī
ملانے	मिलाने	milaane	milāne
منتشر	मुंतशिर	muntashir	muntashir
حثیت	हैसियत	haisiyat	haisiyat
طلحہ	तलहा	talha	talha
اعشاریہ	अशारिया	ashaariya	a'shāriya
حاجت	हाजत	haajat	hājat
علیہا	अलैहा	alaiha	alaihā
فردوس	फ़िरदौस	firdaus	firdaus
فضلی	फ़ज़ली	fazli	fazlī
سیشن	सेशन	seshan	seshan
پیس	पीस	pees	pīs
چمن	चमन	chaman	chaman
اندرا	इंदिरा	indira	indirā
تعدد	ताद्दुद	taaddud	ta'addud
آرزو	आरज़ू	aarzu	ārzū
لڑ	लड़	lad	laṛ
ٹاور	टावर	taawar	ṭāvar
سیٹ	सीट	seet	sīṭ
نجفی	नजफ़ी	najfi	najfī
بااثر	बा-असर	ba-asar	bā-asar
محرک	मुहर्रिक	muharrik	muharrik
المسلمین	अल-मुस्लिमीन	al-muslimeen	al-muslimīn
زرخیز	ज़रख़ेज़	zarkhez	zarḳhez
آفندی	आफ़ंदी	aafandi	āfandī
ایوارڈز	अवॉर्ड्स	awards	avārḍz
وادیوں	वादियों	waadiyon	vādiyoñ
ہرن	हिरन	hiran	hiran
چناب	चनाब	chenab	chanāb
وسیم	वसीम	waseem	vasīm
غصے	ग़ुस्से	ghusse	ġusse
دشوار	दुश्वार	dushwaar	dushvār
پہنا	पहना	pehna	pahnā
آکسائیڈ	ऑक्साइड	oksaaid	oksāiḍ
اولی	ऊला	oola	ūlā
پروا	परवा	parwa	parvā
تیمیہ	तैमिया	taimiya	taimiya
مقدم	मुक़द्दम	muqaddam	muqaddam
آلے	आले	aale	āle
پڑھایا	पढ़ाया	padhaaya	paṛhāyā
مختصرا	मुख़्तसरन	mukhtasaran	muḳhtasaran
نائجیریا	नाइजीरिया	naaijeeriya	nāijīriyā
کھدائی	खुदाई	khudaai	khudāī
نقشے	नक्शे	naqshe	naqshe
افسروں	अफ़सरों	afsaron	afsaroñ
چٹان	चट्टान	chattaan	chaṭṭān
لیو	लियो	liyo	liyo
تنہائی	तनहाई	tanhaai	tanhāī
دھیان	ध्यान	dhyaan	dhyān
حامیوں	हामियों	haamiyon	hāmiyoñ
بتاریخ	बतारीख़	ba-taareekh	ba-tārīḳh
رضوان	रिज़वान	rizwaan	rizvān
البرٹا	अलबर्टा	albarta	albarṭā
فریاد	फ़रयाद	faryaad	faryād
بلدیہ	बल्दिया	baldiya	baldiya
المجید	अल-मजीद	al-majeed	al-majīd
جلاوطنی	जलावतनी	jalaawatni	jalāvatnī
مما	मम्मा	mamma	mammā
جدیدیت	जदीदियत	jadeediyat	jadīdiyat
ریچھ	रीछ	reechh	rīchh
سلسلۂ	सिलसिला	silsila	silsila
اجمل	अजमल	ajmal	ajmal
بھرت	भरत	bharat	bharat
المنتصر	अल-मुंतसिर	al-muntasir	al-muntasir
تھام	थाम	thaam	thām
حبشہ	हबशा	habasha	habasha
معجم	मोजम	mujam	mu'jam
مصلح	मुस्लिह	muslih	muslih
سعدی	सादी	sadi	sa'dī
مجددی	मुजद्ददी	mujaddadi	mujaddadī
پڑوسی	पड़ोसी	padosi	paṛosī
فریقین	फ़रीक़ीन	fareeqeen	farīqīn
اسٹاف	स्टाफ़	staaf	sṭāf
اکثریتی	अक्सरियती	aksariyati	aksariyatī
عربیہ	अरबिया	arabiya	arabiya
منگولیا	मंगोलिया	mongolia	mangoliyā
متواتر	मुतवातिर	mutawaatir	mutavātir
پدم	पद्म	padma	padma
نتیجتا	नतीजतन	nateejatan	natījatan
چھوڑے	छोड़े	chhode	chhoṛe
کتا	कुत्ता	kutta	kuttā
انقرہ	अंक़रा	anqara	anqara
پالیسیوں	पॉलिसियों	policiyon	pālisiyoñ
اسٹار	स्टार	star	sṭār
زیور	ज़ेवर	zewar	zevar
ملنا	मिलना	milna	milnā
محب	मुहिब्ब	muhibb	muhibb
باقاعدگی	बाक़ायदगी	baaqaaydagi	bāqāydagī
بھلائی	भलाई	bhalaai	bhalāī
طالبات	तालिबात	taalibaat	tālibāt
بٹلر	बटलर	batlar	baṭlar
خلیہ	ख़लिया	khaliya	ḳhaliya
سٹاف	स्टाफ़	staaf	sṭāf
پلٹ	पलट	palat	palaṭ
نثری	नसरी	nasri	nasrī
کیمرون	कैमरून	kaimroon	kaimrūn
صوفیانہ	सूफ़ियाना	soofiyaana	sūfiyāna
اتحادیوں	इत्तिहादियों	ittihaadiyon	ittihādiyoñ
مکران	मुकरान	mukraan	mukrān
مخطوطات	मख़तूतात	makhtootaat	maḳhtūtāt
پتلی	पतली	patli	patlī
فراموش	फ़रामोश	faraamosh	farāmosh
بشارت	बिशारत	bishaarat	bishārat
تربیتی	तरबियती	tarbiyati	tarbiyatī
میچوں	मैचों	maichon	maichoñ
پاکیزہ	पाकीज़ा	paakeeza	pākīza
طورپر	तौर पर	taur par	taur par
عسقلانی	इस्क़िलानी	isqilaani	isqilānī
رح	रह	rah	rah
سور	सूर	soor	sūr
زحل	ज़ुहल	zuhal	zuhal
کما	कमा	kama	kamā
مواصلات	मुवासलात	muwaasalaat	muvāsalāt
تیموری	तैमूरी	taimoori	taimūrī
ین	ईन	een	īn
حریت	हुर्रियत	hurriyat	hurriyat
صابری	साबिरी	saabiri	sābirī
نسخوں	नुसख़ों	nuskhon	nusḳhoñ
تمغے	तमग़े	tamghe	tamġe
سترہویں	सत्तरहवें	sattarehwein	sattarahveñ
فرہنگ	फ़रहंग	farhang	farhang
زمینوں	ज़मीनों	zameenon	zamīnoñ
سینٹرل	सेंट्रल	sentral	senṭral
مضر	मुज़िर	muzir	muzir
کرۂ	कुर्रा	kurra	kurra
اناج	अनाज	anaaj	anāj
خرم	ख़ुर्रम	khurram	ḳhurram
اطفال	अत्फ़ाल	atfaal	atfāl
الغابہ	अलग़ाबा	alghaaba	alġāba
الاثیر	अल-असीर	al-aseer	al-asīr
اجتہاد	इज्तिहाद	ijtihaad	ijtihād
ویت	वीत	weet	vīt
تانبے	ताँबे	taambe	tāmbe
نشیں	नशीं	nashin	nashīñ
کپڑا	कपड़ा	kapda	kapṛā
رہبر	रहबर	rehbar	rahbar
سوئی	सूई	sooi	sūī
خزیمہ	ख़ज़ीमा	khazeema	ḳhazīma
مندروں	मंदिरों	mandiron	mandiroñ
مباحث	मुबाहिस	mubaahis	mubāhis
سرما	सरमा	sarma	sarmā
مطالبات	मुतालिबात	mutaalibaat	mutālibāt
جنگلوں	जंगलों	janglon	jangloñ
جراثیم	जरासीम	jaraaseem	jarāsīm
کاٹنے	काटने	kaatne	kāṭne
سست	सुस्त	sust	sust
امتحانات	इम्तिहानात	imtihaanaat	imtihānāt
مسافروں	मुसाफ़िरों	musaafiron	musāfiroñ
بزرگوار	बुज़ुर्गुआर	buzurguaar	buzurguār
مصائب	मसाइब	masaaib	masāib
خوشگوار	ख़ुशगवार	khushgawar	ḳhushgavār
سبکدوش	सबकदोश	sabakdosh	sabakdosh
دلانے	दिलाने	dilaane	dilāne
ماندہ	मांदा	maanda	mānda
بہنوں	बहनों	bahanon	bahanoñ
مخلص	मुख़लिस	mukhlis	muḳhlis
انشاء	इंशा	insha	inshā
واضع	वाज़े	waaze	vāze
کامرس	कॉमर्स	commerce	kāmars
کانسی	कांसी	kaansi	kāñsī
مناقب	मुनाक़िब	munaaqib	munāqib
غضب	ग़ज़ब	ghazab	ġazab
لیبر	लेबर	labour	lebar
شمارندی	शुमारंदी	shumaarandi	shumārandī
کیرئیر	करियर	career	kariyar
مدنظر	मदनज़र	madnazar	madnazar
شباب	शबाब	shabaab	shabāb
ٹریڈ	ट्रेड	trade	ṭreḍ
دانے	दाने	daane	dāne
حجاب	हिजाब	hijaab	hijāb
سریہ	सरिया	sariya	sariya
چھٹے	छठे	chhathe	chhaṭhe
شیشے	शीशे	sheeshe	shīshe
عقیق	अक़ीक़	aqeeq	aqīq
ویدوں	वेदों	wedon	vedoñ
نیشن	नेशन	nation	neshan
تنبیہ	तंबीह	tambeeh	tambīh
مکھی	मक्खी	makkhi	makkhī
آرڈر	आर्डर	aardar	ārḍar
یونانیوں	यूनानियों	yoonaaniyon	yūnāniyoñ
خلوص	ख़ुलूस	khuloos	ḳhulūs
ستلج	सतलुज	satluj	satluj
کوہستان	कोहिस्तान	kohistaan	kohistān
روانی	रवानी	rawaani	ravānī
صوبیدار	सूबेदार	soobedaar	sūbedār
جمنا	जमना	jamna	jamnā
ذائقہ	ज़ायक़ा	zaaiqa	zāiqa
اسپیکر	स्पीकर	speaker	spīkar
اناجیل	अनाजील	anaajeel	anājīl
عنہا	उनहा	unha	unhā
منہدم	मुन्हदिम	munhadim	munhadim
خاصے	ख़ासे	khaase	ḳhāse
آزمائش	आज़माइश	aazmaaish	āzmāish
وا	वा	wa	vā
چھپے	छुपे	chhupe	chhupe
العاص	अल-आस	al-aas	al-ās
دانیال	दानियाल	daaniyaal	dāniyāl
عیش	ऐश	aish	aish
مایا	माया	maaya	māyā
کھیتی	खेती	kheti	khetī
باڑی	बाड़ी	baadi	bāṛī
نفی	नफ़ी	nafi	nafī
فریب	फ़रेब	fareb	fareb
تاحال	ताहाल	taahaal	tāhāl
منقطع	मुनक़ता	munqata	munqata
آزمائی	आज़माई	aazmaai	āzmāī
بنادیا	बना दिया	bana diya	banā diyā
ایشیاء	एशिया	asia	eshiyā
عقد	अक़्द	aqd	aqd
جیفرسن	जेफ़रसोन	jefarson	jefarson
گلیشیر	ग्लेशियर	glacier	gleshiyar
ذہبی	ज़हबी	zehbi	zahbī
بڑھایا	बढ़ाया	badhaaya	baṛhāyā
بدایونی	बदायूनी	badaayooni	badāyūnī
مضافات	मुज़ाफ़ात	muzaafaat	muzāfāt
فرنچ	फ़्रेंच	french	french
مخطوطہ	मख़्तूता	makhtoota	maḳhtūta
برونائی	ब्रुनेई	brunei	bruneī
ناظرین	नाज़िरीन	naazireen	nāzirīn
بیدل	बेदल	bedal	bedal
خوبیوں	ख़ूबियों	khoobiyon	ḳhūbiyoñ
ارادے	इरादे	iraade	irāde
خونی	ख़ूनी	khooni	ḳhūnī
ایڈمز	एडमज़	edmaz	eḍmaz
کوفی	कूफ़ी	koofi	kūfī
سائز	साइज़	size	sāiz
عبدالقادر	अब्दुल-क़ादिर	abdul-qaadir	abdul-qādir
مائی	माई	maai	māī
نیٹو	नेटो	nato	neṭo
کمل	कमल	kamal	kamal
مانچسٹر	मैनचेस्टर	manchester	mānchisṭar
میڈل	मेडल	medal	meḍal
سموئیل	सैमुअल	samuel	saimuel
متون	मुतून	mutoon	mutūn
متفقہ	मुत्तफ़िक़ा	muttafiqa	muttafiqa
رنز	रंज़	runs	ranz
کاپی	कापी	copy	kāpī
الحکیم	अल-हकीम	al-hakeem	al-hakīm
الملوک	अल-मुलूक	al-mulook	al-mulūk
فرانسس	फ़्रांसिस	fraansis	frānsis
غریبوں	ग़रीबों	ghareebon	ġarīboñ
تارکین	तारिकीन	taarikeen	tārikīn
بھکر	भक्कर	bhakkar	bhakkar
سرفہرست	सरफ़हरस्त	sarfehrast	sarfahrast
صحیفہ	सहीफ़ा	saheefa	sahīfa
حاملہ	हामिला	haamila	hāmila
قافلے	क़ाफ़िले	qaafile	qāfile
ناگزیر	नागुज़ीर	naaguzeer	nāguzīr
سلامت	सलामत	salaamat	salāmat
چنے	चुने	chune	chune
المدینہ	अल-मदीना	al-madeena	al-madīna
ہلکا	हल्का	halka	halkā
مینا	मीना	meena	mīnā
علماء	उलमा	ulamaa	ulamā
مروج	मुरव्वज	murawwaj	muravvaj
نوں	नूँ	noon	nūñ
اخوان	अख़वान	akhwaan	aḳhvān
ساکن	साकिन	saakin	sākin
ہمالیہ	हिमालय	himalaya	himālay
الانوار	अल-अनवार	al-anwaar	al-anvār
لائف	लाइफ़	laaif	lāif
یکسر	यक्सर	yaksar	yaksar
الاسکا	अलास्का	alaaska	alāskā
خشکی	ख़ुश्की	khushki	ḳhushkī
پیشانی	पेशानी	peshaani	peshānī
ڈیلی	डेली	daily	ḍelī
شیعوں	शियों	shiyon	shī'oñ
مول	मोल	mol	mol
چائنا	चाइना	chaaina	chāinā
ہمدردی	हमदर्दी	hamdardi	hamdardī
لیلیٰ	लैला	laila	lailā
ہولمز	होलमज़	holmaz	holmaz
لکھاری	लिखारी	likhaari	likhārī
بلاول	बलावल	balaawal	balāval
وقتا	वक़्तन	waqtan	vaqtan
ٹیگور	टैगोर	taigor	ṭaigor
خطوں	ख़ित्तों	khitton	ḳhittoñ
کرونیکل	क्रोनिकल	kronikal	kronikal
دلہن	दुल्हन	dulhan	dulhan
دارلحکومت	दारुल-हुकूमत	daar-ul-hukoomat	dār-ul-hukūmat
دبا	दबा	daba	dabā
حصص	हिसस	hisas	hisas
نفع	नफ़ा	nafa	nafā
ہولی	होली	holi	holī
مرتفع	मुर्तफ़ा	murtafa	murtafā
دوزخ	दोज़ख़	dozakh	dozaḳh
بنوری	बनौरी	banauri	banaurī
زمانی	ज़मानी	zamaani	zamānī
خیمہ	ख़ेमा	khema	ḳhema
استعفا	इस्तीफ़ा	istifa	isti'fā
بینڈ	बैंड	baind	bainḍ
پہنتے	पहनते	pahante	pahante
فلک	फ़लक	falak	falak
جملوں	जुमलों	jumlon	jumloñ
آدھا	आधा	aadha	ādhā
ہنزہ	हंज़ा	hanza	hanza
چھپی	छपी	chhapi	chhapī
داخلے	दाख़िले	daakhile	dāḳhile
درجن	दर्जन	darjan	darjan
ٹیلر	टीलर	teelar	ṭīlar
سطحی	सतही	sathi	sathī
ابلیس	इबलीस	iblis	iblīs
تغیر	तग़य्युर	taghayyur	taġayyur
خبردار	ख़बरदार	khabardaar	ḳhabardār
تبریز	तबरेज़	tabriz	tabrez
العارفین	अल-आरिफ़ीन	al-aarifeen	al-ārifīn
وزراء	वुज़रा	wuzraa	vuzrā
بدلنے	बदलने	badalne	badalne
کالجز	कॉलेजेज़	colleges	kālijaz
دستبردار	दस्तबरदार	dastbardaar	dastbardār
کوچک	कोचक	kochak	kochak
اموات	अमवात	amwaat	amvāt
صحافتی	सिहाफ़ती	sihaafati	sihāfatī
کامبیٹ	कॉंबेट	kombet	kombeṭ
وقتی	वक़्ती	waqti	vaqtī
سودا	सौदा	sauda	saudā
پکوان	पकवान	pakwaan	pakvān
بیویوں	बीवियों	beewiyon	bīviyoñ
اصلا	असलन	aslan	aslan
نیلا	नीला	neela	nīlā
جھلک	झलक	jhalak	jhalak
بریڈفورڈ	ब्रेडफ़ोर्ड	bredford	breḍforḍ
ننجا	निंजा	ninja	ninjā
معمار	मेमार	memaar	me'mār
تعاقب	तआक़िब	taaqib	ta'āqib
آوازیں	आवाज़ें	aawaazein	āvāzeñ
چھٹا	छठा	chhatha	chhaṭhā
ناقص	नाक़िस	naaqis	nāqis
نوابی	नवाबी	nawaabi	navābī
اونٹاریو	ओंटारियो	ontario	ūñṭāriyo
آراء	आरा	aaraa	ārā
نفوس	नफ़ूस	nafoos	nafūs
ست	सत	sat	sat
عمرانیات	इमरानियात	imraaniyaat	imrāniyāt
مور	मोर	mor	mor
تلنگانہ	तेलंगाना	telangana	telangāna
موسمی	मौसमी	mausmi	mausmī
الانصاری	अल-अंसारी	al-ansaari	al-ansārī
الم	अलम	alam	alam
گرینڈ	ग्रैंड	graind	grainḍ
تنظیمیں	तंज़ीमें	tanzeemein	tanzīmeñ
معاوضہ	मुआवज़ा	muaawza	muāvza
کینیڈین	कैनेडियन	kainediyan	kaineḍiyan
سبزی	सब्ज़ी	sabzi	sabzī
جیک	जैक	jaik	jaik
داتا	दाता	daata	dātā
اوکاڑہ	ओकाड़ा	okara	okāṛa
پراسرار	पुर-असरार	pur-asraar	pur-asrār
وہب	वहब	wahab	vahab
آبادیوں	आबादियों	aabaadiyon	ābādiyoñ
پہنے	पहने	pehne	pahne
کوشاں	कोशाँ	koshan	koshāñ
ویلی	वैली	valley	vailī
کھوج	खोज	khoj	khoj
کنواں	कुआँ	kunwan	kuñvāñ
پہچانے	पहचाने	pehchaane	pahchāne
جوبلی	जुबली	jubilee	jublī
زمیں	ज़मीं	zamin	zamīñ
صاحبہ	साहिबा	saahiba	sāhiba
متی	मत्ती	matti	mattī
عالمگیری	आलमगीरी	aalamgeeri	ālamgīrī
کہلایا	कहलाया	kehlaaya	kahlāyā
گھڑ	घड़	ghad	ghaṛ
لعنت	लानत	lanat	la'nat
کفالت	कफ़ालत	kafaalat	kafālat
عتیق	अतीक़	ateeq	atīq
ٹھنڈا	ठंडा	thanda	ṭhanḍā
ایجوکیشنل	एजुकेशनल	educational	ejukeshnal
کرسی	कुर्सी	kursi	kursī
نظروں	नज़रों	nazaron	nazaroñ
اکیلے	अकेले	akele	akele
عملا	अमलन	amalan	amalan
سمندروں	समुंदरों	samundaron	samundaroñ
الزبتھ	एलिज़ाबेथ	elizabeth	elizābeth
تقدیر	तक़दीर	taqdeer	taqdīr
بیڑے	बेड़े	bede	beṛe
ڈوگرہ	डोगरा	dogra	ḍogra
امریکن	अमरीकन	amreekan	amrīkan
وجوہ	वुजूह	wujooh	vujūh
دلت	दलित	dalit	dalit
ترجمانی	तर्जुमानी	tarjumaani	tarjumānī
منت	मिन्नत	minnat	minnat
دارانہ	दाराना	daaraana	dārāna
مکاتب	मकातिब	makaatib	makātib
مالکی	मालिकी	maaliki	mālikī
طرفہ	तरफ़ा	tarfa	tarfa
کتابی	किताबी	kitaabi	kitābī
احتجاجی	एहतिजाजी	ehtijaaji	ehtijājī
ہیرے	हीरे	heere	hīre
موافق	मुवाफ़िक़	muwaafiq	muvāfiq
وائیومنگ	वाइयोमिंग	waaiyoming	vāiyoming
روایتوں	रिवायतों	riwaayaton	rivāyatoñ
نکلتے	निकलते	nikalte	nikalte
کھوسہ	खोसा	khosa	khosa
رسد	रसद	rasad	rasad
پڑھانے	पढ़ाने	padhaane	paṛhāne
کیلی	केलि	keli	keli
برتنوں	बर्तनों	bartanon	bartanoñ
زن	ज़न	zan	zan
لبرل	लिब्रल	libral	libral
ظہر	ज़ुह्र	zuhr	zuhr
گیمز	गेम्ज़	games	gemz
برخلاف	बर-ख़िलाफ़	bar-khilaaf	bar-ḳhilāf
اگستیہ	अगस्तिया	agastiya	agastiya
یادو	यादव	yaadav	yādav
مشابہت	मुशाबहत	mushaabahat	mushābahat
چڑھا	चढ़ा	chadha	chaṛhā
بڑھی	बढ़ी	badhi	baṛhī
مقبوضہ	मक़बूज़ा	maqbooza	maqbūza
شکاری	शिकारी	shikaari	shikārī
کنعان	कनान	kanaan	kan'ān
گھرانہ	घराना	gharaana	gharāna
توزیع	तौज़ी	tauzee	tauzī
اراضی	अराज़ी	araazi	arāzī
کرتاہے	करता है	karta hai	kartā hai
کیپ	कीप	keep	kīp
نظامیہ	निज़ामिया	nizaamiya	nizāmiya
الغنی	अल-ग़नी	al-ghani	al-ġanī
لتا	लता	lata	latā
رہان	रहान	rahaan	rahān
طاقم	ताक़िम	taaqim	tāqim
تدبیر	तदबीर	tadbeer	tadbīr
بوقت	बवक़्त	ba-waqt	ba-vaqt
کفارہ	कफ़्फ़ारा	kaffaara	kaffāra
ساقی	साक़ी	saaqi	sāqī
رشتوں	रिश्तों	rishton	rishtoñ
تارا	तारा	taara	tārā
جوابی	जवाबी	jawaabi	javābī
سامی	सामी	saami	sāmī
النسل	अन-नस्ल	an-nasl	an-nasl
طائف	ताइफ़	taaif	tāif
اندیشہ	अंदेशा	andesha	andesha
قمی	क़मी	qami	qamī
مارٹل	मार्टल	maartal	mārṭal
منشور	मंशूर	manshoor	manshūr
فائل	फ़ाइल	faail	fāil
ارتقائی	इर्तिक़ाई	irtiqaai	irtiqāī
کامران	कामरान	kaamraan	kāmrān
اجرت	उजरत	ujrat	ujrat
جلی	जली	jali	jalī
مہابھارت	महाभारत	mahabharat	mahābhārat
ترکمانستان	तुर्कमेनिस्तान	turkmenistan	turkmenistān
اوراق	औराक़	auraaq	aurāq
نوبت	नौबत	naubat	naubat
استعمالات	इस्तेमालात	istimaalaat	isti'mālāt
ہیرا	हीरा	heera	hīrā
حواشی	हवाशी	hawaashi	havāshī
اوبلاست	ओब्लास्ट	oblast	oblāsṭ
نازی	नाज़ी	naazi	nāzī
اجنبی	अजनबी	ajnabi	ajnabī
اویلر	ऑयलर	euler	āilar
سرکردہ	सरकर्दा	sarkarda	sarkarda
ضوابط	ज़वाबित	zawaabit	zavābit
راکھ	राख	raakh	rākh
صبا	सबा	saba	sabā
ناگپور	नागपुर	naagpur	nāgpur
ممانعت	मुमानियत	mumaaniat	mumāni'at
کراس	क्रास	kraas	krās
خروج	ख़ुरूज	khurooj	ḳhurūj
خطبات	ख़ुत्बात	khutbaat	ḳhutbāt
نکالی	निकाली	nikaali	nikālī
مچھلیاں	मछलियाँ	machhliyan	machhliyāñ
نقی	नक़ी	naqi	naqī
نقاط	नक़ात	naqaat	naqāt
پیڈیا	पीडिया	peediya	pīḍiyā
میرٹھی	मेरठी	merathi	meraṭhī
گریز	गुरेज़	gurez	gurez
ڈبل	डबल	dabal	ḍabal
مچھلیوں	मछलियों	machhliyon	machhliyoñ
العربی	अल-अरबी	al-arbi	al-arbī
ریزرو	रेज़रो	rezaro	rezaro
انڈے	अंडे	ande	anḍe
مریدین	मुरीदीन	mureedeen	murīdīn
ازواج	अज़वाज	azwaaj	azvāj
بھیم	भीम	bheem	bhīm
طبیعی	तबई	tabeei	tabī'ī
لڑکیاں	लड़कियाँ	ladkiyan	laṛkiyāñ
دکنی	दकनी	dakani	dakanī
کوثر	कौसर	kausar	kausar
نہج	नहज	nahaj	nahaj
قسط	क़िस्त	qist	qist
بخارات	बुख़ारात	bukhaaraat	buḳhārāt
قدس	क़ुद्स	quds	quds
علمیہ	इल्मिया	ilmiya	ilmiya
مارک	मारक	maarak	mārak
سنگم	संगम	sangam	sangam
ہیمپشائر	हैंपशायर	hampshire	haimpshāyar
نانی	नानी	naani	nānī
طیاروں	तय्यारों	tayyaaron	tayyāroñ
محلے	महल्ले	mahalle	mahalle
مسرت	मसर्रत	masarrat	masarrat
پیکر	पैकर	paikar	paikar
لڑتے	लड़ते	ladte	laṛte
جدول	जुदूल	judool	judūl
پودا	पौदा	pauda	paudā
مختلط	मुख़्तलित	mukhtalit	muḳhtalit
کالعدم	कालादम	kaaladam	kāl'adam
بہاؤالدین	बहाउद्दीन	bahaauddeen	bahā'uddīn
دبستان	दबिस्तान	dabistaan	dabistān
ڈرون	ड्रोन	drone	ḍron
وصف	वस्फ़	wasf	vasf
اجمیر	अजमेर	ajmer	ajmer
صنعتوں	सनतों	sanaton	san'atoñ
کپڑوں	कपड़ों	kapdon	kapṛoñ
منبر	मिंबर	mimbar	mimbar
مونٹگمری	मोंटगमरी	montgmari	monṭgmarī
وکٹ	विकट	wicket	vikaṭ
مباحثہ	मुबाहसा	mubaahasa	mubāhasa
برطرف	बरतरफ़	bartaraf	bartaraf
دشت	दश्त	dasht	dasht
مزین	मुज़य्यन	muzayyan	muzayyan
عشرے	इश्रे	ishre	ishre
حجۃ	हुज्जत	hujjat	hujjat
زہد	ज़ुह्द	zuhd	zuhd
ایمیزون	एमेज़ोन	emezon	emezon
تنوع	तनव्वो	tanawwo	tanavvo
پاداش	पादाश	paadaash	pādāsh
چڑیا	चिड़िया	chidiya	chiṛiyā
گرنتھ	ग्रंथ	granth	granth
رتبہ	रुत्बा	rutba	rutba
آوری	आवरी	aawri	āvrī
ٹیوب	ट्यूब	tyoob	ṭyūb
کہو	कहो	kaho	kaho
سیستان	सीस्तान	seestaan	sīstān
سیکھ	सीख	seekh	sīkh
ڈھال	ढाल	dhaal	ḍhāl
محلول	महलूल	mehlool	mahlūl
طیب	तय्यिब	tayyib	tayyib
آستانہ	अस्ताना	astaana	astāna
اینگلز	एंगेल्स	engels	engels
لوگو	लोगो	logo	logo
ہرزیگووینا	हर्ज़ेगोविना	harzegowina	harzegovinā
میمن	मैमन	memon	maiman
خیرپور	ख़ैरपूर	khairpur	ḳhairpūr
قانع	क़ाने	qaane	qāne
شہداء	शुहदा	shuhadaa	shuhadā
الجامع	अल-जामे	al-jaame	al-jāme
فلما	फ़िल्मा	filma	filmā
اڑا	उड़ा	uda	uṛā
جبریل	जबरील	jabreel	jabrīl
سورتوں	सूरतों	sooraton	sūratoñ
احاطے	अहाते	ahaate	ahāte
معاملوں	मुआमलों	muaamalon	mu'āmaloñ
راکٹ	रॉकेट	rocket	rokeṭ
تقاضا	तक़ाज़ा	taqaaza	taqāzā
انگلش	इंग्लिश	inglish	inglish
خطاط	ख़त्तात	khattaat	ḳhattāt
عثمانیوں	उस्मानियों	usmaaniyon	usmāniyoñ
تعمیراتی	तामीराती	taameeraati	tāmīrātī
تشخیص	तशख़ीस	tashkhees	tashḳhīs
ٹھٹہ	ठट्टा	thatta	ṭhaṭṭa
ٹرافی	ट्रॉफ़ी	trophy	ṭrāfī
دارالعلوم	दारुल-उलूम	daar-ul-uloom	dār-ul-ulūm
آئل	ऑयल	oil	āil
ہاسن	हासुन	haasun	hāsun
رن	रन	ran	ran
تعجب	ताज्जुब	taajjub	ta'ajjub
توثیق	तौसीक़	tauseeq	tausīq
غدر	ग़दर	ghadar	ġadar
متضاد	मुतज़ाद	mutazaad	mutazād
ازدواجی	इज़दिवाजी	izdiwaaji	izdivājī
آزر	आज़र	aazar	āzar
نارتھ	नार्थ	naarth	nārth
اوپری	ऊपरी	oopri	ūprī
فاش	फ़ाश	faash	fāsh
تبسم	तबस्सुम	tabassum	tabassum
خانیوال	ख़ानेवाल	khanewal	ḳhānevāl
ستی	सती	sati	satī
مقدونیہ	मक़दूनिया	macedonia	maqdūniya
پیارے	प्यारे	pyaare	pyāre
جلتے	जलते	jalte	jalte
بسنے	बसने	basne	basne
ستہ	सित्ता	sitta	sitta
احرام	अहराम	ahraam	ahrām
زنجیر	ज़ंजीर	zanjeer	zanjīr
معتدل	मोतदिल	motadil	mo'tadil
شکاگو	शिकागो	shikaago	shikāgo
کھینچ	खींच	kheench	khīñch
شیوخ	शुयूख़	shuyookh	shuyūḳh
شناس	शनास	shanaas	shanās
ڈرائیور	ड्राइवर	driver	ḍrāivar
رسانی	रिसानी	risaani	risānī
بخود	बख़ुद	ba-khud	ba-ḳhud
نیپالی	नेपाली	nepaali	nepālī
جنوں	जुनूँ	junoon	junūñ
فزکس	फ़िज़िक्स	physics	fiziks
احساسات	एहसासात	ehsaasaat	ehsāsāt
المدارس	अल-मदारिस	al-madaaris	al-madāris
لیون	ल्यों	liyon	liyon
دائمی	दाइमी	daaimi	dāimī
جاٹ	जाट	jaat	jāṭ
جھوٹے	झूठे	jhoothe	jhūṭhe
سلطنتوں	सल्तनतों	saltanaton	saltanatoñ
حراست	हिरासत	hiraasat	hirāsat
گرتا	गिरता	girta	girtā
مصرع	मिस्रा	misra	misra
خاوند	ख़ावंद	khaawand	ḳhāvand
الشریعہ	अश-शरीआ	ash-shareea	ash-sharī'a
مہربان	मेहरबान	mehrbaan	mehrbān
مخفی	मुख़फ़ी	mukhaffi	muḳhaffī
جلتا	जलता	jalta	jaltā
احمر	अहमर	ahmar	ahmar
راتوں	रातों	raaton	rātoñ
کثافت	कसाफ़त	kasaafat	kasāfat
کنی	कनी	kani	kanī
ماحولیات	माहौलियात	maahauliyaat	māhauliyāt
مورتی	मूर्ति	moorti	mūrtī
ماری	मारी	maari	mārī
سام	साम	saam	sām
سنگیت	संगीत	sangeet	sangīt
اٹھانا	उठाना	uthaana	uṭhānā
شاد	शाद	shaad	shād
اعلام	आलाम	alaam	a'lām
سہرا	सहरा	sehra	sahrā
اٹل	अटल	atal	aṭal
فرماتا	फ़रमाता	farmaata	farmātā
ناگ	नाग	naag	nāg
غیب	ग़ैब	ghaib	ġaib
بہم	बहम	baham	baham
ربنا	रब्बना	rabbana	rabbanā
آپریٹنگ	ऑपेरेटिंग	opereting	opereṭing
ہیروئن	हेरोइन	heroin	heroin
عبادات	इबादात	ibaadaat	ibādāt
گزرتے	गुज़रते	guzarte	guzarte
بامر	बामर	baamar	bāmar
لائیں	लाएँ	laayein	lāeñ
واٹسن	वॉट्सोन	wotson	voṭson
تھانہ	थाना	thaana	thāna
ٹرمپ	ट्रंप	tramp	ṭramp
طاس	तास	taas	tās
خوشاب	ख़ुशाब	khushab	ḳhūshāb
محسود	महसूद	mehsood	mahsūd
مسافت	मुसाफ़त	musaafat	musāfat
کمبوڈیا	कंबोडिया	cambodia	kamboḍiyā
زریں	ज़रीं	zarin	zarīñ
پروڈکشن	प्रोडक्षण	prodkshan	proḍkshan
شیخوپورہ	शेख़ूपुरा	sheikhupura	sheḳhūpūra
باجی	बाजी	baaji	bājī
کمالات	कमालात	kamaalaat	kamālāt
دیوالی	दिवाली	diwaali	divālī
مالیات	मालियात	maaliyaat	māliyāt
ہبل	हबल	habal	habal
تاریکی	तारीकी	taareeki	tārīkī
قصر	क़स्र	qasr	qasr
لڑا	लड़ा	lada	laṛā
حنا	हिना	hina	hinā
نوشہرہ	नौशहरा	nowshera	naushahra
نیوٹن	न्यूटन	nyootan	nyūṭan
بینٹن	बैंटन	baintan	baiñṭan
ابجد	अब्जद	abjad	abjad
شائقین	शाइक़ीन	shaaiqeen	shāiqīn
بہنیں	बहनें	behnein	bahneñ
اسکالر	स्कालर	skaalar	skālar
حجری	हजरी	hajari	hajarī
فر	फ़र	far	far
ولو	वलो	walo	valo
فوقتا	फ़ौक़तन	fauqatan	fauqatan
زبر	ज़बर	zabar	zabar
فلمساز	फ़िल्मसाज़	filmsaaz	filmsāz
افغانوں	अफ़ग़ानों	afghaanon	afġānoñ
توڑنے	तोड़ने	todne	toṛne
منگل	मंगल	mangal	mangal
الزمان	अलज़मान	az-zamaan	az-zamān
قافلہ	क़ाफ़िला	qaafila	qāfila
اولئک	उलाइक	ulaaik	ulāik
خواں	ख़्वाँ	khwaan	ḳhvāñ
پنڈی	पिंडी	pindi	pinḍī
پیام	पयाम	payaam	payām
میرپور	मीरपुर	mirpur	mīrpūr
ٹاون	टाउन	town	ṭāun
مناظرہ	मुनाज़िरा	munaazira	munāzira
حاوی	हावी	haawi	hāvī
بفیلو	बफ़ीलो	bafeelo	bafīlo
ابدال	अब्दाल	abdaal	abdāl
الرجال	अर-रिजाल	ar-rijaal	ar-rijāl
تقاضوں	तक़ाज़ों	taqaazon	taqāzoñ
میئر	मेयर	mayor	meyar
پٹیالہ	पटियाला	patiyaala	paṭiyāla
نافرمانی	नाफ़रमानी	naafarmaani	nāfarmānī
پرستوں	परस्तों	paraston	parastoñ
خورد	ख़ुर्द	khurd	ḳhurd
آؤ	आओ	aao	āo
عبدالملک	अब्दुल-मलिक	abdul-malik	abdul-malik
وفاداری	वफ़ादारी	wafaadaari	vafādārī
آلودگی	आलूदगी	aaloodagi	ālūdagī
ڈالتے	डालते	daalte	ḍālte
منجمد	मुंजमिद	munjamid	munjamid
بدنام	बदनाम	badnaam	badnām
اوکسفرڈ	ऑक्सफ़ोर्ड	oksford	oksforḍ
سروسز	सर्विसेज़	services	sarvisez
اسکرین	स्क्रीन	screen	skrīn
احمدی	अहमदी	ahmadi	ahmadī
نارائن	नारायण	naaraayan	nārāyan
سٹیشن	स्टेशन	steshan	sṭeshan
دیسی	देसी	desi	desī
نقیب	नक़ीब	naqeeb	naqīb
دھار	धार	dhaar	dhār
فرمائش	फ़रमाइश	farmaaish	farmāish
متقی	मुत्तक़ी	muttaqi	muttaqī
نوک	नोक	nok	nok
سرا	सरा	sara	sarā
نیر	नय्यर	nayyar	nayyar
ہمدان	हमदान	hamdaan	hamdān
پیروں	पीरों	peeron	pīroñ
سرخی	सुर्ख़ी	surkhi	surḳhī
قلت	क़िल्लत	qillat	qillat
ٹریبون	ट्रिब्यून	tribune	ṭribyūn
نرگس	नरगिस	nargis	nargis
جعلی	जाली	jali	ja'lī
متاثرین	मुतास्सिरीन	mutaassireen	mutāssirīn
لیول	लेवल	lewal	leval
محمدیہ	मुहम्मदिया	muhammadiya	muhammadiya
مرقع	मुरक़्क़ा	muraqqa	muraqqa
صفا	सफ़ा	safa	safā
لنگر	लंगर	langar	langar
الحاج	अल-हाज	al-haaj	al-hāj
بستر	बिस्तर	bistar	bistar
اکٹھے	इकट्ठे	ikatthe	ikaṭṭhe
سبک	सब्क	sabk	sabk
موصول	मौसूल	mausool	mausūl
سونپ	सौंप	saunp	sauñp
پنج	पंज	panj	panj
مایوسی	मायूसी	maayoosi	māyūsī
ضمنی	ज़िमनी	zimni	zimnī
ہلکی	हल्की	halki	halkī
کسب	कस्ब	kasb	kasb
چنگ	चंग	chang	chang
البخاری	अल-बुख़ारी	al-bukhaari	al-buḳhārī
کود	कुद	kud	kud
سلفی	सलफ़ी	salafi	salafī
پندرہویں	पंद्रहवें	pandrehwein	pandrahveñ
یاسین	यासीन	yaaseen	yāsīn
پچھلی	पिछली	pichhli	pichhlī
سچا	सच्चा	sachcha	sachchā
جنات	जिन्नात	jinnaat	jinnāt
بدعنوانی	बदुन्वानी	badunwaani	bad'unvānī
ہفتوں	हफ़्तों	hafton	haftoñ
ڈب	डब	dab	ḍab
سماوی	समावी	samaawi	samāvī
دادی	दादी	daadi	dādī
میز	मेज़	mez	mez
النار	अन-नार	an-naar	an-nār
رنگت	रंगत	rangat	rangat
کھیلتے	खेलते	khelte	khelte
چوں	चूँ	choon	chūñ
راشدین	राशिदीन	raashideen	rāshidīn
لیکچر	लेक्चर	lecture	lekchar
درسی	दरसी	darsi	darsī
پالتو	पालतू	paaltu	pāltū
گاہیں	गाहें	gaahein	gāheñ
سوشلسٹ	सोशलिस्ट	soshlist	soshlisṭ
بخشش	बख़्शिश	bakhshish	baḳhshish
وفادار	वफ़ादार	wafaadaar	vafādār
نظریۂ	नज़रिया	nazariya	nazariya
ریٹائرڈ	रिटायर्ड	retired	riṭāirḍ
مستقیم	मुस्तक़ीम	mustaqeem	mustaqīm
طوائف	तवाइफ़	tawaaif	tavāif
چھوڑنا	छोड़ना	chhodna	chhoṛnā
سیاق	सियाक़	siyaaq	siyāq
عرفات	अरफ़ात	arafaat	arafāt
فیضان	फ़ैज़ान	faizaan	faizān
نیلے	नीले	neele	nīle
ہوتیں	होतीं	hotin	hotīñ
ثریا	सुरैया	surayya	surayyā
سینما	सिनेमा	sinema	sinemā
کچل	कुचल	kuchal	kuchal
نیواڈا	नीवाडा	neewaada	nīvāḍā
انسداد	इंसिदाद	insidaad	insidād
مطلوب	मतलूब	matloob	matlūb
سیکھی	सीखी	seekhi	sīkhī
اترنے	उतरने	utarne	utarne
مغیرہ	मुग़ीरा	mugheera	muġīra
لاگت	लागत	laagat	lāgat
اتباع	इत्तिबा	ittibaa	ittibā
جہت	जहत	jahat	jahat
قطعات	क़तात	qataat	qat'āt
استعداد	इस्तेदाद	istidaad	isti'dād
کورنگی	कोरंगी	korangi	korangī
نپولین	नेपोलियन	napoleon	napoliyan
تاریک	तारीक	taareek	tārīk
پرت	परत	parat	parat
خم	ख़म	kham	ḳham
کیلنڈر	कैलेंडर	calendar	kailenḍar
سیدھی	सीधी	seedhi	sīdhī
برہم	बरहम	barham	barham
سکاٹ	स्कॉट	scott	skāṭ
چربی	चर्बी	charbi	charbī
راہنما	राहनुमा	raahnuma	rāhnumā
عرق	अरक	arak	arak
احتیاط	एहतियात	ehtiyaat	ehtiyāt
فیصلوں	फ़ैसलों	faislon	faisloñ
فشاں	फ़िशाँ	fishan	fishāñ
داریوں	दारियों	daariyon	dāriyoñ
منو	मनो	mano	mano
چوہان	चौहान	chauhaan	chauhān
خریدنے	ख़रीदने	khareedne	ḳharīdne
سالماتی	सालमाती	saalmaati	sālmātī
قطبی	क़ुत्बी	qutbi	qutbī
چو	चू	chu	chū
تعمیل	तामील	taameel	tāmīl
حقدار	हक़दार	haqdaar	haqdār
ثقہ	सिक़ा	siqa	siqa
برتاؤ	बर्ताव	bartaav	bartāv
سلیس	सलीस	salees	salīs
العالمین	अल-आलमीन	al-aalameen	al-ālamīn
راویوں	रावियों	raawiyon	rāviyoñ
مرتکب	मुर्तकिब	murtakib	murtakib
برداری	बरदारी	bardaari	bardārī
فوق	फ़ौक़	fauq	fauq
گنگوہی	गंगोही	gangohi	gangohī
رضامندی	रज़ामंदी	razaamandi	razāmandī
منازل	मनाज़िल	manaazil	manāzil
توسط	तवस्सुत	tawassut	tavassut
کنونشن	कन्वेंशन	convention	kanvenshan
فیئرفیلڈ	फ़ैरफ़ील्ड	fairfeeld	fairfīlḍ
فصیح	फ़सीह	faseeh	fasīh
بھروسا	भरोसा	bharosa	bharosā
لغاری	लुग़ारी	lughaari	luġārī
مجموعوں	मजमूओं	majmoon	majmū'oñ
دیہاتی	देहाती	dehaati	dehātī
ٹوکیو	टोक्यो	tokyo	ṭokyo
سازشوں	साज़िशों	saazishon	sāzishoñ
دستوں	दस्तों	daston	dastoñ
لیلا	लीला	leela	līlā
چاہ	चाह	chaah	chāh
بولتا	बोलता	bolta	boltā
تاسیس	तासीस	taasees	tāsīs
عنہم	अन्हुम	anhum	anhum
لہروں	लहरों	laharon	laharoñ
حماد	हम्माद	hammaad	hammād
ریکارڈنگ	रिकॉर्डिंग	recording	rikārḍing
آریہ	आर्य	aarya	ārya
العرب	अल-अरब	al-arab	al-arab
جیب	जेब	jeb	jeb
پکڑنے	पकड़ने	pakadne	pakaṛne
کرانا	कराना	karaana	karānā
تحقیقاتی	तहक़ीक़ाती	tehqeeqaati	tahqīqātī
ءکو	को	ko	ko
تکنیک	तकनीक	takneek	taknīk
آبرو	आबरू	aabru	ābrū
بندوبست	बंदोबस्त	bandobast	bandobast
وینس	वेनिस	wenis	venis
نیں	नीं	nin	nīñ
اعتدال	एतिदाल	itidaal	i'tidāl
الناصر	अन-नासिर	an-naasir	an-nāsir
مسلموں	मुस्लिमों	muslimon	muslimoñ
رغبت	रग़बत	raghbat	raġbat
تابکاری	ताबकारी	taabkaari	tābkārī
پیشتر	पेशतर	peshtar	peshtar
حوالوں	हवालों	hawaalon	havāloñ
مکروہ	मकरूह	makrooh	makrūh
لڑے	लड़े	lade	laṛe
خلاء	ख़ला	khala	ḳhalā
چورنگی	चौरंगी	chaurangi	chaurangī
تعامل	तआमुल	taamul	ta'āmul
آرائی	आराई	aaraai	ārāī
میلاد	मीलाद	meelaad	mīlād
ساگر	सागर	saagar	sāgar
سنان	सुनान	sunaan	sunān
وزیراعلیٰ	वज़ीर-ए-आला	wazir-e-aala	vazīr-e-a'lā
سیکنڈری	सेकंडरी	secondary	sekanḍarī
بھٹ	भट	bhat	bhaṭ
ورسٹی	वर्सिटी	versity	varsiṭī
پتوں	पत्तों	patton	pattoñ
شعلہ	शोला	shola	shola
کشن	किशन	kishan	kishan
قونصل	क़ौंसल	consul	qaunsal
کھجور	खजूर	khajoor	khajūr
فحش	फ़ुहश	fuhsh	fuhsh
بدترین	बदतरीन	badtareen	badtarīn
ہیری	हेरी	heri	herī
میٹرو	मेट्रो	metro	meṭro
غرور	ग़ुरूर	ghuroor	ġurūr
عصبی	अस्बी	asbi	asbī
ادیان	अद्यान	adyaan	adyān
ماجہ	माजा	maaja	māja
نسائی	नसाई	nasaai	nasāī
ملایا	मिलाया	milaaya	milāyā
جھگڑا	झगड़ा	jhagda	jhagṛā
پلاٹ	प्लाट	plaat	plāṭ
لوئی	लुई	louis	luī
سرنگ	सुरंग	surang	surang
مجازی	मजाज़ी	majaazi	majāzī
راشدہ	राशिदा	raashida	rāshida
متنوع	मुतनव्विअ	mutanawwi	mutanavvi
خالہ	ख़ाला	khaala	ḳhāla
پیاس	प्यास	pyaas	pyās
موسٰی	मूसा	moosa	mūsā
العباس	अल-अब्बास	al-abbaas	al-abbās
وائسرائے	वाइसराय	waaisraay	vāisrāy
اختراع	इख़्तिरा	ikhtiraa	iḳhtirā
نوش	नोश	nosh	nosh
ایڈاہو	एडाहो	edaaho	eḍāho
ناصری	नासरी	naasri	nāsrī
عشرہ	इश्रा	ishra	ishra
رانجھا	राँझा	raanjha	rānjhā
تھانوی	थानवी	thaanwi	thānvī
گوادر	ग्वादर	gwadar	gvādar
آجاتی	आ जाती	aa jaati	ā jātī
طاہرالقادری	ताहिर-उल-क़ादरी	taahir-ul-qaadri	tāhir-ul-qādrī
پٹ	पट	pat	paṭ
جرمانہ	जुर्माना	jurmaana	jurmāna
تراش	तराश	taraash	tarāsh
مجنوں	मजनूँ	majnoon	majnūñ
متوازی	मुतवाज़ी	mutawaazi	mutavāzī
بدری	बदरी	badri	badrī
اورینٹل	ओरेंटल	orental	orenṭal
پٹیل	पटेल	patel	paṭel
بیڑا	बेड़ा	beda	beṛā
بسی	बसी	basi	basī
ساغر	साग़र	saaghar	sāġar
طاق	ताक़	taaq	tāq
موٹی	मोटी	moti	moṭī
کنواری	कुँआरी	kunwaari	kuñvārī
پہنچانا	पहुँचाना	pahunchaana	pahuñchānā
کاسٹ	कास्ट	kaast	kāsṭ
رزق	रिज़्क़	rizq	rizq
برہنہ	बरहना	barehna	barahna
قومیں	क़ौमें	qaumein	qaumeñ
پات	पात	paat	pāt
افق	उफ़ुक़	ufuq	ufuq
تجرباتی	तजुर्बाती	tajurbaati	tajurbātī
صحاح	सिहाह	sihaah	sihāh
کیلے	केले	kele	kele
خاکی	ख़ाकी	khaaki	ḳhākī
دلایا	दिलाया	dilaaya	dilāyā
مجبورا	मजबूरन	majbooran	majbūran
بپتسمہ	बपतिस्मा	baptisma	baptisma
ترامیم	तरामीम	taraameem	tarāmīm
سہروردیہ	सुहरवर्दिया	suhrawardiya	suhravardiya
چمکدار	चमकदार	chamakdaar	chamakdār
غداری	ग़द्दारी	ghaddaari	ġaddārī
نکلی	निकली	nikli	niklī
مطالب	मुतालिब	mutaalib	mutālib
روداد	रूदाद	roodaad	rūdād
صدام	सद्दाम	saddaam	saddām
پرامن	पुर-अमन	pur-aman	pur-aman
شکریہ	शुक्रिया	shukriya	shukriya
آغوش	आग़ोश	aaghosh	āġosh
جالندھر	जालंधर	jalandhar	jālandhar
دھاتی	धाती	dhaati	dhātī
خریدا	ख़रीदा	khareeda	ḳharīdā
اینجلس	एंजेलिस	angeles	enjelis
واذا	व-इज़ा	wa-iza	va-izā
ویو	व्यो	wyo	vyo
پڑتے	पड़ते	padte	paṛte
اون	ऊन	oon	ūn
پیما	पीमा	peema	pīmā
درجنوں	दर्जनों	darjanon	darjanoñ
پکا	पका	paka	pakā
شغف	शग़फ़	shaghaf	shaġaf
بندگی	बंदगी	bandagi	bandagī
وقفے	वक़्फ़े	waqfe	vaqfe
حسان	हस्सान	hassaan	hassān
یوسفی	यूसुफ़ी	yoosufi	yūsufī
مات	मात	maat	māt
دائم	दाइम	daaim	dāim
قائدین	क़ाइदीन	qaaideen	qāidīn
برادران	बिरादरान	biraadaraan	birādarān
نظری	नज़री	nazari	nazarī
الدمشقی	अलदमिश्क़ी	aldamishqi	aldamishqī
سکولوں	स्कूलों	skoolon	skūloñ
ٹکڑوں	टुकड़ों	tukdon	ṭukṛoñ
رہن	रहन	rahan	rahan
اخلاص	इख़लास	ikhlaas	iḳhlās
اطہر	अतहर	athar	athar
ڈین	डैन	dain	ḍain
گپتا	गुप्ता	gupta	guptā
جلن	जलन	jalan	jalan
تنزانیہ	तंज़ानिया	tanzania	tanzāniya
تسلی	तसल्ली	tasalli	tasallī
روضہ	रौज़ा	rauza	rauza
اینٹی	एंटी	anti	enṭī
ساجد	साजिद	saajid	sājid
آرگنائزیشن	ऑर्गनाइज़ेशन	organization	ārganāizeshan
مٹھی	मुट्ठी	mutthi	muṭṭhī
اٹھنے	उठने	uthne	uṭhne
مدھو	मधु	madhu	madhū
ساہتیہ	साहित्य	saahitya	sāhitya
داں	दाँ	daan	dāñ
سستی	सस्ती	sasti	sastī
ورمونٹ	वर्मोंट	warmont	varmonṭ
گھومتی	घूमती	ghoomti	ghūmtī
جانیں	जानें	jaanein	jāneñ
گیان	ज्ञान	gyaan	gyān
کیڑے	कीड़े	keede	kīṛe
تقویٰ	तक़्वा	taqwa	taqvā
انگلیوں	उंगलियों	ungliyon	ungliyoñ
ذوالحجہ	ज़ुल-हिज्जा	zul-hijja	zul-hijja
نقاشی	नक़्क़ाशी	naqqaashi	naqqāshī
منکم	मिनकुम	minkum	minkum
تقاریر	तक़ारीर	taqaareer	taqārīr
البیرونی	अलबेरूनी	alberooni	alberūnī
شفاف	शफ़्फ़ाफ़	shaffaaf	shaffāf
ٹکڑا	टुकड़ा	tukda	ṭukṛā
قبروں	क़ब्रों	qabron	qabroñ
نریندر	नरेंद्र	narendra	narendra
میرٹھ	मेरठ	merath	meraṭh
مرتضی	मुर्तज़ा	murtaza	murtazā
ڈاؤن	डाउन	down	ḍāun
ویر	वीर	weer	vīr
دوستانہ	दोस्ताना	dostaana	dostāna
موہنجودڑو	मोहनजोदड़ो	mohanjodado	mohanjodaṛo
نامیاتی	नामियाती	naamiyaati	nāmiyātī
قرطبی	क़ुर्तबी	qurtabi	qurtabī
جاچکے	जा चुके	ja chuke	jā chuke
فرخ	फ़र्रुख़	farrukh	farruḳh
عفان	अफ़्फ़ान	affaan	affān
رکھو	रखो	rakho	rakho
قدموں	क़दमों	qadamon	qadamoñ
داود	दाऊद	dawood	dāūd
ڈاکٹروں	डॉक्टरों	doktaron	ḍokṭaroñ
نجد	नज्द	najd	najd
ٹکرا	टकरा	takra	ṭakrā
میڈیکا	मेडिका	medika	meḍikā
مرتے	मरते	marte	marte
کاندھلوی	कांधुलवी	kaandhulwi	kāndhulvī
مقبرے	मक़बरे	maqbare	maqbare
المنصور	अल-मंसूर	al-mansoor	al-mansūr
بمباری	बमबारी	bambaari	bambārī
طرابلس	तराबुलुस	taraabulus	tarābulus
مینی	मैनी	maini	mainī
بوسٹن	बोस्टन	bostan	bosṭan
فرمانروا	फ़रमान्रवा	farmaanrawa	farmānravā
گلستان	गुलिस्तान	gulistaan	gulistān
نالی	नाली	naali	nālī
متعہ	मता	mata	mat'a
غلاف	ग़िलाफ़	ghilaaf	ġilāf
آشوب	आशूब	aashoob	āshūb
الائمہ	अल-अइम्मा	al-aimma	al-a'imma
ہواؤں	हवाओं	hawaaon	havāoñ
انفرادیت	इंफ़िरादियत	infiraadiyat	infirādiyat
اشتہارات	इश्तिहारात	ishtihaaraat	ishtihārāt
ویتنام	वियतनाम	vietnam	viyatnām
انضمام	इंज़िमाम	inzimaam	inzimām
تکلف	तकल्लुफ़	takalluf	takalluf
المیزان	अल-मीज़ान	al-meezaan	al-mīzān
لپیٹ	लपेट	lapet	lapeṭ
خیام	ख़य्याम	khayyaam	ḳhayyām
الیک	अल-यक	al-yak	al-yak
ہمسایہ	हमसाया	hamsaaya	hamsāya
جوزی	जूज़ी	joozi	jūzī
نعمانی	नेमानी	nimaani	ni'mānī
رعایت	रियायत	riaayat	ri'āyat
ایدھی	ईधी	eedhi	īdhī
معمر	मुअम्मर	muammar	mu'ammar
قفقاز	क़फ़क़ाज़	qafqaaz	qafqāz
اکتساب	इक्तिसाब	iktisaab	iktisāb
برہما	ब्रह्मा	brahma	barhamā
ٹینک	टैंक	tank	ṭaink
قسمتی	क़िस्मती	qismati	qismatī
دروازوں	दरवाज़ों	darwaazon	darvāzoñ
مفروضہ	मफ़रूज़ा	mafrooza	mafrūza
صدمہ	सदमा	sadma	sadma
سہی	सही	sahi	sahī
خلوت	ख़लवत	khalwat	ḳhalvat
وطنی	वतनी	watni	vatnī
بناوٹ	बनावट	banaawat	banāvaṭ
قربت	क़ुर्बत	qurbat	qurbat
یشاء	यशा	yashaa	yashā
بتدریج	बतदरीज	ba-tadreej	ba-tadrīj
لڑاکا	लड़ाका	ladaaka	laṛākā
پروردگار	परवरदिगार	parwardigaar	parvardigār
میلان	मीलान	meelaan	mīlān
میٹریا	मेट्रिया	metriya	meṭriyā
اسکیم	स्कीम	scheme	skīm
پکڑا	पकड़ा	pakda	pakṛā
دیاگیا	दिया गया	diya gaya	diyā gayā
افلاطون	अफ़लातून	aflaatoon	aflātūn
بش	बश	bash	bash
لوح	लौह	lauh	lauh
بہو	बहू	bahu	bahū
تلمذ	तलम्मुज़	talammuz	talammuz
جلاوطن	जलावतन	jalaawatan	jalāvatan
ریکارڈز	रिकॉर्ड्स	records	rikārḍz
عینی	ऐनी	aini	ainī
ثبت	सब्त	sabt	sabt
مقتدرہ	मुक़्तदरा	muqtadara	muqtadara
ٹریفک	ट्रैफ़िक	traffic	ṭraifik
ٹاپ	टाप	taap	ṭāp
ریحان	रैहान	raihaan	raihān
پہچانا	पहचाना	pehchaana	pahchānā
دورانیہ	दौरानिया	dauraaniya	daurāniya
دید	दीद	deed	dīd
الزماں	अज़-ज़माँ	az-zaman	az-zamāñ
مستنصر	मुस्तनसिर	mustansir	mustansir
آگہی	आगही	aagahi	āgahī
ربہ	रब्बुह	rabbuh	rabbuh
بوڑھے	बूढ़े	boodhe	būṛhe
پڑتال	पड़ताल	padtaal	paṛtāl
عیب	ऐब	aib	aib
جوئی	जूई	jooi	jūī
تحائف	तहाइफ़	tahaaif	tahāif
دہندہ	दहिंदा	dahinda	dahinda
خلیے	ख़लिये	khaliye	ḳhaliye
چشمے	चश्मे	chashme	chashme
افادیت	अफ़ादियत	afaadiyat	afādiyat
مکے	मुक्के	mukke	mukke
آبپاشی	आबपाशी	aabpaashi	ābpāshī
تاتاری	तातारी	taataari	tātārī
مناف	मुनाफ़	munaaf	munāf
اتاترک	अतातुर्क	ataaturk	atāturk
تیزاب	तेज़ाब	tezaab	tezāb
منادی	मुनादी	munaadi	munādī
ٹنڈو	टंडो	tando	ṭanḍo
جڑیں	जड़ें	jadein	jaṛeñ
رابعہ	राबिया	raabia	rābi'a
حذف	हज़्फ़	hazf	hazf
مائیکرو	माइक्रो	micro	māikro
علمبردار	अलमबरदार	alambardaar	alambardār
تکرار	तकरार	takraar	takrār
حواس	हवास	hawaas	havās
مزاری	मज़ारी	mazaari	mazārī
جرنل	जर्नल	journal	jarnal
فالج	फ़ालिज	faalij	fālij
جداگانہ	जुदागाना	judaagaana	judāgāna
سوئٹزرلینڈ	स्विट्ज़रलैंड	switzerland	sviṭzarlainḍ
کونکورڈ	कोंकोर्ड	konkord	koñkorḍ
انارکلی	अनारकली	anaarkali	anārkalī
سوچنے	सोचने	sochne	sochne
گجر	गुज्जर	gujjar	gujjar
ہمزہ	हमज़ा	hamza	hamza
سنٹرل	सेंट्रल	central	senṭral
شارع	शारि	shaari	shāri
کھاتا	खाता	khaata	khātā
مماثل	मुमासिल	mumaasil	mumāsil
گارڈن	गार्डन	gaardan	gārḍan
وارانہ	वाराना	waaraana	vārāna
درجۂ	दर्जा	darja	darja
مہلک	मोहलिक	mohlik	mohlik
آمیزش	आमेज़िश	aamezish	āmezish
مجوزہ	मुजव्वज़ा	mujawwaza	mujavvaza
سکریٹری	सेक्रेटरी	secretary	sekreṭrī
فرنٹ	फ़्रंट	frant	franṭ
لاتعداد	लातेदाद	laatidaad	lāti'dād
رشی	ऋषि	rishi	rishī
صوفیہ	सूफ़िया	soofiya	sūfiya
معبد	माबद	mabad	ma'bad
آہنی	आहनी	aahni	āhnī
چوٹ	चोट	chot	choṭ
تزئین	तज़ीन	tazeen	tazīn
سبحان	सुभान	subhaan	subhān
مزارات	मज़ारात	mazaaraat	mazārāt
پھلوں	फलों	phalon	phaloñ
غیرت	ग़ैरत	ghairat	ġairat
توضیح	तौज़ीह	tauzeeh	tauzīh
داہر	दाहिर	daahir	dāhir
تاکید	ताकीद	taakeed	tākīd
انار	अनार	anaar	anār
کولمبس	कोलंबस	kolambas	kolambas
سیکٹر	सेक्टर	sektar	sekṭar
کرافٹ	क्राफ़्ट	kraaft	krāfṭ
مہ	मह	mah	mah
معرکے	मारके	marake	ma'rake
جنون	जुनून	junoon	junūn
بیاں	बयाँ	bayan	bayāñ
نسخ	नस्ख़	naskh	nasḳh
کامیڈی	कॉमेडी	komedi	komeḍī
آگئے	आ गए	aa gaye	ā gae
بلبل	बुलबुल	bulbul	bulbul
علت	इल्लत	illat	illat
اکیلا	अकेला	akela	akelā
ڈیوک	ड्यूक	dyook	ḍyūk
ہندوستانیوں	हिंदुस्तानियों	hindustaaniyon	hindustāniyoñ
چندہ	चंदा	chanda	chanda
کچی	कच्ची	kachchi	kachchī
سیکورٹی	सिक्योरिटी	security	sikyoriṭī
ٹھہر	ठहर	thahar	ṭhahar
مبصرین	मुबस्सिरीन	mubassireen	mubassirīn
چلنا	चलना	chalna	chalnā
جبران	जिब्रान	jibraan	jibrān
بدوش	बदोश	badosh	badosh
رسی	रस्सी	rassi	rassī
جراحی	जराही	jaraahi	jarāhī
المشائخ	अल-मशाइख़	al-mashaaikh	al-mashāiḳh
رجال	रिजाल	rijaal	rijāl
نانوتوی	नानौतवी	naanautawi	nānautavī
مینے	मैने	maine	maine
اڑ	उड़	ud	uṛ
ابوالقاسم	अबुल-क़ासिम	abul-qaasim	abul-qāsim
عادی	आदी	aadi	ādī
پرتاپ	प्रताप	prataap	pratāp
ثقافتوں	सक़ाफ़तों	saqaafaton	saqāfatoñ
تشہیر	तशहीर	tashheer	tashhīr
ایپ	ऐप	aip	aip
ربکم	रब्बुकुम	rabbukum	rabbukum
وقال	वक़ाल	waqaal	vaqāl
لامہ	लामा	laama	lāma
تصرف	तसर्रुफ़	tasarruf	tasarruf
سرکوبی	सरकोबी	sarkobi	sarkobī
لہو	लहू	lahu	lahū
العالم	अल-आलम	al-aalam	al-ālam
پڑھتا	पढ़ता	padhta	paṛhtā
یورینس	यूरेंस	yoorens	yūrens
الوجود	अल-वजूद	al-wajood	al-vajūd
ٹارزن	टारज़न	taarzan	ṭārzan
فدا	फ़िदा	fida	fidā
ھوئے	हुए	hue	hue
وافر	वाफ़िर	waafir	vāfir
مابعد	माबाद	maabaad	mābād
لمن	लमन	laman	laman
مبین	मुबीन	mubeen	mubīn
حیدری	हैदरी	haidari	haidarī
قرضے	क़र्ज़े	qarze	qarze
اجماع	इजमा	ijma	ijmā
البغدادی	अलबग़दादी	albaghdaadi	albaġdādī
فرات	फ़रात	faraat	farāt
خرقہ	ख़िरक़ा	khirqa	ḳhirqa
ہیملٹن	हेमिल्टन	hemiltan	hemilṭan
جماع	जमा	jama	jamā
مرو	मरु	maru	maru
خوبیاں	ख़ूबियाँ	khoobiyan	ḳhūbiyāñ
فیشن	फ़ैशन	faishan	faishan
مثالوں	मिसालों	misaalon	misāloñ
کشیدگی	कशीदगी	kasheedgi	kashīdgī
فقر	फ़क़्र	faqr	faqr
سالی	साली	saali	sālī
دلا	दिला	dila	dilā
سائیکل	साईकल	cycle	sāīkal
منتظر	मुंतज़िर	muntazir	muntazir
بارود	बारूद	baarood	bārūd
ٹورنامنٹ	टूर्नामेंट	toornaament	ṭūrnāmenṭ
ٹائیگر	टाइगर	tiger	ṭāigar
دائر	दायर	daayar	dāyar
جاننا	जानना	jaanna	jānnā
محکمے	महकमे	mahakme	mahakme
اندازی	अंदाज़ी	andaazi	andāzī
ابھر	उभर	ubhar	ubhar
ناچ	नाच	naach	nāch
ملزم	मुलज़िम	mulzim	mulzim
جارحانہ	जारहाना	jaarhaana	jārhāna
جھیلیں	झीलें	jheelein	jhīleñ
گھس	घुस	ghus	ghus
جوشی	जोशी	joshi	joshī
مجددیہ	मुजद्ददिया	mujaddadiya	mujaddadiya
ناٹک	नाटक	naatak	nāṭak
پاپ	पाप	paap	pāp
بندھن	बंधन	bandhan	bandhan
مشقت	मशक़्क़त	mashaqqat	mashaqqat
تصحیح	तसहीह	tasheeh	tashīh
فمن	फ़-मन	fa-man	fa-man
مالاکنڈ	मालाकिंड	maalaakind	mālākinḍ
انزل	अंज़ल	anzal	anzal
خالصہ	ख़ालिसा	khaalisa	ḳhālisa
جھنڈا	झंडा	jhanda	jhanḍā
بگاڑ	बिगाड़	bigaad	bigāṛ
عادات	आदात	aadaat	ādāt
جہالت	जहालत	jahaalat	jahālat
خلدون	ख़ुलदून	khuldoon	ḳhuldūn
کنور	कुँवर	kunwar	kuñvar
ریڑھ	रीढ़	reedh	rīṛh
البحر	अल-बह्र	al-bahr	al-bahr
حاضرین	हाज़िरीन	haazireen	hāzirīn
معالج	मुआलिज	muaalij	mu'ālij
بابری	बाबरी	baabri	bābrī
کروڑوں	करोड़ों	karodon	karoṛoñ
البقرہ	अल-बक़रा	al-baqara	al-baqara
کشیدہ	कशीदा	kasheeda	kashīda
بربر	बरबर	barbar	barbar
ردیف	रदीफ़	radeef	radīf
کھولی	खोली	kholi	kholī
ٹیموں	टीमों	teemon	ṭīmoñ
نمی	नमी	nami	namī
الخلافہ	अल-ख़िलाफ़ा	al-khilaafa	al-ḳhilāfa
وراثہ	विरासा	wiraasa	virāsa
حائل	हाइल	haail	hāil
مشروط	मशरूत	mashroot	mashrūt
لونگ	लौंग	laung	laung
گھرا	घिरा	ghira	ghirā
الحسینی	अल-हुसैनी	al-husaini	al-husainī
کیسا	कैसा	kaisa	kaisā
الہامی	इल्हामी	ilhaami	ilhāmī
مکالمے	मुकालमे	mukaalme	mukālme
کانگرس	कांग्रस	congress	kāngras
مخزن	मख़ज़न	makhzan	maḳhzan
صلیبیوں	सलीबियों	saleebiyon	salībiyoñ
فلپ	फ़िलिप	philip	filip
فورسز	फ़ोर्सेज़	forces	forsez
میعاد	मैअद	maiaad	mai'ād
نمائندوں	नुमाइंदों	numaaindon	numāindoñ
رادھا	राधा	raadha	rādhā
المال	अल-माल	al-maal	al-māl
چلاتے	चलाते	chalaate	chalāte
شکن	शिकन	shikan	shikan
سمیع	समी	sami	samī
میلے	मेले	mele	mele
بتانے	बताने	bataane	batāne
واعظ	वाइज़	waaiz	vā'iz
خدائے	ख़ुदाए	khudaaye	ḳhudāe
آیہ	आया	aaya	āya
آوازوں	आवाज़ों	aawaazon	āvāzoñ
بھون	भून	bhoon	bhūn
تولید	तौलीद	tauleed	taulīd
القیوم	अल-क़य्यूम	al-qayyoom	al-qayyūm
پرہیز	परहेज़	parhez	parhez
نوبیل	नोबेल	nobel	nobel
تکیہ	तकिया	takiya	takiya
محو	महव	mehw	mahv
الاولیاء	अल-औलिया	al-auliya	al-auliyā
زکوٰۃ	ज़कात	zakaat	zakāt
جنتی	जन्नती	jannati	jannatī
ستونوں	सुतूनों	sutoonon	sutūnoñ
رہاہے	रहा है	raha hai	rahā hai
فسانہ	फ़साना	fasaana	fasāna
الغفار	अल-ग़फ़्फ़ार	al-ghaffaar	al-ġaffār
اونٹنی	ऊँटनी	oontni	ūñṭnī
لازوال	लाज़वाल	laazwaal	lāzvāl
بابت	बाबत	baabat	bābat
بہنے	बहने	behne	bahne
کرسکتی	कर सकती	kar sakti	kar saktī
رفع	रफ़	raf	raf
شرم	शर्म	sharm	sharm
اسکے	उसके	uske	uske
صومالیہ	सोमालिया	somalia	somāliya
مصرعے	मिसरे	misre	misre
فرنگی	फ़िरंगी	farangi	farangī
سائے	साए	saaye	sāe
پروٹین	प्रोटेन	proten	proṭen
نیشاپور	नैशापुर	naishaapur	naishāpur
اندھا	अंधा	andha	andhā
شمارے	शुमारे	shumaare	shumāre
گڑھی	गढ़ी	gadhi	gaṛhī
ابرار	अबरार	abraar	abrār
فراز	फ़राज़	faraaz	farāz
طبقوں	तबक़ों	tabqon	tabqoñ
بیکر	बेकर	baker	bekar
سلطانہ	सुल्ताना	sultaana	sultāna
اٹھی	उठी	uthi	uṭhī
نقص	नक्स	naks	naks
ایٹ	एट	et	eṭ
برکات	बरकात	barakaat	barakāt
گلوکاروں	गुलूकारों	gulookaaron	gulūkāroñ
خاصیت	ख़ासियत	khaasiyat	ḳhāsiyat
سفرنامہ	सफ़रनामा	safarnaama	safarnāma
تشویش	तश्वीश	tashweesh	tashvīsh
گرلز	गर्ल्स	girls	garlz
تاتاریوں	तातारियों	taataariyon	tātāriyoñ
قصی	क़सी	qasi	qasī
زیوس	ज़्यूस	zyoos	zyūs
شاء	शां	shaa	shā
لیلہ	लैला	laila	laila
موجب	मूजिब	moojib	mūjib
مرمر	मर्मर	marmar	marmar
پہننے	पहनने	pahanne	pahanne
بنگلور	बंगलूर	bangloor	banglūr
آخرکار	आख़िरकार	aakhirkaar	āḳhirkār
چوڑی	चूड़ी	choodi	chūṛī
تقرری	तक़र्री	taqarri	taqarrī
تجاوز	तजावुज़	tajaawuz	tajāvuz
کھوپڑی	खोपड़ी	khopdi	khopṛī
شاگردی	शागिर्दी	shaagirdi	shāgirdī
ریڈر	रेडर	redar	reḍar
ڈائجسٹ	डाइजिस्ट	daaijist	ḍāijisṭ
خوری	ख़ोरी	khori	ḳhorī
فصلوں	फ़सलों	faslon	fasloñ
آپکے	आपके	aapke	āpke
امدادی	इमदादी	imdaadi	imdādī
موسوعہ	मौसुआ	mausooa	mausū'a
قراء	क़रा	qaraa	qarā
دینیہ	दीनिया	deeniya	dīniya
جاسم	जासिम	jaasim	jāsim
کرایہ	किराया	kiraaya	kirāya
ریڈی	रेडी	redi	reḍī
تفاسیر	तफ़ासीर	tafaaseer	tafāsīr
ستیہ	सत्य	satya	satya
مصلحت	मसलहत	maslahat	maslahat
نزار	नज़ार	nazaar	nazār
تجسس	तजस्सुस	tajassus	tajassus
اوزان	औज़ान	auzaan	auzān
منصفین	मुनसिफ़ीन	munsifeen	munsifīn
جوار	जवार	jawaar	javār
شعرائے	शुअरा-ए	shuara-e	shu'arā-e
سرہند	सिरहिंद	sirhind	sirhind
ماریون	मार्योन	maaryon	māryon
مضبوطی	मज़बूती	mazbooti	mazbūtī
بہاری	बहारी	bahaari	bahārī
اسعد	असअद	asad	as'ad
موروثی	मौरूसी	mauroosi	maurūsī
نشاط	निशात	nishaat	nishāt
چھاؤنی	छावनी	chhaaoni	chhā'onī
ہٹانے	हटाने	hataane	haṭāne
سمتھ	स्मिथ	smith	smith
تاخیر	ताख़ीर	taakheer	tāḳhīr
فاطمی	फ़ातिमी	faatimi	fātimī
عمار	अम्मार	ammaar	ammār
سم	सम	sam	sam
پونے	पुणे	pune	pune
تصویری	तस्वीरी	tasweeri	tasvīrī
شماریات	शुमारियात	shumaaryaat	shumāryāt
لہریں	लहरें	laharein	lahareñ
قبولیت	क़बूलियत	qabooliyat	qabūliyat
رضاعت	रिज़ाअत	rizaat	rizā'at
السنہ	अस-सुन्ना	as-sunna	as-sunna
عتبہ	उत्बा	utba	utba
نسق	नसक़	nasaq	nasaq
مغز	मग़ज़	maghaz	maġaz
ہلکے	हल्के	halke	halke
فوقیت	फ़ौक़ियत	fauqiyat	fauqiyat
مناجات	मुनाजात	munaajaat	munājāt
منکر	मुंकर	munkar	munkar
پیشن	पेशीन	pesheen	peshīn
وو	वो	wo	vo
قریہ	क़रिया	qariya	qariya
جیساکہ	जैसा कि	jaisa ki	jaisā ki
خوآن	ख़्वान	juan	ḳhvān
کھائے	खाए	khaaye	khāe
خریدی	ख़रीदी	khareedi	ḳharīdī
مشاورت	मुशावरत	mushaawarat	mushāvarat
گامزن	गामज़न	gaamzan	gāmzan
ہستیوں	हस्तियों	hastiyon	hastiyoñ
اہلیت	अहलियत	ahliyat	ahliyat
چاک	चाक	chaak	chāk
مشتری	मुश्तरी	mushtari	mushtarī
ایگزیکٹو	एग्ज़ेक्टो	egzekto	egzekṭo
حقانی	हक़्क़ानी	haqqaani	haqqānī
صفاتی	सिफ़ाती	sifaati	sifātī
مظاہرین	मुज़ाहिरीन	muzaahireen	muzāhirīn
کینز	केंज़	kenz	kenz
دھماکوں	धमाकों	dhamaakon	dhamākoñ
حوض	हौज़	hauz	hauz
نسوانی	नसवानी	naswaani	nasvānī
تلخیص	तलख़ीस	talkhees	talḳhīs
سواروں	सवारों	sawaaron	savāroñ
خزرج	ख़ज़रज	khazraj	ḳhazraj
سچی	सच्ची	sachchi	sachchī
جڑواں	जुड़वाँ	judwan	juṛvāñ
نشانیاں	निशानियाँ	nishaaniyan	nishāniyāñ
پرکاش	प्रकाश	prakaash	prakāsh
سیول	सियोल	siyol	siyol
اشاریہ	इशारिया	ishaariya	ishāriya
لوقا	लूक़ा	looqa	lūqā
انگوٹھی	अंगूठी	angoothi	angūṭhī
کریڈٹ	क्रेडिट	credit	kreḍiṭ
بیکٹیریا	बैक्टेरिया	bacteria	baikṭeriyā
آفیشل	ऑफ़िशियल	official	āfishiyal
اضافیت	इज़ाफ़ियत	izaafiyat	izāfiyat
ریفرنڈم	रेफ़्रिंडुम	refrindum	refrinḍum
گاما	गामा	gaama	gāmā
تان	तान	taan	tān
قرہ	क़रा	qara	qara
کھولنے	खोलने	kholne	kholne
مدافعت	मुदाफ़ियत	mudaafiat	mudāfi'at
ساحر	साहिर	saahir	sāhir
برادر	बिरादर	biraadar	birādar
لکشمن	लक्ष्मण	lakshman	lakshman
نیوٹرون	न्यूट्रोन	nyootron	nyūṭron
وکان	विकान	wikaan	vikān
قضا	क़ज़ा	qaza	qazā
لگن	लगन	lagan	lagan
صاحبان	साहिबान	saahibaan	sāhibān
ہیبت	हैबत	haibat	haibat
کوئلے	कोयले	koyle	koyle
نقصانات	नुक़सानात	nuqsaanaat	nuqsānāt
القاب	अलक़ाब	alqaab	alqāb
فیفا	फ़ीफ़ा	feefa	fīfā
ایڈ	एड	ed	eḍ
لنا	लुना	luna	lunā
عشری	इश्री	ishri	ishrī
پیج	पेज	page	pej
کہلانے	कहलाने	kehlaane	kahlāne
راجو	राजो	raajo	rājo
کافور	काफ़ूर	kaafoor	kāfūr
حلی	हली	hali	halī
کاوشوں	काविशों	kaawishon	kāvishoñ
لوٹے	लोटे	lote	loṭe
آدھے	आधे	aadhe	ādhe
الغ	उलुग़	ulugh	uluġ
برنزوک	ब्रंज़ोक	branzok	branzok
نمازوں	नमाज़ों	namaazon	namāzoñ
زیورات	ज़ेवरात	zewaraat	zevarāt
متوازن	मुतवाज़िन	mutawaazin	mutavāzin
دیہاتوں	देहातों	dehaaton	dehātoñ
قامت	क़ामत	qaamat	qāmat
مسعودی	मसूदी	masoodi	mas'ūdī
بینائی	बीनाई	beenaai	bīnāī
شوری	शोरी	shori	shorī
مورخہ	मुवर्रिख़ा	muwarrikha	muvarriḳha
نیست	नीस्त	neest	nīst
مارکسی	मार्कसी	maarkasi	mārkasī
بگٹی	बुगटी	bugti	bugṭī
سوتیلے	सौतेले	sautele	sautele
جبرائیل	जिब्राईल	jibraaeel	jibrāīl
بازوں	बाज़ों	baazon	bāzoñ
دیار	दयार	dayaar	dayār
عبادہ	इबादा	ibaada	ibāda
متناسب	मुत्नासिब	mutnaasib	mutnāsib
زیدان	ज़ैदान	zaidaan	zaidān
العلمیہ	अल-इल्मिया	al-ilmiya	al-ilmiya
رومان	रूमान	roomaan	rūmān
شکلوں	शक्लों	shaklon	shakloñ
سیلز	सेल्स	sels	sels
کائناتی	काइनाती	kaainaati	kāinātī
جونز	जूंज़	joonz	jūnz
مویشی	मवेशी	maweshi	maveshī
لاتا	लाता	laata	lātā
ہڑپہ	हड़प्पा	hadappa	haṛappa
شبنم	शबनम	shabnam	shabnam
ڈائری	डायरी	daayari	ḍāyarī
بلدیات	बलदियात	baladiyaat	baladiyāt
تونس	तूनिस	tunis	tūnis
لانگ	लांग	laang	lāng
الاخبار	अल-अख़बार	al-akhbaar	al-aḳhbār
برسر	बरसर	barsar	barsar
صورتیں	सूरतें	sooratein	sūrateñ
الازہر	अल-अज़हर	al-azhar	al-azhar
سرسوتی	सरस्वती	saraswati	sarasvatī
نبویہ	नबविया	nabawiya	nabaviya
جاء	जा	jaa	jā
جاسوس	जासूस	jaasoos	jāsūs
نائٹ	नाइट	naait	nāiṭ
الباری	अल-बारी	al-baari	al-bārī
تبع	तबा	taba	tabā
الخیر	अल-ख़ैर	al-khair	al-ḳhair
نعرے	नारे	nare	na're
الاعلام	अल-आलाम	al-alaam	al-a'lām
گزرنا	गुज़रना	guzarna	guzarnā
عمیر	उमैर	umair	umair
چھپنے	छुपने	chhupne	chhupne
رباعیات	रुबाइयात	rubaaiyaat	rubā'iyāt
مہمانوں	मेहमानों	mehmaanon	mehmānoñ
مادوں	मादों	maadon	mādoñ
پان	पान	paan	pān
ریٹائرمنٹ	रिटायरमेंट	retirement	riṭāirmenṭ
ہلاکو	हलाको	halaako	halāko
موٹے	मोटे	mote	moṭe
سرہندی	सिरहिंदी	sirhindi	sirhindī
کرامات	करामात	karaamaat	karāmāt
غزوات	ग़ज़वात	ghazawaat	ġazavāt
حرب	हर्ब	harb	harb
لوٹنے	लौटने	lautne	lauṭne
آئنسٹائن	आइंस्टाइन	einstein	āinsṭāin
اپوزیشن	अपोज़ीशन	apozeeshan	apozīshan
تاثرات	तअस्सुरात	taassuraat	ta'assurāt
کارخانے	कारख़ाने	kaarkhaane	kārḳhāne
بون	बोन	bon	bon
چھا	छा	chha	chhā
قلبی	क़लबी	qalbi	qalbī
نغمات	नग़मात	naghmaat	naġmāt
چھوڑی	छोड़ी	chhodi	chhoṛī
نوید	नवेद	naveed	navīd
جامہ	जामा	jaama	jāma
شیبانی	शैबानी	shaibaani	shaibānī
بدلتے	बदलते	badalte	badalte
لاہوت	लाहूत	laahoot	lāhūt
بولان	बोलान	bolaan	bolān
کک	कक	kak	kak
ماریا	मारिया	maariya	māriyā
تکبیر	तकबीर	takbeer	takbīr
لیڈی	लेडी	ledi	leḍī
بسے	बसे	base	base
شال	शाल	shaal	shāl
ڈھیر	ढेर	dher	ḍher
واہ	वाह	waah	vāh
کامیابیوں	कामयाबियों	kaamyaabiyon	kāmyābiyoñ
پنڈ	पिंड	pind	pinḍ
ٹائپ	टाइप	taaip	ṭāip
ہرا	हरा	hara	harā
اترے	उतरे	utare	utare
حصار	हिसार	hisaar	hisār
ازبک	उज़्बक	uzbak	uzbak
معجزات	मोजिज़ात	mujizaat	mu'jizāt
کمپلیکس	कंपलेक्स	kampaleks	kampaleks
افراط	अफ़रात	afraat	afrāt
اوسی	ऊसी	oosi	ūsī
بشپ	बिशप	bishop	bishap
کالجوں	कॉलेजों	collegon	kālijoñ
دلیپ	दिलीप	dileep	dilīp
ڈار	डार	daar	ḍār
محصور	महसूर	mehsoor	mahsūr
اسیر	असीर	aseer	asīr
ہارورڈ	हार्वर्ड	haarward	hārvarḍ
حرمین	हरमैन	haramain	haramain
عنوانات	उनवानात	unwaanaat	unvānāt
لالچ	लालच	laalach	lālach
جیسکا	जैसका	jaiska	jaiskā
عشرت	इशरत	ishrat	ishrat
کنیکٹیکٹ	कनेकटेकट	kanektekat	kanekṭekaṭ
چاکر	चाकर	chaakar	chākar
کمانڈ	कमांड	kamaand	kamānḍ
میانی	मयानी	mayaani	mayānī
سدا	सदा	sada	sadā
پوتا	पोता	pota	potā
فیکٹری	फ़ैक्टरी	faiktari	faikṭarī
جیون	जीवन	jeewan	jīvan
روبوٹ	रोबोट	robot	roboṭ
زمبابوے	ज़िंबाब्वे	zimbaabwe	zimbābve
سیکولر	सेकुलर	secular	sekular
جیکی	जैकी	jaiki	jaikī
غبار	ग़ुबार	ghubaar	ġubār
لائسنس	लाइसंस	laaisans	lāisans
ببر	बब्बर	babbar	babbar
پرتگالی	पुर्तगाली	purtagaali	purtagālī
یوکرینی	यूक्रेनी	yookreni	yūkrenī
ماورائے	मावराए	maawraaye	māvrāe
قلعوں	क़िलों	qilon	qil'oñ
راجیہ	राज्य	raajya	rājya
الحافظ	अल-हाफ़िज़	al-haafiz	al-hāfiz
بہہ	बहा	baha	baha
لذت	लज़्ज़त	lazzat	lazzat
مکتبۃ	मकतबत	maktabat	maktabat
اعراب	एराब	eraab	erāb
پارٹیوں	पार्टियों	paartiyon	pārṭiyoñ
اقلیتوں	अक़्लियतों	aqliyaton	aqliyatoñ
الفکر	अल-फ़िक्र	al-fikr	al-fikr
ٹوڈے	टूडे	toode	ṭūḍe
محلات	महल्लात	mahallaat	mahallāt
لوڈ	लोड	lod	loḍ
نسلیں	नस्लें	naslein	nasleñ
انساب	इनसाब	insaab	insāb
قصد	क़स्द	qasd	qasd
آڈیو	आडियो	aadiyo	āḍiyo
کاشی	काशी	kaashi	kāshī
شرع	शरा	shar	shar
میٹھے	मीठे	meethe	mīṭhe
قصائد	क़साइद	qasaaid	qasāid
گریٹ	ग्रेट	gret	greṭ
ٹھہرے	ठहरे	thehre	ṭhahre
اشارات	इशारात	ishaaraat	ishārāt
مورث	मूरिस	mooris	mūris
صفین	सिफ़्फ़ीन	siffeen	siffīn
سنجیدگی	संजीदगी	sanjeedgi	sanjīdgī
رسولوں	रसूलों	rasoolon	rasūloñ
مادھو	माधव	maadhav	mādhav
حشر	हश्र	hashr	hashr
منافقین	मुनाफ़िक़ीन	munaafiqeen	munāfiqīn
مندوں	मंदों	mandon	mandoñ
ڈھونڈ	ढूँढ	dhoondh	ḍhūñḍh
جھنڈے	झंडे	jhande	jhanḍe
ٹوٹنے	टूटने	tootne	ṭūṭne
رجم	रज्म	rajm	rajm
کمروں	कमरों	kamron	kamroñ
عیسائیوں	ईसाइयों	eesaaiyon	īsāiyoñ
یوگا	योगा	yoga	yogā
حفظہ	हफ़्ज़ा	hafza	hafza
جرگہ	जिरगा	jirga	jirga
چوپڑا	चोपड़ा	chopda	chopṛā
ٹینس	टेनिस	tenis	ṭenis
قصیدے	क़सीदे	qaseede	qasīde
زنی	ज़नी	zani	zanī
گرمائی	गरमाई	garmaai	garmāī
ناراین	नारायण	naaraayan	nārāyan
ذلت	ज़िल्लत	zillat	zillat
بگڑ	बिगड़	bigad	bigaṛ
الٰہ	इलाह	ilaah	ilāh
ایوی	एवी	ewi	evī
منا	मना	mana	manā
میدانی	मैदानी	maidaani	maidānī
پشتونوں	पश्तूनों	pashtoonon	pashtūnoñ
فورڈ	फ़ोर्ड	ford	forḍ
تبریزی	तबरेज़ी	tabrezi	tabrezī
صدا	सदा	sada	sadā
کرنٹ	करंट	karant	karanṭ
کانت	काँत	kaant	kāñt
اشرفی	अशरफ़ी	asharfi	asharfī
رباعی	रुबाई	rubaai	rubā'ī
گوریلا	गोरिल्ला	gorilla	gorillā
یروشلیم	यरुश्लियम	yarushliyam	yarushliyam
شیرانی	शीरानी	sheeraani	shīrānī
کافروں	काफ़िरों	kaafiron	kāfiroñ
ایسڈ	एसिड	acid	esiḍ
ایڈمرل	एडमरल	edmaral	eḍmaral
مفاہیم	मफ़ाहीम	mafaaheem	mafāhīm
ماتم	मातम	maatam	mātam
جعل	जाल	jaal	jāl
آبا	आबा	aaba	ābā
ٹویٹر	ट्वीटर	tweetar	ṭvīṭar
جواں	जवाँ	jawan	javāñ
بخشا	बख़्शा	bakhsha	baḳhshā
نت	नत	nat	nat
چپ	चुप	chup	chup
امروہوی	अमरोहवी	amrohwi	amrohvī
بھوج	भोज	bhoj	bhoj
رشک	रश्क	rashk	rashk
شوقین	शौक़ीन	shauqeen	shauqīn
وارن	वॉरेन	warren	vāren
قراقرم	क़राक़रम	karakoram	qarāqaram
مبالغہ	मुबालग़ा	mubaalgha	mubālġa
ار	अर	ar	ar
ورم	वर्म	warm	varm
تونسہ	तौंसा	taunsa	taunsa
قوتیں	क़ुव्वतें	quwwatein	quvvateñ
لکی	लुकी	luki	lukī
طاقتیں	ताक़तें	taaqatein	tāqateñ
فورنیا	फ़ोरनिया	forniya	forniyā
تکامل	तकामुल	takaamul	takāmul
کوارٹر	क्वार्टर	kwaartar	kvārṭar
سامراج	साम्राज	saamraaj	sāmrāj
گلوکاری	गुलूकारी	gulookaari	gulūkārī
دوربین	दूरबीन	doorbeen	dūrbīn
نانپارہ	नानपारा	naanpaara	nānpāra
ملیر	मलीर	maleer	malīr
پہر	पहर	pahar	pahar
باندھا	बाँधा	baandha	bāndhā
امروہہ	अमरोहा	amroha	amroha
ایلیٹ	एलेट	elet	eleṭ
سوتے	सोते	sote	sote
بہتے	बहते	behte	bahte
فواد	फ़व्वाद	fawwaad	favvād
وقائع	वक़ाए	waqaaye	vaqāe
کلاب	कलाब	kalaab	kalāb
جوانوں	जवानों	jawaanon	javānoñ
لامتناہی	लामुतनाही	laamutanaahi	lāmutanāhī
سکوشیا	स्कोशिया	skoshiya	skoshiyā
کونسلوں	कौंसिलों	kaunsilon	kaunsiloñ
فتاوی	फ़तावा	fataawa	fatāvā
اثبات	इसबात	isbaat	isbāt
واردات	वारिदात	waaridaat	vāridāt
محبوبہ	महबूबा	mehbooba	mahbūba
فقہیہ	फ़िक़्हिया	fiqhiya	fiqhiya
پیک	पेक	pek	pek
ہوس	हवस	hawas	havas
فہد	फ़हद	fahad	fahd
قوالی	क़व्वाली	qawwaali	qavvālī
ورق	वरक़	waraq	varaq
لیڈروں	लीडरों	leedaron	līḍaroñ
لسٹ	लिस्ट	list	lisṭ
ڈرامائی	ड्रामाई	draamaai	ḍrāmāī
بالادستی	बालादस्ती	baalaadasti	bālādastī
اکابرین	अकाबिरीन	akaabireen	akābirīn
عاد	आद	aad	ād
پیغامات	पैग़ामात	paighaamaat	paiġāmāt
انت	अंत	ant	ant
اگلا	अगला	agla	aglā
منزلہ	मंज़िला	manzila	manzila
الصحابہ	अलसहाबा	alsahaaba	alsahāba
ہشت	हश्त	hasht	hasht
فردوسی	फ़िरदौसी	firdausi	firdausī
بجانے	बजाने	bajaane	bajāne
الوقت	अल-वक़्त	al-waqt	al-vaqt
استوائی	उस्तुवाई	ustuwaai	ustuvāī
قاتلانہ	क़ातिलाना	qaatilaana	qātilāna
قدروں	क़द्रों	qadron	qadroñ
گولہ	गोला	gola	gola
الشیطان	अश-शैतान	ash-shaitaan	ash-shaitān
ملامت	मलामत	malaamat	malāmat
آغاخان	आग़ाख़ान	aaghaakhaan	āġāḳhān
پکارتے	पुकारते	pukaarte	pukārte
بستیوں	बस्तियों	bastiyon	bastiyoñ
مشاعرے	मुशायरे	mushaayre	mushāyre
مٹ	मिट	mit	miṭ
یمین	यमीन	yameen	yamīn
نانپاروی	नानपारवी	naanpaarwi	nānpārvī
ارتکاب	इर्तिकाब	irtikaab	irtikāb
خراسانی	ख़ुरासानी	khuraasaani	ḳhurāsānī
خمینی	ख़ुमैनी	khumaini	ḳhumainī
ڈبلن	डबलिन	dablin	ḍablin
نواں	नवाँ	nawan	navāñ
اجر	अज्र	ajr	ajr
برنولی	बरनौली	barnauli	barnaulī
پہنچیں	पहुँचें	pahunchein	pahuñcheñ
نوٹس	नोटिस	notis	noṭis
حیض	हैज़	haiz	haiz
زہرا	ज़हरा	zehra	zahrā
فصاحت	फ़साहत	fasaahat	fasāhat
ملحوظ	मलहूज़	malhooz	malhūz
پرل	परल	paral	paral
ششم	शशुम	shashum	shashum
نادرہ	नादिरा	naadira	nādira
تجزیے	तजज़िये	tajziye	tajziye
فیڈرل	फ़ेडरल	federal	feḍral
رض	रज़	raz	raz
قلمبند	क़लमबंद	qalamband	qalamband
دیدار	दीदार	deedaar	dīdār
ینگ	यंग	yang	yang
سہارے	सहारे	sahaare	sahāre
قبریں	क़ब्रें	qabrein	qabreñ
ارسال	इरसाल	irsaal	irsāl
فلکیاتی	फ़लक्याती	falakyaati	falakyātī
آرائیں	आराएँ	aaraayein	ārāeñ
البلاغہ	अल-बलाग़ा	al-balaagha	al-balāġa
عطار	अत्तार	attaar	attār
منہا	मुंहा	munha	muñhā
داستانیں	दास्तानें	daastaanein	dāstāneñ
البرٹ	अलबर्ट	albart	albarṭ
ہارڈ	हार्ड	haard	hārḍ
اخباروں	अख़बारों	akhbaaron	aḳhbāroñ
تالیفات	तालीफ़ात	taaleefaat	tālīfāt
نیلسن	नेलसोन	nelson	nelson
فراق	फ़िराक़	firaaq	firāq
جڑا	जुड़ा	juda	juṛā
البدایہ	अल-बिदाया	al-bidaaya	al-bidāya
خطابت	ख़िताबत	khitaabat	ḳhitābat
سلطانی	सुल्तानी	sultaani	sultānī
گوپال	गोपाल	gopaal	gopāl
اقتباسات	इक़्तिबासात	iqtibaasaat	iqtibāsāt
دؤم	दोयम	doyam	doyam
بہائی	बहाई	bahaai	bahāī
سینیٹ	सेनेट	senet	seneṭ
بہاء	बहा	bahaa	bahā
زہیر	ज़ुहैर	zuhair	zuhair
ٹانگوں	टांगों	taangon	ṭāngoñ
ہن	हन	han	han
زنگی	ज़ंगी	zangi	zangī
قیمتوں	क़ीमतों	qeematon	qīmatoñ
ڈالنا	डालना	daalna	ḍālnā
کپاس	कपास	kapaas	kapās
غیبت	ग़ैबत	ghaibat	ġaibat
کلے	कले	kale	kale
بہانے	बहाने	bahaane	bahāne
بیبرس	बैबर्स	baibars	baibars
ویکیمیڈیا	विकिमिडिया	wikimidiya	vikimiḍiyā
بلندیوں	बुलंदियों	bulandiyon	bulandiyoñ
ایمن	ऐमन	aiman	aiman
سٹیم	स्टेम	stem	sṭem
نوشت	नविश्त	nawisht	navisht
کرلیتا	कर लेता	kar leta	kar letā
دختر	दुख़्तर	dukhtar	duḳhtar
میٹھا	मीठा	meetha	mīṭhā
تمیم	तमीम	tameem	tamīm
جھوٹا	झूठा	jhootha	jhūṭhā
تجوید	तजवीद	tajweed	tajvīd
بلوم	बुलूम	buloom	bulūm
متفرق	मुतफ़र्रिक़	mutafarriq	mutafarriq
عیاں	अयाँ	ayan	ayāñ
کارگل	कारगिल	kaargil	kārgil
ہیلتھ	हेल्थ	helth	helth
حالاں	हालाँ	haalan	hālāñ
عدت	इद्दत	iddat	iddat
برانچ	ब्रांच	braanch	brānch
نوکر	नौकर	naukar	naukar
چوتھائی	चौथाई	chauthaai	chauthāī
نچلی	निचली	nichli	nichlī
چمڑے	चमड़े	chamde	chamṛe
حنبلی	हँबली	hambali	hambalī
بیویاں	बीवियाँ	beewiyan	bīviyāñ
مہروں	मुहरों	muhron	muhroñ
پھیر	फेर	pher	pher
رجسٹر	रजिस्टर	rajistar	rajisṭar
اینڈرسن	एंडरसन	anderson	enḍarsan
خطۂ	ख़ित्ता	khitta	ḳhitta
اونٹوں	ऊँटों	oonton	ūñṭoñ
تضاد	तज़ाद	tazaad	tazād
سلف	सलफ़	salaf	salaf
برمنگھم	बर्मिंघम	birmingham	barmingham
مجلسی	मजलिसी	majlisi	majlisī
دارالسلام	दारुस-सलाम	daar-us-salaam	dār-us-salām
چودھویں	चौधवें	chaudhwein	chaudhveñ
خواندگی	ख़्वांदगी	khwaandagi	ḳhvāndagī
چیمہ	चीमा	cheema	chīma
خدشہ	ख़दशा	khadsha	ḳhadsha
پاکپتن	पाकपत्तन	pakpattan	pākpattan
ناکارہ	नाकारा	naakaara	nākāra
کیمسٹری	केमिस्ट्री	chemistry	kemisṭrī
توفیق	तौफ़ीक़	taufeeq	taufīq
جنین	जनीन	janeen	janīn
کئے	किए	kiye	kiye
بلوچوں	बलूचों	baloochon	balūchoñ
حوزہ	हौज़ा	hauza	hauza
عیال	अयाल	ayaal	ayāl
ارضیاتی	अर्ज़ियाती	arziyaati	arziyātī
غزوۂ	ग़ज़वा	ghazwa	ġazva
خداوندی	ख़ुदावंदी	khudaawandi	ḳhudāvandī
وظائف	वज़ाइफ़	wazaaif	vazāif
سٹاک	स्टॉक	stock	sṭāk
جہادی	जिहादी	jihaadi	jihādī
گائیکی	गाइकी	gaaeeki	gāīkī
سوریا	सूरिया	sooriya	sūriyā
عسکریت	अस्करियत	askariyat	askariyat
کیسی	कैसी	kaisi	kaisī
گلہ	गिला	gila	gila
وحشی	वहशी	wehshi	vahshī
آپکی	आपकी	aapki	āpkī
عاجز	आजिज़	aajiz	ājiz
ریزی	रेज़ी	rezi	rezī
شوٹنگ	शूटिंग	shooting	shūṭing
منگ	मंग	mang	mang
ملیہ	मलिया	maliya	maliya
ڈچ	डच	dutch	ḍach
مقبوضات	मक़बूज़ात	maqboozaat	maqbūzāt
تعزیرات	ताज़ीरात	tazeeraat	ta'zīrāt
آئن	आइन	aain	āin
توڑا	तोड़ा	toda	toṛā
رجعت	रजत	rajat	raj'at
لدین	लदीन	ladeen	ladīn
گوشے	गोशे	goshe	goshe
پیلے	पीले	peele	pīle
پرنٹ	प्रिंट	print	prinṭ
دیوانی	दीवानी	deewaani	dīvānī
الشمس	अश-शम्स	ash-shams	ash-shams
گلیوں	गलियों	galiyon	galiyoñ
ویکسین	वैक्सीन	vaccine	vaiksīn
رنج	रंज	ranj	ranj
صحرائی	सहराई	sehraai	sahrāī
حادثات	हादिसात	haadisaat	hādisāt
الہام	इलहाम	ilhaam	ilhām
گاتے	गाते	gaate	gāte
برکلے	बरकले	barclay	barkale
ادارۂ	इदारा	idaara	idāra
کین	कैन	kain	kain
لاشاری	लाशारी	laashaari	lāshārī
مسلمانان	मुसलमानान	musalmaanaan	musalmānān
فقدان	फ़िक़दान	fiqdaan	fiqdān
بلاغت	बलाग़त	balaaghat	balāġat
سونی	सोनी	soni	sonī
سباق	सबाक़	sabaaq	sabāq
چلو	चलो	chalo	chalo
حلق	हलक़	halaq	halaq
روزگاری	रोज़गारी	rozgaari	rozgārī
لیلی	लैला	laila	lailā
چشت	चिश्त	chisht	chisht
ارضی	अर्ज़ी	arzi	arzi
اورنج	ऑरेंज	orange	ārenj
عباد	इबाद	ibaad	ibād
میونسپل	म्यूनिस्पल	myoonispal	myūnispal
کرلے	कर ले	kar le	kar le
پادشاہ	पादशाह	paadshaah	pādshāh
حر	हुर्र	hurr	hurr
فاؤنڈ	फ़ाउंड	found	fāunḍ
دیاں	दयाँ	dayan	dayāñ
محفلوں	महफ़िलों	mehfilon	mahfiloñ
بڑ	बड़	bad	baṛ
بلڈنگ	बिल्डिंग	building	bilḍing
رائٹر	राइटर	raaitar	rāiṭar
جما	जमा	jama	jamā
اوک	ओक	ok	ok
پاٹ	पाट	paat	pāṭ
تصویروں	तस्वीरों	tasweeron	tasvīroñ
فاتحہ	फ़ातिहा	faatiha	fātiha
صلے	सिले	sile	sile
حارثہ	हारिसा	haarisa	hārisa
زخموں	ज़ख़्मों	zakhmon	zaḳhmoñ
کاشمیری	काश्मीरी	kaashmeeri	kāshmīrī
نمونوں	नमूनों	namoonon	namūnoñ
یمنی	यमनी	yamni	yamnī
پسندانہ	पसंदाना	pasandaana	pasandāna
اضطراب	इज़्तिराब	iztiraab	iztirāb
ہضم	हज़्म	hazm	hazm
حیوان	हैवान	haiwaan	haivān
استوا	उस्तुवा	ustuwa	ustuvā
گینگ	गैंग	gaing	gaing
تال	ताल	taal	tāl
املاک	अमलाक	amlaak	amlāk
اصولی	उसूली	usooli	usūlī
پیٹھ	पीठ	peeth	pīṭh
لن	लुन	lun	lun
تئیں	तईं	tain	taīñ
نکالنا	निकालना	nikaalna	nikālnā
سبی	सिबी	sibi	sibī
آفاقی	आफ़ाक़ी	aafaaqi	āfāqī
ساتواں	सातवां	saatwan	sātvāñ
المصابیح	अल-मसाबीह	al-masaabeeh	al-masābīh
مقتول	मक़्तूल	maqtool	maqtūl
لما	लमा	lama	lamā
چھو	छू	chhu	chhū
ڈور	डोर	dor	ḍor
صاحبؒ	साहब	saahab	sāhab
سبا	सबा	saba	sabā
پاکیزگی	पाकीज़गी	paakeezgi	pākīzgī
اپنانے	अपनाने	apnaane	apnāne
پھرتے	फिरते	phirte	phirte
کتبہ	कुत्बा	kutba	kutba
اللطیف	अल-लतीफ़	al-lateef	al-latīf
العربیہ	अल-अरबिया	al-arabiya	al-arabiya
وارانسی	वाराणसी	varanasi	vārānsī
دھرتی	धरती	dharti	dhartī
ڈھونڈنے	ढूँढने	dhoondhne	ḍhūñḍhne
مسلط	मुसल्लत	musallat	musallat
سنجے	संजय	sanjay	sanjay
سیکڑوں	सैकड़ों	saikdon	saikṛoñ
فیوض	फ़ुयूज़	fuyooz	fuyūz
الوداع	अलविदा	alwidaa	alvidā
نان	नान	naan	nān
امیدواروں	उम्मीदवारों	ummeedwaaron	ummīdvāroñ
فعالیت	फ़ेआलियत	fiaaliyat	fi'āliyat
لمحے	लमहे	lamhe	lamhe
ویل	वेल	wel	vel
شی	शी	shi	shī
شملہ	शिमला	shimla	shimla
ٹھنڈی	ठंडी	thandi	ṭhanḍī
سخاوت	सख़ावत	sakhaawat	saḳhāvat
جمہور	जमहूर	jamhoor	jamhūr
تابوت	ताबूत	taaboot	tābūt
کنز	कंज़	kanz	kanz
گانوں	गानों	gaanon	gānoñ
لڑائیوں	लड़ाइयों	ladaaiyon	laṛā'iyoñ
قرامطہ	क़रामिता	qaraamita	qarāmita
سوپر	सुपर	super	supar
مالیت	मालियत	maaliyat	māliyat
دیال	दयाल	dayaal	dayāl
فیضی	फ़ैज़ी	faizi	faizī
ابوالفضل	अबुल-फ़ज़्ल	abul-fazl	abul-fazl
پراجیکٹ	प्रोजेक्ट	project	projekṭ
مک	मुक	muk	muk
قرضوں	क़र्ज़ों	qarzon	qarzoñ
ایکواڈور	एक्वाडोर	ecuador	ekvāḍor
قوس	क़ौस	qaus	qaus
زبیدہ	ज़ुबैदा	zubaida	zubaida
سلیمانی	सुलैमानी	sulaimaani	sulaimānī
چھاپ	छाप	chhaap	chhāp
بیہقی	बेहक़ी	behaqi	behaqī
سومرو	सोमरो	somaro	somaro
عروہ	उर्वा	urwa	urva
مکتوب	मकतूब	maktoob	maktūb
بالواسطہ	बिल-वास्ता	bil-waasta	bil-vāsta
ربہم	रब्बहुम	rabbahum	rabbahum
مصادر	मसादिर	masaadir	masādir
گنجان	गंजान	ganjaan	ganjān
کال	काल	kaal	kāl
سیڑھیاں	सीढ़ियाँ	seedhiyan	sīṛhiyāñ
معدہ	मेदा	meda	me'da
ایاز	अयाज़	ayaaz	ayāz
سریانی	सुर्यानी	suryaani	suryānī
تمثیل	तमसील	tamseel	tamsīl
سیتا	सीता	sita	sītā
لیاری	ल्यारी	liyaari	liyārī
بندوق	बंदूक़	bandooq	bandūq
ہوائیں	हवाएँ	hawaayein	havāeñ
گیتا	गीता	geeta	gītā
حقہ	हुक़्क़ा	huqqa	huqqa
چرن	चरण	charan	charan
غرق	ग़र्क़	gharq	ġarq
اننگز	इनिंग्स	innings	iningz
کول	कोल	kol	kol
رزمیہ	रज़मिया	razmiya	razmiya
عظام	इज़ाम	izaam	izām
ڈھول	ढोल	dhol	ḍhol
گدھے	गधे	gadhe	gadhe
شاہنواز	शाहनवाज़	shaahnawaaz	shāhnavāz
نواحی	नवाही	nawaahi	navāhī
یے	ये	ye	ye
جیتی	जीती	jeeti	jītī
تیغ	तेग़	tegh	teġ
احناف	अहनाफ़	ahnaaf	ahnāf
اقتباس	इक़्तिबास	iqtibaas	iqtibās
دیس	देस	des	des
جیٹ	जेट	jet	jeṭ
بانیوں	बानियों	baaniyon	bāniyoñ
نظامات	निज़ामात	nizaamaat	nizāmāt
ماریہ	मारिया	maariya	māriya
سوزش	सूज़िश	soozish	sūzish
اعلامیہ	एलामिया	elaamiya	elāmiya
وانا	वाना	waana	vānā
جاتیں	जातीं	jaatin	jātīñ
اکمل	अकमल	akmal	akmal
صلاحیتیں	सलाहियतें	salaahiyatein	salāhiyateñ
پروجیکٹ	प्रोजेक्ट	project	projekṭ
معظم	मुअज़्ज़म	muazzam	muazzam
ویران	वीरान	weeraan	vīrān
جھگڑے	झगड़े	jhagde	jhagṛe
پابندیاں	पाबंदियाँ	paabandiyan	pābandiyāñ
جھوٹی	झूठी	jhoothi	jhūṭhī
جاناں	जानाँ	jaanan	jānāñ
تحصیلیں	तहसीलें	tehseelein	tahsīleñ
ریشم	रेशम	resham	resham
سٹوڈیو	स्टूडियो	studio	sṭūḍiyo
اعلم	आलम	alam	a'lam
پڑاؤ	पड़ाव	padaav	paṛāv
فرمانے	फ़रमाने	farmaane	farmāne
ذخیرے	ज़ख़ीरे	zakheere	zaḳhīre
صراط	सिरात	siraat	sirāt
پہنچائی	पहुँचाई	pahunchaai	pahuñchāī
کولکاتا	कोलकाता	kolkata	kolkātā
الجبرا	अलजब्रा	algebra	aljabrā
تلک	तिलक	tilak	tilak
بکس	बकस	baks	baks
زکوۃ	ज़कात	zakaat	zakāt
آسمانوں	आसमानों	aasmaanon	āsmānoñ
چیسٹر	चेस्टर	chestar	chesṭar
ابوحنیفہ	अबू हनीफ़ा	abu haneefa	abū hanīfa
تقدس	तक़द्दुस	taqaddus	taqaddus
دیشی	देशी	deshi	deshī
آمریت	आमिरियत	aamiriyat	āmiriyat
دھوم	धूम	dhoom	dhūm
الواقدی	अल-वाक़िदी	al-waaqidi	al-vāqidī
مارنا	मारना	maarna	mārnā
السماء	अस-समा	as-sama	as-samā
کاشف	काशिफ़	kaashif	kāshif
ٹرائے	ट्रॉय	troy	ṭroy
ولقد	व-लक़द	wa-laqad	va-laqad
مطالعات	मुतालआत	mutaalaat	mutāla'āt
انہم	इन्नहुम	innahum	innahum
الحجہ	अल-हिज्जा	al-hijja	al-hijja
گلا	गला	gala	galā
خنجر	ख़ंजर	khanjar	ḳhanjar
حالتوں	हालतों	haalaton	hālatoñ
آئرش	आयरिश	irish	āirish
رومانیت	रूमानियत	roomaaniyat	rūmāniyat
کھانسی	खाँसी	khaansi	khāñsī
ویاس	व्यास	wyaas	vyās
کرلیتے	कर लेते	kar lete	kar lete
افروز	अफ़रोज़	afroz	afroz
لدھیانہ	लुधियाना	ludhiana	ludhiyāna
اترا	इतरा	itra	itrā
ایریزونا	एरिज़ोना	erizona	erizonā
نگہداشت	निगहदाश्त	nigehdaasht	nigahdāsht
جونیئر	जूनियर	junior	jūniyar
اندھیرے	अँधेरे	andhere	andhere
پابندیوں	पाबंदियों	paabandiyon	pābandiyoñ
ٹریک	ट्रेक	trek	ṭrek
اچاریہ	आचार्य	aachaarya	āchārya
بالٹک	बालटक	baaltak	bālṭak
خانی	ख़ानी	khaani	ḳhānī
غلہ	ग़ल्ला	ghalla	ġalla
بچایا	बचाया	bachaaya	bachāyā
سڈنی	सिडनी	sidni	siḍnī
اسلامیات	इस्लामियात	islaamiyaat	islāmiyāt
غزنہ	ग़ज़ना	ghazna	ġazna
بنیادیں	बुनियादें	buniyaadein	buniyādeñ
پیچھا	पीछा	peechha	pīchhā
نظارہ	नज़ारा	nazaara	nazāra
ابوہریرہ	अबू हुरैरा	abu huraira	abū huraira
سکرپٹ	स्क्रिप्ट	skript	skripṭ
صندوق	संदूक़	sandooq	sandūq
جاؤں	जाऊँ	jaaoon	jāūñ
چلن	चलन	chalan	chalan
امامیہ	इमामिया	imaamiya	imāmiya
سرہ	सिरा	sira	sira
الاصول	अल-उसूल	al-usool	al-usūl
المسیح	अल-मसीह	al-maseeh	al-masīh
چاہی	चाही	chaahi	chāhī
مانگا	माँगा	maanga	māngā
مکھرجی	मुखर्जी	mukharji	mukharjī
خدوخال	ख़ुदोख़ाल	khudokhaal	ḳhudoḳhāl
بندش	बंदिश	bandish	bandish
خلف	ख़ुलफ़	khulaf	ḳhulaf
رابع	राबे	raabe	rābe
المتوکل	अल-मुतवक्किल	al-mutawakkil	al-mutavakkil
یورو	यूरो	yooro	yūro
ول	वल	wal	val
المرتضی	अल-मुर्तज़ा	al-murtaza	al-murtazā
بیشک	बेशक	beshak	beshak
کردستان	कुर्दिस्तान	kurdistan	kurdistān
چوہے	चूहे	choohe	chūhe
جابجا	जाबजा	jaabaja	jābajā
مہلت	मोहलत	mohlat	mohlat
للذین	लिल्लज़ीन	lillazeen	lillazīn
پوٹھوہار	पोठोहार	pothohaar	poṭhohār
بزرگان	बुज़ुर्गान	buzurgaan	buzurgān
حوصلے	हौसले	hausle	hausle
اکائیوں	इकाइयों	ikaaiyon	ikāiyoñ
ملتوی	मलतवी	maltawi	maltavī
مووی	मूवी	movie	mūvī
غفور	ग़फ़ूर	ghafoor	ġafūr
خلعت	ख़िलात	khilat	ḳhil'at
حدیثیں	हदीसें	hadeesein	hadīseñ
گشت	गश्त	gasht	gasht
خطابات	ख़िताबात	khitaabaat	ḳhitābāt
وعدے	वादे	wade	va'de
بائیکاٹ	बायकॉट	boycott	bāikāṭ
ضحاک	ज़ुहाक	zuhaak	zuhāk
مورگن	मूर्गन	moorgan	mūrgan
نمکین	नमकीन	namkeen	namkīn
شہدائے	शुहदा-ए	shuhada-e	shuhadā-e
کبیرہ	कबीरा	kabeera	kabīra
رویوں	रवैयों	rawaiyon	ravaiyoñ
مظہری	मज़हरी	mazhari	mazharī
وئیر	वेयर	ware	veyar
پرسنل	पर्सनल	personal	parsanal
معائنہ	मुआइना	muaaina	mu'āina
معاشروں	मुआशरों	muaasharon	mu'āsharoñ
چودہویں	चौदहवें	chaudehwein	chaudahveñ
دہے	दहे	dahe	dahe
زنانہ	ज़नाना	zanaana	zanāna
بوسنیائی	बोस्नियाई	bosniyaai	bosniyāī
الاسرار	अलासरार	al-asraar	al-asrār
سنے	सुने	sune	sune
عریض	अरीज़	areez	arīz
ہفتم	हफ़्तम	haftam	haftam
الکرام	अल-किराम	al-kiraam	al-kirām
منشا	मंशा	mansha	manshā
عبدالحق	अब्दुल-हक़	abdul-haq	abdul-haq
نعتیں	नातें	naatein	na'ateñ
انطاکیہ	अंताकिया	antaakiya	antākiya
یوپی	यूपी	yoopi	yūpī
پیچیدگی	पेचीदगी	pecheedgi	pechīdgī
آباء	आबा	aabaa	ābā
سبط	सिब्त	sibt	sibt
تقابلی	तक़ाबुली	taqaabuli	taqābulī
فیما	फ़ीमा	feema	fīmā
گذرنے	गुज़रने	guzarne	guzarne
جوا	जुआ	jua	juā
قتیبہ	क़ुतैबा	qutaiba	qutaiba
حسینہ	हसीना	haseena	hasīna
تبصرے	तब्सिरे	tabsire	tabsire
مشرک	मुश्रिक	mushrik	mushrik
مدفن	मदफ़न	madfan	madfan
حفص	हफ़्स	hafs	hafs
مشعر	मशार	mashaar	mashār
یورپین	यूरोपियन	european	yūropiyan
اسباق	इसबाक़	isbaaq	isbāq
فروع	फ़ुरू	furu	furū
باس	बास	baas	bās
کشتہ	कुश्ता	kushta	kushta
ٹانگ	टाँग	taang	ṭāng
جہانیاں	जहानियाँ	jahaaniyan	jahāniyāñ
مستفید	मुस्तफ़ीद	mustafeed	mustafīd
بیور	ब्यौर	byaur	byaur
ارتریا	अर्तरिया	artariya	artariyā
انشا	अंशा	ansha	anshā
محافظہ	मुहाफ़िज़ा	muhaafiza	muhāfiza
مولی	मूली	mooli	mūlī
آفت	आफ़त	aafat	āfat
جانسن	जॉनसन	johnson	jānsan
جدائی	जुदाई	judaai	judāī
سینگ	सींग	seeng	sīng
ثور	सूर	soor	sūr
برائیوں	बुराइयों	buraaiyon	burāiyoñ
جلانے	जलाने	jalaane	jalāne
اویس	उवैस	uwais	uvais
پاسپورٹ	पासपोर्ट	passport	pāsporṭ
مذکر	मुज़क्कर	muzakkar	muzakkar
لدھیانوی	लुधियानवी	ludhiyaanwi	ludhiyānvī
چھڑی	छड़ी	chhadi	chhaṛī
وادئ	वादी-ए	waadi-e	vādī-e
گزین	गुज़ीन	guzeen	guzīn
کاش	काश	kaash	kāsh
بروقت	बरवक़्त	bar-waqt	bar-vaqt
گنیش	गणेश	ganesh	ganesh
نارووال	नारोवाल	narowal	nārovāl
ہڈسن	हडसन	hudson	haḍsan
ایلس	एलिस	elis	elis
عابدی	आबिदी	aabidi	ābidī
پلس	पलस	palas	palas
بدیع	बदी	badee	badī
نہاد	निहाद	nihaad	nihād
جوڑنے	जोड़ने	jodne	joṛne
الہادی	अल-हादी	al-haadi	al-hādī
گفت	गुफ़्त	guft	guft
الہٰی	इलाही	ilaahi	ilāhī
نینانوے	नीनानवे	neenaanwe	nīnānve
ٹھہرا	ठहरा	thehra	ṭhahrā
تلخ	तल्ख़	talkh	talḳh
شعار	शिआर	shiaar	shi'ār
تھری	थिरी	thiri	thirī
الحج	अल-हज्ज	al-hajj	al-hajj
المیہ	अलमिया	almiya	almiya
بیچنے	बेचने	bechne	bechne
سونیا	सोणिया	soniya	soniyā
شکتی	शक्ति	shakti	shaktī
ڈریک	ड्रेक	drek	ḍrek
بروئے	बरू-ए	baru-e	barū-e
بادلوں	बादलों	baadalon	bādaloñ
قرضہ	क़र्ज़ा	qarza	qarza
دیباچہ	दीबाचा	deebaacha	dībācha
جواہرات	जवाहरात	jawaahraat	javāhrāt
آئرن	आयरन	iron	āiran
تہواروں	तिह्वारों	tihwaaron	tihvāroñ
ابھرے	उभरे	ubhre	ubhre
مراعات	मुराआत	muraat	murā'āt
شیروں	शेरों	sheron	sheroñ
پروں	परों	paron	paroñ
رضاکارانہ	रज़ाकाराना	razaakaaraana	razākārāna
کوٹلی	कोटली	kotli	koṭlī
مشتبہ	मुश्तबा	mushtaba	mushtaba
ترنم	तरन्नुम	tarannum	tarannum
راجاؤں	राजाओं	raajaaon	rājāoñ
ریز	रेज़	rez	rez
لاشیں	लाशें	laashein	lāsheñ
شبیہ	शबीह	shabeeh	shabīh
الصغیر	अस-सग़ीर	as-sagheer	as-saġīr
اخباری	अख़बारि	akhbaari	aḳhbāri
کنت	कंत	kant	kant
میونسپلٹی	मियूनिसिपलिटी	miyoonisipaliti	miyūnisipaliṭī
دجلہ	दजला	dajla	dajla
انڈیز	इंडेज़	indez	inḍez
عجب	अजब	ajab	ajab
آٹھواں	आठवां	aathwan	āṭhvāñ
عشر	इश्र	ishr	ishr
نمازیں	नमाज़ें	namaazein	namāzeñ
مانع	माने	maane	māne
کارکنان	कारकुनान	kaarkunaan	kārkunān
برآں	बराँ	baran	barāñ
محتاط	मुह्तात	muhtaat	muhtāt
گواہوں	गवाहों	gawaahon	gavāhoñ
اخیر	अख़ीर	akheer	aḳhīr
پول	पोल	pol	pol
چھوٹ	छूट	chhoot	chhūṭ
قیوم	क़य्यूम	qayyoom	qayyūm
پوشی	पोशी	poshi	poshī
کشتیوں	कश्तियों	kashtiyon	kashtiyoñ
قتادہ	क़तादा	qataada	qatāda
سیکشن	सेक्षण	sekshan	sekshan
فجی	फ़िजी	fiji	fijī
زماں	ज़माँ	zaman	zamāñ
اذیت	अज़ियत	aziyat	aziyat
سکالر	सकालर	sakaalar	sakālar
شا	शा	sha	shā
کرغیزستان	किर्ग़िज़स्तान	kyrgyzstan	kirġīzastān
ادبا	उदबा	udaba	udabā
آڑ	आड़	aad	āṛ
تعمیری	तामीरी	taameeri	tāmīrī
فصلیں	फ़सलें	fasalein	fasaleñ
عشریہ	इश्रिया	ishriya	ishriya
عمودی	अमोदी	amodi	amodī
عاملہ	आमिला	aamila	āmila
رسیدہ	रसीदा	raseeda	rasīda
معاصرین	मुआसिरीन	muaasireen	mu'āsirīn
الشافعی	अलशाफ़ि	alshaafii	alshāfi'ī
میٹنگ	मेटिंग	meting	meṭing
دیوانہ	दीवाना	deewaana	dīvāna
انگلیاں	उंगलियाँ	ungliyan	ungliyāñ
فلاسفہ	फ़्लासिफ़ा	flaasifa	flāsifa
چلائے	चलाए	chalaaye	chalāe
مشروب	मशरूब	mashroob	mashrūb
چنیوٹ	चिनियोट	chiniot	chiniyoṭ
مہذب	मुहज़्ज़ब	muhazzab	muhazzab
رضیہ	रज़िया	raziya	raziya
ورسولہ	वर्सूला	warsoola	varsūla
مقدر	मुक़द्दर	muqaddar	muqaddar
ایجادات	ईजादात	eejaadaat	ījādāt
الہدایہ	अल्हिदाया	alhidaaya	alhidāya
کردیا	कर दिया	kar diya	kar diyā
بلقان	बल्क़ान	balqaan	balqān
لیڈیا	लीडिया	leediya	līḍiyā
دریائی	दर्याई	daryaai	daryāī
پلانٹ	प्लांट	plaant	plānṭ
براڈ	बराड	baraad	barāḍ
میسن	मीसन	meesan	mīsan
مہاراج	महाराज	mahaaraaj	mahārāj
خمیر	ख़मीर	khameer	ḳhamīr
واجد	वाजिद	waajid	vājid
ملیح	मलीह	maleeh	malīh
چاہئے	चाहिए	chaahiye	chāhie
ڈیلٹا	डेल्टा	delta	ḍelṭā
دب	दब	dab	dab
پانا	पाना	paana	pānā
جزء	जुज़	juz	juz
تحفے	तोहफ़े	tohfe	tohfe
مشکوۃ	मिश्कात	mishkaat	mishkāt
پیرزادہ	पीरज़ादा	peerzaada	pīrzāda
روبرو	रूबरू	roobaru	rūbarū
واصل	वासिल	waasil	vāsil
اللو	अल-लो	al-lo	al-lo
پبلشر	पुब्लशर	publashar	publashar
کرگیا	कर गया	kar gaya	kar gayā
کشادہ	कुशादा	kushaada	kushāda
جلسوں	जलसों	jalson	jalsoñ
اجتناب	इज्तिनाब	ijtinaab	ijtināb
پالی	पाली	paali	pālī
قریظہ	क़रीज़ा	qareeza	qarīza
مانسہرہ	मानसहरा	mansehra	mānsahra
جسد	जसद	jasad	jasad
برگزیدہ	बरगुज़ीदा	barguzeeda	barguzīda
گلوبل	ग्लोबल	global	global
کھیتوں	खेतों	kheton	khetoñ
سما	समा	sama	samā
مودود	मौदूद	maudood	maudūd
نامزدگی	नामज़दगी	naamazdagi	nāmazdagī
نصراللہ	नसरुल्लाह	nasrullaah	nasrullāh
مفعول	मफ़ूल	mafool	maf'ūl
علانیہ	अलानिया	alaaniya	alāniya
فوٹو	फ़ोटो	photo	foṭo
پاروتی	पार्वती	parvati	pārvatī
فیملی	फ़ेमली	femli	femlī
ٹیلے	टीले	teele	ṭīle
مکھن	मक्खन	makkhan	makkhan
نیول	नेवल	newal	neval
صریح	सरीह	sareeh	sarīh
نگہبان	निगहबान	nigehbaan	nigahbān
بلدیاتی	बलदियाती	baladiyaati	baladiyātī
ڈالتا	डालता	daalta	ḍāltā
نشے	नशे	nashe	nashe
شیئا	शेआ	shea	sheā
مینگل	मींगल	meengal	mīngal
طہارت	तहारत	tahaarat	tahārat
الذہبی	अलज़हबी	alzehbi	alzahbī
شرقی	शर्क़ी	sharqi	sharqī
پٹھوں	पट्ठों	patthon	paṭṭhoñ
سائنسدان	साइंसदान	saainsdaan	sāinsdān
بود	बूद	bood	būd
طیار	तयार	tayaar	tayār
زندگیوں	ज़िंदगियों	zindagiyon	zindagiyoñ
جھکاؤ	झुकाव	jhukaav	jhukāv
آسودۂ	आसूद	aasooda	āsūda
چڑھایا	चढ़ाया	chadhaaya	chaṛhāyā
شبہات	शुबहात	shubhaat	shubhāt
آبادیاتی	आबादियाती	aabaadiyaati	ābādiyātī
شینا	शीना	sheena	shīnā
گرانٹ	ग्रांट	graant	grānṭ
کسے	किसे	kise	kise
ملفوظات	मलफ़ूज़ात	malfoozaat	malfūzāt
نوحہ	नूहा	nooha	nūha
کفن	कफ़न	kafan	kafan
خداداد	ख़ुदादाद	khudaadaad	ḳhudādād
ایکٹر	एक्टर	ektar	ekṭar
چاندنی	चाँदनी	chaandni	chāñdnī
مقلہ	मक़ला	maqla	maqla
گھومتے	घूमते	ghoomte	ghūmte
السلطنت	अस-सल्तनत	as-saltanat	as-saltanat
اشرافیہ	अश्राफ़िया	ashraafiya	ashrāfiya
ناطق	नातिक़	naatiq	nātiq
اساسی	असासी	asaasi	asāsī
فرح	फ़रह	farah	farah
صدور	सुदूर	sudoor	sudūr
اٹھائی	उठाई	uthaai	uṭhāī
اسنے	उसने	usne	usne
داعش	दाइश	daaish	dā'ish
فینڈر	फ़ैंडर	faindar	fainḍar
ناشران	नाशिरान	naashiraan	nāshirān
فور	फ़ौर	faur	faur
دقیق	दक़ीक़	daqeeq	daqīq
تکالیف	तकालीफ़	takaaleef	takālīf
اھل	अहल	ahl	ahl
مراتب	मरातिब	maraatib	marātib
موزمبیق	मोज़ांबीक़	mozambique	mozāmbīq
پو	पौ	pau	pau
کری	करी	kari	karī
چلڈرن	चिल्ड्रन	children	chilḍran
ناکافی	नाकाफ़ी	naakaafi	nākāfī
دیدہ	दीदा	deeda	dīda
اشعری	अशअरी	ashari	ash'arī
استقلال	इस्तिक़्लाल	istiqlaal	istiqlāl
رچمنڈ	रिचमिंड	richmind	richminḍ
ثاقب	साक़िब	saaqib	sāqib
اسٹوڈیو	स्टूडियो	studio	sṭūḍiyo
اوور	ओवर	owar	ovar
حافظہ	हाफ़िज़ा	haafiza	hāfiza
گوا	गोआ	goa	goā
تقیہ	तक़िया	taqiya	taqiya
رونے	रोने	rone	rone
اوزاروں	औज़ारों	auzaaron	auzāroñ
جزا	जज़ा	jaza	jazā
پروازیں	परवाज़ें	parwaazein	parvāzeñ
مملوکوں	ममलूकों	mamlookon	mamlūkoñ
برہمو	ब्रह्मो	brehmo	brahmo
پرچار	पर्चार	parchaar	parchār
صنم	सनम	sanam	sanam
فشانی	फ़िशानी	fishaani	fishānī
عساکر	इसाकिर	isaakir	isākir
ٹھاکر	ठाकुर	thaakur	ṭhākur
اجارہ	इजारा	ijaara	ijāra
گرہ	गिरह	girah	girah
لامحدود	लामुहदूद	laamuhdood	lāmuhdūd
سپورٹ	स्पोर्ट	sport	sporṭ
شعاعیں	शुआएँ	shuaayein	shu'āeñ
الصلاہ	अस-सलाह	as-salaah	as-salāh
بیٹھتے	बैठते	baithte	baiṭhte
عہدیدار	ओहदेदार	ohdedaar	ohdedār
ترخان	तरख़ान	tarkhaan	tarḳhān
پروڈیوس	प्रोड्यूस	produce	proḍyūs
فریدی	फ़रीदी	fareedi	farīdī
گولن	गोलन	golan	golan
لگاتا	लगाता	lagaata	lagātā
اما	अम्मा	amma	ammā
پتر	पत्र	patr	patr
منزلیں	मंज़िलें	manzilein	manzileñ
نشریاتی	नश्रियाती	nashriyaati	nashriyātī
ایما	एमा	ema	emā
بہشت	बहिश्त	bahisht	bahisht
قضیہ	क़ज़िया	qaziya	qaziya
شیطانی	शैतानी	shaitaani	shaitānī
شد	शद	shad	shad
کنیز	कनीज़	kaneez	kanīz
آشرم	आश्रम	aashram	āshram
رحلت	रहलत	rehlat	rahlat
جمیعت	जमीअत	jamiyat	jam'iyat
عزوجل	अज़्ज़ व जल्ल	azza wa jall	azza va jall
پاکستانیوں	पाकिस्तानियों	paakistaaniyon	pākistāniyoñ
اساطیری	असातीरी	asaateeri	asātīrī
انسٹیٹیوٹ	इंस्टिट्यूट	institute	insṭiṭyūṭ
درگا	दर्गा	darga	dargā
قاموس	क़ामूस	qaamoos	qāmūs
مطیع	मुती	mutee	mutī
الفطر	अल-फ़ित्र	al-fitr	al-fitr
کچھی	कछी	kachhi	kachhī
مولود	मौलूद	maulood	maulūd
پختون	पख़्तून	pakhtoon	paḳhtūn
کلیان	कल्याण	kalyaan	kalyān
العمل	अल-अमल	al-amal	al-amal
پلاسٹک	प्लास्टिक	plastic	plāsṭik
پاپوا	पापुआ	paapua	pāpuā
امہ	उम्मा	umma	umma
صدوق	सदूक़	sadooq	sadūq
نقادوں	नक़्क़ादों	naqqaadon	naqqādoñ
دراوڑ	दरावड़	daraawad	darāvaṛ
بان	बान	baan	bān
نطفہ	नत्फ़ा	natfa	natfa
سائبیریا	साइबेरिया	saaiberiya	sāiberiyā
وقاص	वक़ास	waqaas	vaqās
وبا	वबा	waba	vabā
ووٹوں	वोटों	woton	voṭoñ
بمقابلہ	बमुक़ाबिला	bamuqaabila	bamuqābila
گردانا	गिरदाना	girdaana	girdānā
نوجوانی	नौजवानी	naujawaani	naujavānī
سمجھتی	समझती	samajhti	samajhtī
مردار	मुर्दार	murdaar	murdār
ڈاکو	डाकू	daaku	ḍākū
کماری	कुमारी	kumaari	kumārī
وڈیو	वीडियो	video	vīḍiyo
خوابوں	ख़्वाबों	khwaabon	ḳhvāboñ
راقم	राक़िम	raaqim	rāqim
اسیری	असीरी	aseeri	asīrī
محال	मुहाल	muhaal	muhāl
منگیشکر	मंगेशकर	mangeshkar	mangeshkar
مظاہرعلوم	मज़ाहिर-ए-उलूम	mazaahir-e-uloom	mazāhir-e-ulūm
شارق	शारिक़	shaariq	shāriq
پولو	पोलो	polo	polo
ملاتی	मिलाती	milaati	milātī
آرٹسٹ	आर्टिस्ट	aartist	ārṭisṭ
ویبسٹر	वेबस्टर	webster	vebsṭar
اشتیاق	इशतियाक़	ishtiyaaq	ishtiyāq
ڈسکہ	डसका	daska	ḍaska
بودھ	बोध	bodh	bodh
انٹیلی	इंटेली	inteli	inṭelī
سیکیورٹی	सिक्योरिटी	security	sikyoriṭī
رمز	रमज़	ramz	ramz
ماس	मास	maas	mās
الحی	अल-हय्य	al-hayy	al-hayy
مروت	मुरव्वत	murawwat	muravvat
برانڈ	ब्रांड	braand	brānḍ
آوٹ	आउट	out	āuṭ
حلیف	हलीफ़	haleef	halīf
آفریدی	आफ़्रीदी	aafreedi	āfrīdī
عزرا	इज़रा	izra	izrā
پیکار	पैकार	paikaar	paikār
فیلو	फ़ीलो	feelo	fīlo
اوم	ॐ	om	om
جہیز	जहेज़	jahez	jahez
رودبار	रूदबार	roodbaar	rūdbār
پڑیں	पड़ें	padein	paṛeñ
ڈیلاویئر	डेलावियर	delaawiyar	ḍelāviyar
آہ	आह	aah	āh
لاکر	लाकर	laakar	lākar
اقبالیات	इक़बालियात	iqbaaliyaat	iqbāliyāt
براستہ	बरास्ता	ba-raasta	ba-rāsta
ٹھہرایا	ठहराया	thehraaya	ṭhahrāyā
اترتے	उतरते	utarte	utarte
بازاروں	बाज़ारों	baazaaron	bāzāroñ
مشکوک	मशकूक	mashkook	mashkūk
قاصد	क़ासिद	qaasid	qāsid
بچن	बचन	bachan	bachan
چہار	चहार	chahaar	chahār
موسیقاروں	मूसीक़ारों	mooseeqaaron	mūsīqāroñ
سینیٹر	सीनेटर	senator	sīneṭar
کھیت	खेत	khet	khet
طبیعیاتی	तबीयाती	tabeeiyaati	tabī'iyātī
گھٹ	घट	ghat	ghaṭ
الشام	अश-शाम	ash-shaam	ash-shām
رواداری	रवादारी	rawaadaari	ravādārī
اسلاف	इस्लाफ़	islaaf	islāf
زاویے	ज़ाविये	zaawiye	zāviye
عون	औन	aun	aun
جزیہ	जज़िया	jaziya	jaziya
برحق	बरहक़	barhaq	barhaq
کیرول	केरूल	kerool	kerūl
کیجئے	कीजिए	keejiye	kījie
ادویہ	अदविया	adwiya	adviya
معنوی	मानवी	manawi	ma'navī
طبعیات	तबईयात	tabeeiyaat	tabī'iyāt
بآسانی	बआसानी	ba-aasaani	ba-āsānī
سرکل	सर्किल	sarkil	sarkil
خلیوں	ख़लियों	khaliyon	ḳhaliyoñ
کلر	कलर	kalar	kalar
تذکرے	तज़किरे	tazkire	tazkire
ستار	सितार	sitaar	sitār
سمجھانے	समझाने	samjhaane	samjhāne
نواسے	नवासे	nawaase	navāse
آٹا	आटा	aata	āṭā
معاہدوں	मुआहिदों	muaahidon	mu'āhidoñ
ٹیچر	टीचर	teacher	ṭīchar
تاجران	ताजरान	taajraan	tājrān
مہنگی	महँगी	mahangi	mahangī
ایشین	एशियन	asian	eshiyan
بھاگنے	भागने	bhaagne	bhāgne
بحیرۂ	बुहैरा	buhaira	buhaira
راہنمائی	राहनुमाई	raahnumaai	rāhnumāī
پراگ	प्राग	praag	prāg
شرکاء	शुरका	shuraka	shurakā
گریہ	गिरया	girya	girya
کمک	कुमक	kumak	kumak
سوئے	सोए	soye	soe
رسالوں	रिसालों	risaalon	risāloñ
باگ	बाग	baag	bāg
پیادہ	प्यादा	pyaada	pyāda
ضعف	ज़ोफ़	zof	zof
کوسٹ	कोस्ट	kost	kosṭ
گرجاگھر	गिरजाघर	girjaaghar	girjāghar
معتقد	मोतक़िद	motaqid	motaqid
گولیوں	गोलियों	goliyon	goliyoñ
دستار	दस्तार	dastaar	dastār
عرش	अर्श	arsh	arsh
گوئٹے	गोइटे	goite	goiṭe
چرچل	चर्चल	charchal	charchal
رکنی	रुकनी	rukni	ruknī
اثاثہ	असासा	asaasa	asāsa
باجوہ	बाजवा	baajwa	bājva
پلندری	पुलंदरी	pulandri	pulandrī
چرچا	चर्चा	charcha	charchā
ناپاک	नापाक	naapaak	nāpāk
کوسٹاریکا	कोस्टारेका	kostaareka	kosṭārekā
سنتا	सुनता	sunta	suntā
خاقان	ख़ाक़ान	khaaqaan	ḳhāqān
نشاۃ	निशात	nishaat	nishāt
فیئرویو	फ़ेयरव्यू	fairview	feyarvyū
وانی	वानी	waani	vānī
اشرفیہ	अशरफ़िया	asharfiya	asharfiya
پاروں	पारों	paaron	pāroñ
تیاریاں	तैयारियाँ	taiyaariyan	taiyāriyāñ
فیکلٹی	फ़ैकल्टी	faikalti	faikalṭī
آرٹیکل	आर्टिकल	article	ārṭikal
یونائیٹڈ	यूनाइटेड	united	yūnāiṭeḍ
سرسبز	सरसब्ज़	sarsabz	sarsabz
آمر	आमिर	aamir	āmir
مانگنے	माँगने	maangne	māngne
التی	उलती	ulti	ultī
گنگ	गंग	gang	gang
آئر	आइर	aair	āir
حسنہ	हसना	hasana	hasana
اختلاط	इख़्तिलात	ikhtilaat	iḳhtilāt
گارڈین	गार्डियन	guardian	gārḍiyan
بکھر	बिखर	bikhar	bikhar
ابھری	उभरी	ubhri	ubhrī
تہا	तहा	taha	tahā
پسپا	पस्पा	paspa	paspā
فاذا	फ़-इज़ा	fa-iza	fa-izā
الہدی	अल-हुदा	al-huda	al-hudā
کاپٹر	कॉप्टर	copter	kāpṭar
لیٹر	लीटर	leetar	līṭar
الخلفاء	अल-ख़ुलफ़ा	al-khulafa	al-ḳhulafā
آسکر	ऑस्कर	oscar	āskar
روکنا	रोकना	rokna	roknā
شگاف	शगाफ़	shagaaf	shagāf
فرانسسکو	फ़्रांसिस्को	fraansisko	frānsisko
ایمرجنسی	एमेर्जेंसी	emergensi	emergensī
کیریبین	कैरिबीन	kairibeen	kairibīn
کرسکا	कर सका	kar saka	kar sakā
خلوی	ख़ुलवी	khulwi	ḳhulvī
چھاپہ	छापा	chhaapa	chhāpa
جالندھری	जालंधरी	jaalandhri	jālandhrī
بٹھا	बिठा	bitha	biṭhā
اجتماعات	इज्तिमाआत	ijtimaat	ijtimā'āt
فونٹ	फ़ोंट	font	foñṭ
اتالیق	अतालीक़	ataaleeq	atālīq
رافع	राफ़े	raafe	rāfe
ہینری	हेनरी	henri	henrī
مالٹا	माल्टा	maalta	mālṭā
آمری	आमरी	aamri	āmrī
لیکچرار	लेक्चरार	lekcharaar	lekcharār
انتم	अंतिम	antim	antim
چڑھنے	चढ़ने	chadhne	chaṛhne
الغفور	अल-ग़फ़ूर	al-ghafoor	al-ġafūr
بازاری	बाज़ारी	baazaari	bāzārī
دھکیل	धकेल	dhakel	dhakel
امریکیوں	अमरीकियों	amreekiyon	amrīkiyoñ
ویدک	वैदिक	waidik	vaidik
شمعون	शमौन	shamaun	shamaun
جونپور	जौनपुर	jaunpur	jaunpūr
گارڈ	गार्ड	gaard	gārḍ
ہشتم	हश्तुम	hashtum	hashtum
جوئے	जुए	juye	jue
ٹوبا	टूबा	tooba	ṭūbā
ترے	तेरे	tere	tere
وولگا	वोल्गा	wolga	volgā
ایمی	एमी	emi	emī
طوالت	तवालत	tawaalat	tavālat
ائیرلائنز	एयरलाइंस	airlines	eyarlāinz
جنیوا	जनेवा	janewa	janevā
تعطیل	तातील	tateel	ta'tīl
ثروت	सर्वत	sarwat	sarvat
مغلوب	मग़लूब	maghloob	maġlūb
پریفیکچر	प्रेफ़ेक्चर	prefecture	prefekchar
نائیک	नायक	naayak	nāyak
انقلابیوں	इंक़िलाबियों	inqilaabiyon	inqilābiyoñ
سائٹس	साइट्स	saaits	sāiṭs
ورجن	वर्जिन	virgin	varjin
شاہجہان	शाहजहान	shaahjahaan	shāhjahān
ہین	हेन	hen	hen
ڈانس	डांस	dance	ḍāns
ٹوبہ	टूबा	tooba	ṭūba
گھی	घी	ghi	ghī
محاورے	मुहावरे	muhaawre	muhāvre
غزلیات	ग़ज़लियात	ghazaliyaat	ġazaliyāt
الٰہیات	इलाहियात	ilaahiyaat	ilāhiyāt
دلالت	दलालत	dalaalat	dalālat
ٹیکسلا	तकसिला	taxila	ṭaiksilā
نسبی	नसबी	nasbi	nasbī
جماعتی	जमाअती	jamaati	jamā'atī
راجیو	राजीव	rajiv	rājīv
کیمبل	कैंबिल	kaimbil	kaimbil
پلان	पलान	palaan	palān
بنالیا	बना लिया	bana liya	banā liyā
معلوماتی	मालूमाती	maloomaati	ma'lūmātī
الشیعہ	अश-शीआ	ash-shia	ash-shī'a
بعنوان	बउनवान	ba-unwaan	ba-unvān
ناظر	नाज़िर	naazir	nāzir
تھل	थल	thal	thal
ڈھالا	ढाला	dhaala	ḍhālā
محکم	मुहकम	muhkam	muhkam
اشتر	इश्तर	ishtar	ishtar
جبیر	जुबैर	jubair	jubair
مست	मस्त	mast	mast
خاتم	ख़ातिम	khaatim	ḳhātim
گروپوں	ग्रुपों	groupon	grupoñ
پیتے	पीते	peete	pīte
ڈیوس	ड्यूस	dyoos	ḍyūs
دلیر	दिलेर	diler	diler
لبنانی	लेबनानी	lebnaani	lebnānī
اجرام	अजराम	ajraam	ajrām
اسٹڈیز	स्टडीज़	studies	sṭaḍīz
نمبروں	नंबरों	nambaron	nambaroñ
سقراط	सुकरात	sukraat	sukrāt
پہنچائے	पहुँचाए	pahunchaaye	pahuñchāe
حنین	हनीन	haneen	hanīn
قیم	क़य्यिम	qayyim	qayyim
موقعوں	मौक़ों	mauqon	mauq'oñ
حوا	हव्वा	hawwa	havvā
شہریار	शहरियार	shehriyaar	shahriyār
ایڈمنسٹریشن	एडमिनिस्ट्रेशन	administration	eḍminisṭreshan
فرحان	फ़रहान	farhaan	farhān
اگنی	अग्नि	agni	agnī
سونپی	सौंपी	saunpi	sauñpī
تذکرۃ	तज़किरत	tazkirat	tazkirat
ابوعبداللہ	अबू अब्दुल्लाह	abu abdullaah	abū abdullāh
منتر	मंत्र	mantar	mantar
ذلیل	ज़लील	zaleel	zalīl
قزوین	क़ज़्वीन	qazween	qazvīn
شائد	शायद	shayad	shāyad
خوشخبری	ख़ुशख़बरी	khushkhabari	ḳhushḳhabarī
پانڈے	पांडे	paande	pānḍe
ظرافت	ज़राफ़त	zaraafat	zarāfat
پانچوں	पाँचों	paanchon	pāñchoñ
پھٹ	फट	phat	phaṭ
جوہی	जूही	joohi	jūhī
برن	बरण	baran	baran
گزارتے	गुज़ारते	guzaarte	guzārte
سٹیٹ	स्टेट	state	sṭeṭ
انجینئرنگ	इंजीनियरिंग	engineering	injīniyaring
جادوگر	जादूगर	jaadoogar	jādūgar
مانتا	मानता	maanta	māntā
لیکچرر	लेक्चरर	lekcharar	lekcharar
الانبیاء	अल-अंबिया	al-ambiyaa	al-ambiyā
راحیل	राहेल	raahel	rāhel
نہریں	नहरें	naharein	nahareñ
ہوشیار	होशियार	hoshiyaar	hoshiyār
مجروح	मजरूह	majrooh	majrūh
جلنے	जलने	jalne	jalne
لبریز	लबरेज़	labrez	labrez
سکیورٹی	सिक्योरिटी	security	sikyoriṭī
یوتھ	योथ	yoth	yoth
ارقم	अरक़म	arqam	arqam
رفقا	रुफ़क़ा	rufaqa	rufaqā
عجمی	अजमी	ajami	ajamī
غنم	ग़नम	ghanam	ġanam
کروانا	करवाना	karwaana	karvānā
گپت	गुप्त	gupt	gupt
آباؤ	आबा-ओ	aaba-o	ābā-o
پیالہ	प्याला	pyaala	pyāla
علا	इला	ila	ilā
الہیات	इलाहियात	ilaahiyaat	ilāhiyāt
سفارشات	सिफ़ारिशात	sifaarishaat	sifārishāt
چارسدہ	चारसद्दा	charsadda	chārsadda
شاہان	शाहान	shaahaan	shāhān
دقت	दिक़्क़त	diqqat	diqqat
ڈسک	डिस्क	disk	ḍisk
بہرہ	बिहरा	bihra	bihra
کرمان	करमान	karmaan	karmān
ٹراٹسکی	ट्राट्स्की	traatski	ṭrāṭskī
معدے	मेदे	mede	me'de
کفایت	किफ़ायत	kifaayat	kifāyat
آندرے	आंदरे	aandre	āndre
جانبدار	जानिबदार	jaanibdaar	jānibdār
بنسی	बंसी	bansi	bansī
سنجر	संजर	sanjar	sanjar
رقاصہ	रक़्क़ासा	raqqaasa	raqqāsa
مسودات	मसव्वदात	masawwadaat	masavvadāt
فتنے	फ़ितने	fitne	fitne
متصادم	मुतसादिम	mutasaadim	mutasādim
زبور	ज़बूर	zaboor	zabūr
شانہ	शाना	shaana	shāna
اختبار	इख़्तिबार	ikhtibaar	iḳhtibār
مدارج	मदारिज	madaarij	madārij
بصارت	बसारत	basaarat	basārat
پرنسٹن	प्रिंस्टन	prinstan	prinsṭan
شائستہ	शाइस्ता	shaaista	shāista
مقننہ	मुक़न्निना	muqannina	muqannina
دھو	धो	dho	dho
قطعا	क़तन	qatan	qat'an
دبانے	दबाने	dabaane	dabāne
حلول	हुलूल	hulool	hulūl
گفتار	गुफ़्तार	guftaar	guftār
خیرات	ख़ैरात	khairaat	ḳhairāt
ذیابیطس	ज़ियाबीतस	ziyaabeetas	ziyābītas
مجسموں	मुजस्समों	mujassamon	mujassamoñ
میناروں	मीनारों	meenaaron	mīnāroñ
استحالہ	इस्तिहाला	istihaala	istihāla
موقوف	मौक़ूफ़	mauqoof	mauqūf
دیکر	देकर	dekar	dekar
لیبارٹری	लेबार्ट्री	lebaartri	lebārṭrī
بلڈ	ब्लड	blood	blaḍ
یگانہ	यगाना	yagaana	yagāna
کسر	कसर	kasr	kasr
بھرنے	भरने	bharne	bharne
بورو	बोरो	boro	boro
اشاعتی	इशाअती	ishaati	ishā'atī
جامعۃ	जामिअत	jaamiat	jāmi'at
تبتی	तिब्बती	tibbati	tibbatī
دوروں	दौरों	dauron	dauroñ
گھانا	घाना	ghana	ghānā
ود	दो	do	do
فما	फ़मा	fama	famā
حا	हा	ha	hā
لیہ	लय्या	layyah	layya
پروانہ	परवाना	parwaana	parvāna
ہماچل	हिमाचल	himaachal	himāchal
بلخی	बल्ख़ी	balkhi	balḳhī
پرزور	पुरज़ोर	pur-zor	pur-zor
جنگجوؤں	जंगजूओं	jangjoon	jangjūoñ
اتارا	उतारा	utaara	utārā
قسطنطین	क़ुस्तुंतीन	qustunteen	qustuntīn
حشرات	हशरात	hasharaat	hasharāt
نگاہوں	निगाहों	nigaahon	nigāhoñ
مزاحمتی	मुज़ाहमती	muzaahamati	muzāhamatī
وجہہ	वजह	wajah	vajah
غدود	ग़ुदूद	ghudood	ġudūd
لگاتار	लगातार	lagaataar	lagātār
متمکن	मुतमक्किन	mutamakkin	mutamakkin
سیزر	सीज़र	seezar	sīzar
ساون	सावन	saawan	sāvan
منصفانہ	मुंसिफ़ाना	munsifaana	munsifāna
حبشی	हब्शी	habshi	habshī
مستحب	मुस्तहब	mustahab	mustahab
عنقریب	इंक़रीब	inqareeb	inqarīb
سلیچ	सलीच	saleech	salīch
معالجہ	मुआलजा	muaalaja	mu'ālaja
مگسی	मगसी	magsi	magsī
العقیدہ	अल-अक़ीदा	al-aqeeda	al-aqīda
زمانوں	ज़मानों	zamaanon	zamānoñ
ارضیات	अर्ज़ियात	arziyaat	arziyāt
اڈوں	अड्डों	addon	aḍḍoñ
خول	ख़ोल	khol	ḳhol
پیمائی	पैमाई	paimaai	paimāī
بدایوں	बदायूँ	badaayoon	badāyūñ
ننھے	नन्हे	nanhe	nanhe
فراہی	फ़राही	faraahi	farāhī
وٹامن	विटामिन	vitamin	viṭāmin
مصطفے	मुस्तफ़ा	mustafa	mustafā
کثیف	कसीफ़	kaseef	kasīf
ہرے	हरे	hare	hare
آوارہ	आवारा	aawaara	āvāra
چھن	छन	chhan	chhan
سزائیں	सज़ाएँ	sazaayein	sazāeñ
برتر	बरतर	bartar	bartar
لسان	लिसान	lisaan	lisān
برہان	बुरहान	burhaan	burhān
الراضی	अर-राज़ी	ar-raazi	ar-rāzī
مبہم	मुबहम	mubham	mubham
یعلمون	यालमून	yaalmoon	yālmūn
چوڑا	चौड़ा	chauda	chauṛā
کیمیاءدان	कीमियादान	keemiyaadaan	kīmiyādān
مشغلہ	मश्ग़ला	mashghala	mashġala
کمانے	कमाने	kamaane	kamāne
گوالیار	ग्वालियर	gwaaliyar	gvāliyar
اشبیلیہ	अश्बीलिया	ashbeeliya	ashbīliya
خو	ख़ू	khu	ḳhū
الوطنی	अलवतनी	alwatni	alvatnī
صاع	सा	saa	sā
سکور	स्कोर	score	skor
مصعب	मुसअब	musab	mus'ab
روپیے	रुपए	rupaye	rupae
سوئز	सोइज़	soiz	soiz
پکی	पकी	paki	pakī
الجزیرہ	अल-जज़ीरा	al-jazeera	al-jazīra
جیا	जिया	jiya	jiyā
تراکیب	तराकीब	taraakeeb	tarākīb
ہاتھیوں	हाथियों	haathiyon	hāthiyoñ
جزئیات	जुज़इयात	juziyaat	juz'iyāt
کھنڈ	खंड	khand	khanḍ
مہینا	महीना	maheena	mahīnā
سعیدی	साईदी	saeedi	sa'īdī
گمشدہ	गुमशुदा	gumshuda	gumshuda
شائر	शायर	shaayar	shāyar
ویسا	वैसा	waisa	vaisā
طنزیہ	तंज़िया	tanziya	tanziya
پکار	पुकार	pukaar	pukār
سوفٹ	सॉफ़्ट	soft	sāfṭ
طر	तर	tar	tar
واذ	वाज़	waaz	vāz
روہیلہ	रोहीला	roheela	rohīla
حقیقتا	हक़ीक़तन	haqeeqatan	haqīqatan
باورچی	बावरची	baawarchi	bāvarchī
تواتر	तवातुर	tawaatur	tavātur
بلتی	बलती	balti	baltī
حذیفہ	हुज़ैफ़ा	huzaifa	huzaifa
نکالتے	निकालते	nikaalte	nikālte
ربا	रिबा	riba	ribā
باکمال	बाकमाल	baakmaal	bākmāl
مچ	मच	mach	mach
اثناء	अस्ना	asnaa	asnā
اندھے	अंधे	andhe	andhe
سکرین	स्क्रीन	screen	skrīn
سرائی	सराई	saraai	sarāī
چارے	चारे	chaare	chāre
فائدے	फ़ाइदे	faaide	fāide
دعاؤں	दुआओं	duaaon	du'āoñ
عشاء	इशा	ishaa	ishā
کاایک	का एक	ka ek	kā ek
الناشر	अन-नाशिर	an-naashir	an-nāshir
نروان	निर्वाण	nirwaan	nirvān
اولیٰ	ऊला	oola	ūlā
الرسالہ	अर-रिसाला	ar-risaala	ar-risāla
آزما	आज़मा	aazma	āzmā
پانیوں	पानियों	paaniyon	pāniyoñ
یوگنڈا	यूगंडा	uganda	yūganḍā
کاغذات	काग़ज़ात	kaaghzaat	kāġzāt
ژوب	ज़ोब	zhob	zhob
انڈس	इंडस	indas	inḍas
دکانیں	दुकानें	dukaanein	dukāneñ
عروض	उरूज़	urooz	urūz
گیانا	गयाना	gayaana	gayānā
سگنل	सिगनल	signal	signal
کیمرے	कैमरे	kaimre	kaimre
معرض	मारिज़	mariz	ma'riz
تعملون	तामलून	taamloon	tāmlūn
فقد	फ़क़द	faqad	faqad
پیشین	पेशीन	pesheen	peshīn
حبالہ	हबाला	habaala	habāla
بناکر	बनाकर	banaakar	banākar
بدی	बदी	badi	badī
پنوں	पन्नों	pannon	pannoñ
رفتاری	रफ़्तारी	raftaari	raftārī
رھے	रहे	rahe	rahe
کوٹری	कोटड़ी	kotri	koṭrī
قصاص	क़िसास	qisaas	qisās
اندلسی	अंदलसी	andalsi	andalsī
سائیٹ	साइट	site	sāiṭ
کٹر	कट्टर	kattar	kaṭṭar
اعصاب	आसाब	asaab	a'sāb
طبقاتی	तबक़ाती	tabaqaati	tabaqātī
آشوری	अशूरी	ashoori	ashūrī
الصلاۃ	अस-सलात	as-salaat	as-salāt
شکارپور	शिकारपुर	shikarpur	shikārpūr
ہودبھائی	होदभाई	hodbhaai	hodbhāī
تخریج	तख़रीज	takhreej	taḳhrīj
اوسطا	औसतन	austan	austan
روہڑی	रोहड़ी	rohdi	rohṛī
اشتعال	इश्तेआल	ishteaal	ishte'āl
قمہ	क़मा	qama	qama
عزائم	अज़ाइम	azaaim	azāim
کمبل	कंबल	kambal	kambal
رونق	रौनक़	raunaq	raunaq
کیلاش	कैलाश	kailaash	kailāsh
اسمبلیوں	असेंबलियों	assemblies	asembliyoñ
ایریا	एरिया	area	eriyā
فضلا	फ़ुज़ला	fuzala	fuzalā
بھڑک	भड़क	bhadak	bhaṛak
اینی	ऐनी	aini	ainī
وسٹا	विस्टा	wista	visṭā
جاگیردار	जागीरदार	jaageerdaar	jāgīrdār
فلورنس	फ़्लोरेंस	florens	florens
کانٹے	काँटे	kaante	kāñṭe
العظیم	अल-अज़ीम	al-azeem	al-azīm
غوثیہ	ग़ौसिया	ghausiya	ġausiya
بدلا	बदला	badla	badlā
مزہ	मज़ा	maza	maza
کچلنے	कुचलने	kuchalne	kuchalne
مائیکروسافٹ	माइक्रोसॉफ़्ट	microsoft	māikrosāfṭ
معتزلہ	मोतज़ला	motazla	mo'tazla
لکھتی	लिखती	likhti	likhtī
قبطی	क़ब्ती	qabti	qabtī
گرتی	गिरती	girti	girtī
نگراں	निगराँ	nigran	nigrāñ
جالب	जालिब	jaalib	jālib
مفکرین	मुफ़क्किरीन	mufakkireen	mufakkirīn
زرتشت	ज़रतश्त	zartasht	zartasht
رائٹرز	राइटर्ज़	raaitarz	rāiṭarz
دکانوں	दुकानों	dukaanon	dukānoñ
محوری	महूरी	mahoori	mahūrī
نصابی	निसाबी	nisaabi	nisābī
انچارج	इंचार्ज	incharge	inchārj
پیچ	पेच	pech	pech
حتٰی	हत्ता	hatta	hattā
ٹرانسپورٹ	ट्रांसपोर्ट	traansport	ṭrānsporṭ
لیموں	लीमूँ	leemoon	līmūñ
لینکس	लैंक्स	lainks	lainks
شاذ	शाज़	shaaz	shāz
نوٹوں	नोटों	noton	noṭoñ
چینائی	चेन्नई	chennai	chennaī
نوازی	नवाज़ी	nawaazi	navāzī
مالکان	मालिकान	maalikaan	mālikān
خامیوں	ख़ामियों	khaamiyon	ḳhāmiyoñ
چئیرمین	चेयरमैन	chairman	cheyarmain
مفاہمت	मुफ़ाहिमत	mufaahimat	mufāhimat
گھیر	घेर	gher	gher
انڈر	इंडर	indar	inḍar
یم	यम	yam	yam
آئینے	आईने	aaeene	āīne
جمیکا	जमैका	jamaica	jamaikā
طلعت	तलात	talat	tal'at
روپوش	रूपोश	rooposh	rūposh
بینگ	बैंग	baing	baing
اربعین	अरबईन	arbaeen	arba'īn
نشتر	नश्तर	nashtar	nashtar
ہوجانا	हो जाना	ho jaana	ho jānā
گردے	गुर्दे	gurde	gurde
وقوف	वक़ूफ़	waqoof	vaqūf
فرینک	फ़्रैंक	frank	fraink
مریدوں	मुरीदों	mureedon	murīdoñ
آنچ	आँच	aanch	āñch
رحجان	रुझान	rujhaan	rujhān
مٹا	मिटा	mita	miṭā
بکریاں	बकरियाँ	bakriyan	bakriyāñ
روانگی	रवाँगी	rawaangi	ravāngī
خلیق	ख़लीक़	khaleeq	ḳhalīq
شکنی	शिकनी	shikani	shikanī
چوٹیوں	चोटियों	chotiyon	choṭiyoñ
سرکردگی	सरकर्दगी	sarkardagi	sarkardagī
ابھرا	उभरा	ubhra	ubhrā
مطالبے	मुतालिबे	mutaalibe	mutālibe
الٹا	उल्टा	ulta	ulṭā
لٹکا	लटका	latka	laṭkā
عباسیوں	अब्बासियों	abbaasiyon	abbāsiyoñ
غلطیوں	ग़लतियों	ghaltiyon	ġaltiyoñ
امویہ	उमविया	umawiya	umaviya
وجد	वज्द	wajd	vajd
ٹھکانے	ठिकाने	thikaane	ṭhikāne
باآسانی	बआसानी	ba-aasaani	ba-āsānī
خستہ	ख़स्ता	khasta	ḳhasta
صدائے	सदाए	sadaaye	sadāe
قذافی	क़ज़ाफ़ी	qazaafi	qazāfī
یان	यान	yaan	yān
معذرت	माज़रत	mazarat	ma'zarat
ٹرک	ट्रक	truck	ṭrak
بساط	बिसात	bisaat	bisāt
قدیر	क़दीर	qadeer	qadīr
وجاہت	वजाहत	wajaahat	vajāhat
شمشیر	शमशीर	shamsheer	shamshīr
لوئس	लोइस	lois	lois
طاعون	ताऊन	taaoon	tā'ūn
گوبند	गोबिंद	gobind	gobind
شعاعوں	शुआओं	shuaaon	shu'āoñ
پرتھوی	पृथ्वी	prithwi	prithvī
نہروں	नहरों	naharon	naharoñ
وفود	वुफ़ूद	wufood	vufūd
آفات	आफ़ात	aafaat	āfāt
خوان	ख़्वान	khwaan	ḳhvān
آٹو	आटो	aato	āṭo
ترکیبی	तर्कीबी	tarkeebi	tarkībī
گڑھا	गढ़ा	gadha	gaṛhā
انکے	उनके	unke	unke
خلائق	ख़लाइक़	khalaaiq	ḳhalāiq
ضرر	ज़रर	zarar	zarar
لاؤ	लाओ	laao	lāo
ویلنگٹن	वेलिंग्टन	welingtan	velingṭan
جھلی	झली	jhali	jhalī
سدھارتھ	सिद्धार्थ	siddhaarth	siddhārth
کردیتی	कर देती	kar deti	kar detī
یزیدی	यज़ीदी	yazeedi	yazīdī
پرمشتمل	पर मुश्तमिल	par mushtamil	par mushtamil
دوام	दवाम	dawaam	davām
چینلز	चैनल्स	channels	chainalz
کنفیوشس	कंफ़ुशस	kanfushas	kanfushas
ہوئ	हुई	hui	huī
سویٹزرلینڈ	स्विट्ज़रलैंड	switzerland	svīṭzarlainḍ
بشرطیکہ	बशर्तेकि	ba-sharteki	ba-sharteki
نبیل	नबील	nabeel	nabīl
تمھارے	तुम्हारे	tumhaare	tumhāre
اسرائیلیوں	इसराइलियों	israaeeliyon	isrāīliyoñ
انشورنس	इंश्योरेंस	insurance	inshyorens
اسٹیل	स्टील	steel	sṭīl
گھوم	घूम	ghoom	ghūm
اندوز	अंदोज़	andoz	andoz
پائیدار	पाएदार	paayedaar	pāedār
ارتعاش	इर्तिआश	irtiaash	irti'āsh
چلاتا	चलाता	chalaata	chalātā
مجرموں	मुजरिमों	mujrimon	mujrimoñ
النفس	अन-नफ़्स	an-nafs	an-nafs
کمپیوٹنگ	कंप्यूटिंग	kampyooting	kampyūṭing
سکھانے	सिखाने	sikhaane	sikhāne
گیاہے	गया है	gaya hai	gayā hai
تعیناتی	तैनाती	tainaati	tainātī
ایبک	ऐबिक	aibik	aibik
سوچتے	सोचते	sochte	sochte
اسکی	उसकी	uski	uskī
کوانٹم	क्वांटम	kwaantam	kvānṭam
معز	माज़	maz	ma'z
صباح	सबाह	sabaah	sabāh
تولیدی	तौलीदी	tauleedi	taulīdī
مشاعرہ	मुशायरा	mushaayra	mushāyra
تاوان	तावान	taawaan	tāvān
الخالق	अल-ख़ालिक़	al-khaaliq	al-ḳhāliq
رنبیر	रंबीर	rambeer	rambīr
جبار	जब्बार	jabbaar	jabbār
کنگسٹن	किंगस्टन	kingstan	kingsṭan
اصطلاحی	इस्तिलाही	istelaahi	istelāhī
ملکر	मिलकर	milkar	milkar
برابری	बराबरी	baraabri	barābrī
بحوالہ	बहवाला	ba-hawaala	ba-havāla
بستری	बिस्तरी	bistari	bistarī
شعوری	शऊरी	shuoori	shu'ūrī
اٹھارہویں	अठारहवें	athaarehwein	aṭhārahveñ
اعضا	आज़ा	aza	a'zā
بیئر	बियर	biyar	biyar
تشریحات	तशरीहात	tashreehaat	tashrīhāt
اکیسویں	इक्कीसवीं	ikkeeswin	ikkīsvīñ
ایجنسیوں	एजेंसियों	ejensiyon	ejensiyoñ
فولاد	फ़ूलाद	foolaad	fūlād
سیداں	सीदाँ	seedan	sīdāñ
اسپورٹس	स्पोर्ट्स	sports	sporṭs
بروشسکی	ब्रोशिस्की	broshiski	broshiskī
امنی	अमनी	amni	amnī
گوری	गोरी	gori	gorī
آرامی	आरामी	aaraami	ārāmī
قابیل	क़ाबील	qaabeel	qābīl
ثنائی	सनाई	sanaai	sanāī
تودوں	तूदों	toodon	tūdoñ
احتساب	एहतिसाब	ehtesaab	ehtesāb
یول	योल	yol	yol
ڈکشنری	डिक्शनरी	dictionary	ḍikshanrī
اشتراکیت	इश्तिराकियत	ishtiraakiyat	ishtirākiyat
تاروں	तारों	taaron	tāroñ
عاجزی	आजिज़ी	aajizi	ājizī
اغراض	अग़राज़	aghraaz	aġrāz
لوہار	लोहार	lohaar	lohār
الامم	अल-उमम	al-umam	al-umam
بٹھایا	बिठाया	bithaaya	biṭhāyā
التاریخ	अत-तारीख़	at-taareekh	at-tārīḳh
حجازی	हिजाज़ी	hijaazi	hijāzī
قطز	क़त्ज़	qatz	qatz
تاؤ	तओ	tao	tao
نظامت	निज़ामत	nizaamat	nizāmat
مہاراجہ	महाराजा	mahaaraaja	mahārāja
آبدوز	आबदोज़	aabdoz	ābdoz
میامی	म्यामी	myaami	myāmī
زون	ज़ोन	zone	zon
دھوکے	धोके	dhoke	dhoke
تہرانی	तहरानी	tehraani	tahrānī
بیماریاں	बीमारियाँ	beemaariyan	bīmāriyāñ
مونرو	मूनरो	moonaro	mūnaro
پونہ	पूना	poona	pūna
سالمہ	सालिमा	saalima	sālima
والنہایہ	वन-निहाया	wan-nihaaya	van-nihāya
نالہ	नाला	naala	nāla
لیوناردو	लियोनार्डो	leonardo	liyonārḍo
نعتوں	नातों	naaton	na'atoñ
کھینچا	खींचा	kheencha	khīñchā
قسموں	क़समों	qasamon	qasamoñ
فردا	फ़रदा	farda	fardā
طباطبائی	तबातिबाई	tabaatibaai	tabātibāī
نباتیات	नबातियात	nabaatiyaat	nabātiyāt
کشوں	कशों	kashon	kashoñ
مفرد	मुफ़रिद	mufrid	mufrid
ختنہ	ख़तना	khatna	ḳhatna
خودکار	ख़ुदकार	khudkaar	ḳhudkār
تکون	तिकोन	tikon	tikon
صراحت	सराहत	saraahat	sarāhat
گنے	गन्ने	ganne	ganne
کیخلاف	के ख़िलाफ़	ke khilaaf	ke ḳhilāf
بچت	बचत	bachat	bachat
زہری	ज़हरी	zehri	zahrī
بستہ	बस्ता	basta	basta
العصر	अल-अस्र	al-asr	al-asr
ڈیٹابیس	डेटाबेस	database	ḍeṭābes
سیٹھ	सेठ	seth	seṭh
الحنفی	अल-हनफ़ी	al-hanafi	al-hanafī
مکرر	मुकर्रर	mukarrar	mukarrar
موسموں	मौसमों	mausamon	mausamoñ
گرافی	ग्राफ़ी	graafi	grāfī
بروہی	ब्रोही	brohi	brohī
خمسہ	ख़म्सा	khamsa	ḳhamsa
مرکزے	मरकज़े	markaze	markaze
دشواری	दुश्वारी	dushwaari	dushvārī
جمل	जमल	jamal	jamal
گرایا	गिराया	giraaya	girāyā
بسایا	बसाया	basaaya	basāyā
کنجی	कुंजी	kunji	kunjī
دڑو	दड़ो	dado	daṛo
طیف	तीफ़	teef	tīf
قرن	क़र्न	qarn	qarn
الحسنی	अल-हुस्ना	al-husna	al-husnā
گدی	गद्दी	gaddi	gaddī
چیرمین	चेयरमैन	chairman	cheyarmain
اڑنے	उड़ने	udne	uṛne
ناپسند	नापसंद	naapasand	nāpasand
پھنس	फँस	phans	phañs
منسٹر	मिनिस्टर	ministar	minisṭar
تقابل	तक़ाबुल	taqaabul	taqābul
پتن	पत्तन	pattan	pattan
شرافت	शराफ़त	sharaafat	sharāfat
حیان	हयान	hayaan	hayān
مصدقہ	मुसद्दिक़ा	musaddiqa	musaddiqa
لکسمبرگ	लुक्सिंबर्ग	luksimbarg	luksimbarg
ارفع	अरफ़ा	arfa	arfā
وولٹیج	वोल्टेज	woltej	volṭej
تاویل	तावील	taaweel	tā'vīl
موم	मोम	mom	mom
بلو	बिलो	bilo	bilo
القوم	अल-क़ौम	al-qaum	al-qaum
رسوا	रुसवा	ruswa	rusvā
سنکیانگ	संक्यांग	sankyaang	sankyāng
پاکر	पाकर	paakar	pākar
تسبیح	तस्बीह	tasbeeh	tasbīh
الفتح	अलफ़तह	al-fath	al-fath
طعام	तआम	taam	ta'ām
حدیبیہ	हदीबिया	hadeebiya	hadībiya
یؤمنون	यूमनून	yoomanoon	yūmanūn
کیہ	क्य	kya	kya
مصالحت	मसालहत	masaalhat	masālhat
آندھی	आंधी	aandhi	āndhī
پسینہ	पसीना	paseena	pasīna
جوتے	जूते	joote	jūte
حواری	हवारी	hawaari	havārī
قربانیاں	क़ुर्बानियाँ	qurbaaniyan	qurbāniyāñ
صوابی	स्वाबी	swabi	svābī
برسٹل	ब्रिस्टल	bristal	brisṭal
عمیق	अमीक़	ameeq	amīq
بٹالہ	बटाल	bataala	baṭāla
مڈغاسکر	मडग़ासकर	madagascar	maḍġāskar
کورین	कोरियन	koriyan	koriyan
حماس	हमास	hamas	hamās
پاناما	पनामा	panaama	panāmā
نرمی	नर्मी	narmi	narmī
ایں	ईं	in	īñ
سٹریٹ	स्ट्रीट	street	sṭrīṭ
مظاہروں	मुज़ाहिरों	muzaahiron	muzāhiroñ
برد	बर्द	bard	bard
پذیری	पज़ीरी	pazeeri	pazīrī
بغاوتوں	बग़ावतों	baghaawaton	baġāvatoñ
ہندوکش	हिंदूकुश	hindookush	hindūkush
التفسیر	अत-तफ़्सीर	at-tafseer	at-tafsīr
الصمد	अस-समद	as-samad	as-samad
فصوص	फ़ुसूस	fusoos	fusūs
اڑیسہ	उड़ीसा	udeesa	uṛīsa
چلاتی	चलाती	chalaati	chalātī
النہر	अन-नहर	an-nahar	an-nahar
بتانا	बताना	bataana	batānā
الصالحات	अस-सालिहात	as-saalihaat	as-sālihāt
بستیاں	बस्तियाँ	bastiyan	bastiyāñ
ماجدہ	माजिदा	maajida	mājida
عتاب	इताब	itaab	itāb
جینے	जीने	jeene	jīne
ابا	अब्बा	abba	abbā
مرغ	मुर्ग़	murgh	murġ
انک	अंक	ank	ank
لٹریچر	लिटरेचर	literature	liṭrechar
اسکولی	स्कुली	skuli	skulī
نمٹنے	निमटने	nimatne	nimaṭne
دباو	दबाव	dabaav	dabāv
متروک	मत्रूक	matrook	matrūk
کارخانہ	कारख़ाना	kaarkhaana	kārḳhāna
ریڈار	रेडार	redaar	reḍār
سرب	सर्ब	sarb	sarb
متوکل	मुतवक्किल	mutawakkil	mutavakkil
تدبر	तदब्बुर	tadabbur	tadabbur
چندرا	चंद्रा	chandra	chandrā
ایشیائے	एशियाए	eshiyaaye	eshiyāe
فوجداری	फ़ौजदारी	faujdaari	faujdārī
الآثار	अल-आसार	al-aasaar	al-āsār
سوتیلی	सौतेली	sauteli	sautelī
آئیے	आइए	aaiye	āiye
فے	फ़ै	fai	fai
فاونڈیشن	फ़ाउंडेशन	foundation	fāunḍeshan
مدافعتی	मुदाफ़ियती	mudaafiati	mudāfi'atī
آمنہ	आमिना	aamina	āmina
پھیپھڑوں	फेफड़ों	phephdon	phephṛoñ
شوگر	शुगर	sugar	shugar
گڑ	गुड़	gud	guṛ
گھنے	घने	ghane	ghane
چپکے	चिपके	chipke	chipke
فلسفیوں	फ़लसफ़ियों	falsafiyon	falsafiyoñ
کلا	कला	kala	kalā
دایاں	दायाँ	daayan	dāyāñ
برفیلے	बर्फ़ीले	barfeele	barfīle
وغیر	वग़ैर	waghair	vaġair
قصص	क़िसस	qisas	qisas
بیانیہ	बयानिया	bayaaniya	bayāniya
کہلائی	कहलाई	kehlaai	kahlāī
تہے	तहे	tahe	tahe
لوں	लूँ	loon	lūñ
عبدالمطلب	अब्दुल-मुत्तलिब	abdul-muttalib	abdul-muttalib
کانگریسی	कांग्रेसी	kaangresi	kāngresī
پبلشنگ	पुब्लिशिंग	publishing	publishing
مگرمچھ	मगरमच्छ	magarmachh	magarmachh
آجاتے	आ जाते	aa jaate	ā jāte
اشتہار	इश्तहार	ishtahaar	ishtahār
شیعی	शीई	sheei	shī'ī
ابراہیمی	इब्राहीमी	ibraaheemi	ibrāhīmī
وردی	वर्दी	wardi	vardī
تنگی	तंगी	tangi	tangī
نچلا	निचला	nichla	nichlā
اسٹینڈرڈ	स्टैंडर्ड	standard	sṭainḍarḍ
عبدالرشید	अब्दुर-रशीद	abdur-rasheed	abdur-rashīd
الادب	अल-अदब	al-adab	al-adab
انگولا	अंगोला	angola	angolā
پستول	पिस्तोल	pistol	pistol
نغموں	नग़मों	naghmon	naġmoñ
پلہ	पल्ला	palla	palla
شناختی	शनाख़्ती	shanaakhti	shanāḳhtī
پریا	प्रिया	priya	priyā
مخفف	मुख़फ़्फ़	mukhaffaf	muḳhaffaf
ڈھل	ढल	dhal	ḍhal
پوکیمون	पोकेमोन	pokemon	pokemon
وکٹوریا	विक्टोरिया	wiktoriya	vikṭoriyā
یگ	युग	yug	yug
ریشمی	रेशमी	reshmi	reshmī
برادرز	ब्रदर्स	brothers	bradarz
جاہل	जाहिल	jaahil	jāhil
جبوتی	जिबूती	djibouti	jibūtī
ہجر	हिजर	hijar	hijar
اردشیر	अर्दशेर	ardsher	ardsher
مینیجر	मैनेजर	manager	mainejar
تھانے	थाने	thaane	thāne
بنجر	बंजर	banjar	banjar
پیداہوئے	पैदा हुए	paida hue	paidā hue
ناواقف	नावाक़िफ़	naawaaqif	nāvāqif
بصورت	बसूरत	ba-soorat	ba-sūrat
ایئرپورٹ	एरपोर्ट	airport	eirporṭ
ءکے	के	ke	ke
بعل	बआल	baal	ba'l
محرومی	महरूमी	mehroomi	mahrūmī
ابیب	अबीब	abeeb	abīb
سوانحی	स्वानही	swaanhi	svānhī
تقوی	तक़्वा	taqwa	taqvā
بقاء	बक़ा	baqaa	baqā
عدالتیں	अदालतें	adaalatein	adālateñ
توریت	तौरेत	tauret	tauret
ڈائر	डायर	daayar	ḍāyar
رگڑ	रगड़	ragad	ragaṛ
ارواح	अर्वाह	arwaah	arvāh
صور	सूर	soor	sūr
سرداری	सरदारी	sardaari	sardārī
رجمنٹ	रेजिमेंट	regiment	rejimenṭ
تکریم	तकरीम	takreem	takrīm
شاستری	शास्त्री	shaastri	shāstrī
رقیہ	रुक़य्या	ruqayya	ruqayya
العذاب	अल-अज़ाब	al-azaab	al-azāb
انٹاریو	ओंटारियो	ontario	onṭāriyo
تھر	थर	thar	thar
خلل	ख़लल	khalal	ḳhalal
مظاہری	मुज़ाहिरी	muzaahiri	muzāhirī
شعلے	शोले	shule	shu'le
کرگئیں	कर गईं	kar gain	kar gaīñ
علیک	अलैक	alaik	alaik
گزٹ	गज़ट	gazette	gazaṭ
حزم	हज़्म	hazm	hazm
شاہنامہ	शाहनाम	shaahnaama	shāhnāma
القیامہ	अल्क़ियामा	alqiyaama	alqiyāma
درپے	दर्पे	darpe	darpe
تعریفیں	तारीफ़ें	tareefein	ta'rīfeñ
آصفیہ	आसिफ़िया	aasifiya	āsifiya
اللیل	अल-लैल	al-lail	al-lail
اتارنے	उतारने	utaarne	utārne
رضاعی	रज़ाई	razaai	razā'ī
معترف	मोतरफ़	motaraf	mo'taraf
ٹانگیں	टाँगें	taangein	ṭāngeñ
کیتھرین	कैथरीन	kaithreen	kaithrīn
لاؤس	लाओस	laos	lāos
پلی	पली	pali	palī
ڈالیں	डालें	daalein	ḍāleñ
پیڈ	पैड	pad	paiḍ
ٹیکسٹائل	टेक्सटाइल	textile	ṭeksṭāil
خال	ख़ाल	khaal	ḳhāl
گائیڈ	गाइड	guide	gāīḍ
مجرمانہ	मुजरिमाना	mujrimaana	mujrimāna
قیمتیں	क़ीमतें	qeematein	qīmateñ
جنازے	जनाज़े	janaaze	janāze
چھاونی	छावनी	chhaawni	chhāvnī
سرمایا	सरमाया	sarmaaya	sarmāyā
تمیمی	तमीमी	tameemi	tamīmī
مستوی	मुस्तवी	mustawi	mustavī
خطی	ख़ती	khati	ḳhatī
کرچکا	कर चुका	kar chuka	kar chukā
مرتبے	मर्तबे	martabe	martabe
تاجک	ताजिक	taajik	tājik
گوارا	ग्वारा	gwaara	gvārā
ولندیزی	ओलंदेज़ी	walandezi	valandezī
بابلی	बाबुली	baabuli	bābulī
الغیب	अल-ग़ैब	al-ghaib	al-ġaib
القیس	अल्क़ीस	alqees	alqīs
آمدورفت	आमद-ओ-रफ़्त	aamad-o-raft	āmad-o-raft
برکیاروق	बर्क़ियारूक़	barkiyaarooq	barkiyārūq
سنانے	सुनाने	sunaane	sunāne
مداح	मदाह	madaah	madāh
بیروٹ	बैरूट	bairoot	bairūṭ
صلہ	सिला	sila	sila
ٹوئنٹی	ट्वेंटी	twenty	ṭvenṭī
کانفرنسوں	कॉन्फ़्रेंसों	conferencon	kānfrensoñ
ازدواج	इज़्दिवाज	izdiwaaj	izdivāj
بوڑھا	बूढ़ा	boodha	būṛhā
فلٹن	फ़िल्टन	filtan	filṭan
یاسمین	यस्मीन	yasmeen	yasmīn
سیہون	सेहवन	sehwan	sehvan
کرواتے	करवाते	karwaate	karvāte
لقد	लक़द	laqad	laqad
پید	पैद	paid	paid
المتوفی	अल-मुतवफ़्फ़ा	al-mutawaffa	al-mutavaffā
لاتی	लाती	laati	lātī
حمام	हम्माम	hammaam	hammām
دہرایا	दहराया	dehraaya	dahrāyā
دھواں	धुआँ	dhuaan	dhuāñ
حکایات	हिकायात	hikaayaat	hikāyāt
سکینہ	सकीना	sakeena	sakīna
گھومنے	घूमने	ghoomne	ghūmne
جھڑپ	झड़प	jhadap	jhaṛap
ڈرتے	डरते	darte	ḍarte
خفی	ख़ुफ़ी	khufi	ḳhufī
لڑکپن	लड़कपन	ladakpan	laṛakpan
مدین	मदीन	madeen	madīn
نقطے	नुक़्ते	nuqte	nuqte
دیات	दयात	dayaat	dayāt
مولد	मौलिद	maulid	maulid
سانچے	साँचे	saanche	sāñche
الرحمہ	अर-रहमा	ar-rehma	ar-rahma
سیاروی	सय्यारवी	sayyaarawi	sayyāravī
انفیکشن	इन्फ़ेक्शन	infection	infekshan
الاصابہ	अल-इसाबा	al-isaaba	al-isāba
رحمانیہ	रहमानिया	rehmaaniya	rahmāniya
اسکندر	इसकंदर	iskandar	iskandar
بھجن	भजन	bhajan	bhajan
البر	अल-बर	al-bar	al-bar
الیکٹرانک	एलेक्ट्रॉनिक	elektronik	elekṭronik
کتوں	कुत्तों	kutton	kuttoñ
اجناس	अजनास	ajnaas	ajnās
گندھارا	गंधारा	gandhaara	gandhārā
مافوق	माफ़ूक़	maafooq	māfūq
گلابی	गुलाबी	gulaabi	gulābī
گذرتا	गुज़रता	guzarta	guzartā
دام	दाम	daam	dām
پوچھ	पूछ	poochh	pūchh
نسیج	नसीज	naseej	nasīj
اسلحے	असलहे	aslahe	aslahe
خطا	ख़ता	khata	ḳhatā
القدیر	अल-क़दीर	al-qadeer	al-qadīr
کیش	केश	kesh	kesh
بھوشن	भूषण	bhooshan	bhūshan
لٹل	लिटिल	little	liṭil
حصین	हुसैन	husain	husain
تخفیف	तख़्फ़ीफ़	takhfeef	taḳhfīf
جانوں	जानों	jaanon	jānoñ
توقعات	तवक़्क़ुआत	tawaqquaat	tavaqqu'āt
ماؤ	माओ	maao	māo
قادیانی	क़ादियानी	qaadiyaani	qādiyānī
سلنڈر	सिलेंडर	cylinder	silenḍar
معہ	मअ	maa	ma'a
آصفہ	आसफ़ा	aasfa	āsfa
سہگل	सहगल	sehgal	sahgal
نالیوں	नालियों	naaliyon	nāliyoñ
یانگ	यांग	yaang	yāng
صوفیائے	सूफ़ियाए	soofiyaaye	sūfiyāe
پگڑی	पगड़ी	pagdi	pagṛī
دینیات	दीनियात	deeniyaat	dīniyāt
جسمیں	जिसमें	jismein	jismeñ
القدوس	अल-क़ुद्दूस	al-quddoos	al-quddūs
بینر	बैनर	bainar	bainar
عبیداللہ	उबैदुल्लाह	ubaidullaah	ubaidullāh
بہتی	बहती	behti	bahtī
صدق	सिद्क़	sidq	sidq
چینیوں	चीनियों	cheeniyon	chīniyoñ
بطلیموس	बतलीमूस	batleemoos	batlīmūs
موز	मौज़	mauz	mauz
چاقو	चाक़ू	chaaqu	chāqū
ممالیہ	मुमालिया	mumaaliya	mumāliya
سگریٹ	सिगरेट	cigarette	sigreṭ
کلالہ	कलाला	kalaala	kalāla
کنا	कना	kana	kanā
بٹالین	बटालियन	battalion	baṭāliyan
ولم	वलम	walam	valam
یمامہ	यमामा	yamaama	yamāma
قناعت	क़नात	qanaat	qanā'at
ظل	ज़िल्ल	zill	zill
صائمہ	साइमा	saaima	sāima
کمپوز	कंपोज़	compose	kampoz
منزلت	मंज़िलत	manzilat	manzilat
المنان	अल-मन्नान	al-mannaan	al-mannān
ریا	रिया	riya	riyā
ماتا	माता	maata	mātā
قطبین	क़ुत्बीन	qutbeen	qutbīn
پلا	पला	pala	palā
سربراہان	सरबराहान	sarbaraahaan	sarbarāhān
رتھ	रथ	rath	rath
کردینا	कर देना	kar dena	kar denā
پھاڑ	फाड़	phaad	phāṛ
تفاوت	तफ़ावत	tafaawat	tafāvat
تونسوی	तूँसवी	toonswi	tūñsvī
پہاڑیاں	पहाड़ियाँ	pahaadiyan	pahāṛiyāñ
ایڈوبی	एडोबी	edobi	eḍobī
سبزہ	सब्ज़ा	sabza	sabza
راہیں	राहें	raahein	rāheñ
الخطاب	अल-ख़त्ताब	al-khattaab	al-ḳhattāb
الحیاہ	अल-हयाह	al-hayaah	al-hayāh
اڑھائی	अढ़ाई	adhaai	aṛhāī
گارجین	गार्जियन	guardian	gārjiyan
ھوا	हुआ	hua	huā
لطائف	लताइफ़	lataaif	latāif
صدرالدین	सदरुद्दीन	sadr-ud-deen	sadr-ud-dīn
بیلاروس	बेलारूस	belarus	belārūs
امرت	अमृत	amrit	amrit
جلے	जले	jale	jale
کمرشل	कमर्शियल	commercial	kamarshiyal
خوارزمی	ख़्वारिज़्मी	khwaarizmi	ḳhvārizmī
ہول	होल	hol	hol
سنہرے	सुनहरे	sunehre	sunahre
پولی	पोली	poli	polī
منذر	मुंज़िर	munzir	munzir
کرویئشا	क्रोएशिया	croatia	kroeshiyā
مائیں	माएँ	maayein	māeñ
قصبوں	क़स्बों	qasbon	qasboñ
عزاداری	अज़ादारी	azaadaari	azādārī
گوپی	गोपी	gopi	gopī
تناؤ	तनाव	tanaav	tanāv
جامد	जामिद	jaamid	jāmid
کینیڈی	कैनेडी	kennedy	kaineḍī
طاؤس	ताऊस	taaoos	tāūs
عجائبات	अजाइबात	ajaaibaat	ajāibāt
شنگھائی	शंघाई	shanghaai	shanghāī
سندر	सुंदर	sundar	sundar
سجدے	सजदे	sajde	sajde
اداکاراؤں	अदाकाराओं	adaakaaraaon	adākārāoñ
بوائے	बॉय	boy	bāy
آرکٹک	आर्क्टिक	aarktik	ārkṭik
درستی	दुरुसती	durusti	durustī
مہنگا	महँगा	mahanga	mahangā
گھرانوں	घरानों	gharaanon	gharānoñ
گھیرے	घेरे	ghere	ghere
باور	बावर	baawar	bāvar
ضامن	ज़ामिन	zaamin	zāmin
ارمان	अरमान	armaan	armān
انسائیکلو	इनसाइक्लो	encyclo	insāiklo
پالا	पाला	paala	pālā
وزنی	वज़नी	wazni	vaznī
کرافورڈ	क्रॉफ़र्ड	crawford	krāfarḍ
وعلی	व-अला	wa-ala	va-alā
لحمیات	लहमियात	lehmiyaat	lahmiyāt
اپر	अपर	apar	apar
مالیہ	मालिया	maaliya	māliya
مہلب	महलब	mehlab	mahlab
خانیت	ख़ानियत	khaaniyat	ḳhāniyat
خصائص	ख़साइस	khasaais	ḳhasāis
کوڑے	कूड़े	koode	kūṛe
مجارستان	मजारिस्तान	majaaristaan	majāristān
کیفی	कैफ़ी	kaifi	kaifī
عاطف	आतिफ़	aatif	ātif
یوراگوئے	उरुग्वे	uruguay	urugve
سیمینار	सेमिनार	seminar	seminār
ویڈیوز	वीडियोज़	videos	vīḍiyoz
الآخرہ	अल-आख़िरा	al-aakhira	al-āḳhira
پھوپھی	फूफी	phoophi	phūphī
اسفار	अस्फ़ार	asfaar	asfār
لودھراں	लोधराँ	lodhran	lodhrāñ
کرسٹوفر	क्रिस्टोफर	kristophar	krisṭophar
نہی	नहि	nahi	nahi
الزاویہ	अलज़ाविया	alzaawiya	alzāviya
دروس	दुरूस	duroos	durūs
پورٹلینڈ	पोर्ट्लैंड	portlaind	porṭlainḍ
نورزئی	नौरज़ई	naurzai	naurzaī
مفقود	मफ़क़ूद	mafqood	mafqūd
درمیاں	दरमियाँ	darmiyan	darmiyāñ
کلوگرام	किलोग्राम	kilogram	kilogrām
فاعل	फ़ाइल	faail	fā'il
سوئس	स्विस	swiss	svis
دھیرے	धीरे	dheere	dhīre
الظاہر	अज़-ज़ाहिर	az-zaahir	az-zāhir
قاعدے	क़ाइदे	qaaide	qā'ide
مرصع	मुरस्सा	murassa	murassa
بوہرہ	बोहरा	bohra	bohra
باخبر	बाख़बर	baakhbar	bāḳhbar
چنی	चुनी	chuni	chunī
ٹھنڈے	ठंडे	thande	ṭhanḍe
لاوی	लावि	laawi	lāvi
ہرمز	हरमज़	harmaz	harmaz
طراز	तिराज़	tiraaz	tirāz
مدون	मुदव्वन	mudawwan	mudavvan
مڑ	मुड़	mud	muṛ
پینا	पीना	peena	pīnā
کوزہ	कूज़ा	kooza	kūza
نجاشی	नजाशी	najaashi	najāshī
پھیلتی	फैलती	phailti	phailtī
کیرالا	केराला	keraala	kerālā
رپورٹر	रिपोर्टर	riportar	riporṭar
مہمند	मोहमंद	mohmand	mohmand
پاسداری	पासदारी	paasdaari	pāsdārī
اولادیں	औलादें	aulaadein	aulādeñ
شرعیہ	शरिया	shariya	shar'iya
پرائیوٹ	प्राइवेट	private	prāiveṭ
گلاس	ग्लास	glass	glās
پوتی	पोती	poti	potī
غاروں	ग़ारों	ghaaron	ġāroñ
مرتکز	मुर्तकिज़	murtakiz	murtakiz
اندازوں	अंदाज़ों	andaazon	andāzoñ
بیدی	बेदी	bedi	bedī
آکسائڈ	ऑक्साइड	oksaaid	oksāiḍ
تراشی	तराशी	taraashi	tarāshī
تجریدی	तजरीदी	tajreedi	tajrīdī
دیرینہ	दीरेना	deerena	dīrena
ناپ	नाप	naap	nāp
الحفیظ	अलहफ़ीज़	alhafeez	alhafīz
پنیر	पनीर	paneer	panīr
الرازی	अर-राज़ी	ar-raazi	ar-rāzī
کھڑکی	खिड़की	khidki	khiṛkī
خورس	ख़ुरुस	khurus	ḳhurus
سازوں	साज़ों	saazon	sāzoñ
ونگ	वंग	wang	vang
گور	गोर	gor	gor
احتشام	एहतिशाम	ehtishaam	ehtishām
چھان	छान	chhaan	chhān
گمنام	गुमनाम	gumnaam	gumnām
ایہہ	एह	eh	eh
پکڑے	पकड़े	pakde	pakṛe
یلغار	यलग़ार	yalghaar	yalġār
موجوں	मौजों	maujon	maujoñ
رینجرز	रेंजर्ज़	renjarz	renjarz
ارسلان	अर्सलान	arsalaan	arsalān
کتبے	कुत्बे	kutbe	kutbe
اقتصا	इक़्तिस्न	iqtisn	iqtisn
شکستہ	शिकस्ता	shikasta	shikasta
سننا	सुनना	sunna	sunnā
غافل	ग़ाफ़िल	ghaafil	ġāfil
دھند	धुंद	dhund	dhund
عذر	उज़्र	uzr	uzr
جست	जस्त	jast	jast
باک	बाक	baak	bāk
بیٹھی	बैठी	baithi	baiṭhī
بلد	बलद	balad	balad
مسلئہ	मसला	masala	mas'ala
بھجوا	भिजवा	bhijwa	bhijvā
سویڈش	स्वीडिश	sweedish	svīḍish
آشا	आशा	aasha	āshā
کامکس	कामिक्स	kaamiks	kāmiks
نونہال	नौनिहाल	naunihaal	naunihāl
کمھار	कुम्हार	kumhaar	kumhār
زائل	ज़ाइल	zaail	zāil
دریافتوں	दरयाफ़्तों	daryaafton	daryāftoñ
افقی	उफ़्क़ी	ufqi	ufqī
پیٹرک	पेट्रिक	petrik	peṭrik
قلع	क़ल	qal	qal
کہکشاؤں	कहकशाओं	kehkashaaon	kahkashāoñ
پیپر	पेपर	paper	pepar
سناتے	सुनाते	sunaate	sunāte
شرر	शर	sharar	sharar
قصوں	क़िस्सों	qisson	qissoñ
صابن	साबुन	saabun	sābun
احرار	अहरार	ahraar	ahrār
عشقیہ	इश्क़िया	ishqiya	ishqiya
لگائیں	लगाएँ	lagaayein	lagāeñ
آتما	आत्मा	aatma	ātmā
اکبرآبادی	अकबराबादी	akbaraabaadi	akbarābādī
مسدس	मुसद्दस	musaddas	musaddas
قلوبہم	क़ुलूबिहिम	quloobihim	qulūbihim
بیزار	बेज़ार	bezaar	bezār
چھوڑیں	छोड़ें	chhodein	chhoṛeñ
رونا	रोना	rona	ronā
بوائز	बॉयज़	boys	buvāiz
یعلم	यालम	yaalam	yālam
لاحقہ	लाहिक़ा	laahiqa	lāhiqa
اماں	अम्माँ	amman	ammāñ
لگادی	लगा दी	laga di	lagā dī
کذلک	कज़ालिक	kazaalik	kazālik
یادوں	यादों	yaadon	yādoñ
سفری	सफ़्री	safri	safrī
عجم	अज्म	ajm	ajm
بڑوں	बड़ों	badon	baṛoñ
ایرک	ऐरक	airak	airak
سمجھیں	समझें	samjhein	samjheñ
مینجمنٹ	मैनेजमेंट	management	mainejmenṭ
فروش	फ़रोश	farosh	farosh
الفریڈ	अल्फ़्रेड	alfred	alfreḍ
گدھ	गिध	gidh	gidh
ہمعصر	हमअस्र	ham-asr	ham-asr
پروفائل	प्रोफ़ाइल	profaail	profāil
طغرل	तुग़रल	tughral	tuġral
ید	यद	yad	yad
مدبر	मुदब्बिर	mudabbir	mudabbir
تدابیر	तदाबीर	tadaabeer	tadābīr
شگفتہ	शगुफ़्ता	shagufta	shagufta
شجر	शजर	shajar	shajar
شیث	शैस	shais	shais
شداد	शद्दाद	shaddaad	shaddād
تھک	थक	thak	thak
ہرش	हर्श	harsh	harsh
ناقد	नाक़िद	naaqid	nāqid
مہران	मिहरान	mehraan	mehrān
دعویدار	दावेदार	daawedaar	dāvedār
الجبار	अल-जब्बार	al-jabbaar	al-jabbār
جالوت	जालूत	jaaloot	jālūt
کراتے	कराते	karaate	karāte
خوار	ख़्वार	khwaar	ḳhvār
امپائر	एंपायर	empire	empāyar
سمر	समर	samar	samar
ہوجائے	हो जाए	ho jaaye	ho jāe
کاروائیوں	कारवाइयों	kaarwaaiyon	kārvāiyoñ
ارتھ	अर्थ	arth	arth
الحئی	अल-हय्य	al-hayy	al-hayy
الخوارزم	अलख़्वारज़म	alkhwaarzam	alḳhvārzam
شکایات	शिकायात	shikaayaat	shikāyāt
مجذوب	मजज़ूब	majzoob	majzūb
ہولناک	होलनाक	holnaak	holnāk
سکم	सिक्किम	sikkim	sikkim
دنیوی	दुन्यवी	dunyawi	dunyavī
فریدہ	फ़रीदा	fareeda	farīda
بیلجیم	बेल्जियम	belgium	beljiyam
سبھاش	सुभाष	subhaash	subhāsh
ینی	यनी	yani	yanī
اولیائے	औलिया-ए	auliya-e	auliyā-e
وینکوور	वैंकूवर	wainkoowar	vaiñkūvar
باشعور	बाशऊर	ba-shuoor	bā-shu'ūr
ڈگلس	डगलस	douglas	ḍaglas
لوتھر	लोथर	lothar	lothar
کٹھ	कठ	kath	kaṭh
پیارا	प्यारा	pyaara	pyārā
اداس	उदास	udaas	udās
رپورتاژ	रिपोर्ताज़	riportaazh	riportāzh
القابات	अल्क़ाबात	alqaabaat	alqābāt
ججوں	जजों	jajon	jajoñ
دلشاد	दिलशाद	dilshaad	dilshād
نوادرات	नवाद्रात	nawaadraat	navādrāt
بولتی	बोलती	bolti	boltī
دکھاتے	दिखाते	dikhaate	dikhāte
سبعہ	सबा	saba	sab'a
انفسہم	अन्फ़ुसिहिम	anfusihim	anfusihim
معیت	मायत	mayat	ma'yat
مقرب	मुक़र्रब	muqarrab	muqarrab
افشا	अफ़्शा	afsha	afshā
بیراج	बेराज	beraaj	berāj
بئیر	बईर	baeer	baīr
اماموں	इमामों	imaamon	imāmoñ
کرتیں	करतीं	kartin	kartīñ
قے	क़ै	qai	qai
العباسی	अल-अब्बासी	al-abbaasi	al-abbāsī
باشندہ	बाशिंदा	baashinda	bāshinda
انبالہ	अंबाला	ambaala	ambāla
فیسٹیول	फ़ेस्टिवल	festival	fesṭival
گوکہ	गो कि	go ki	go ki
الاحکام	अल-अहकाम	al-ahkaam	al-ahkām
ڈزنی	डिज़्नी	dizni	ḍiznī
عقاب	इक़ाब	iqaab	iqāb
اج	अज	aj	aj
ہارٹ	हार्ट	haart	hārṭ
ہندکو	हिंदको	hindko	hindko
کرادیا	करा दिया	kara diya	karā diyā
جمی	जमी	jami	jamī
چھیڑ	छेड़	chhed	chheṛ
بارشوں	बारिशों	baarishon	bārishoñ
آبادیاں	आबादियाँ	aabaadiyan	ābādiyāñ
اجالا	उजाला	ujaala	ujālā
پلانے	पिलाने	pilaane	pilāne
مدینۃ	मदीनत	madeenat	madīnat
روسیوں	रूसियों	roosiyon	rūsiyoñ
بکھرے	बिखरे	bikhre	bikhre
فاس	फ़ास	faas	fās
ماوراء	मावरा	maawraa	māvrā
الحلیم	अल-हलीम	al-haleem	al-halīm
دعائے	दुआए	duaaye	du'āe
بج	बज	baj	baj
کندھوں	कंधों	kandhon	kandhoñ
حبان	हबान	habaan	habān
نالے	नाले	naale	nāle
سہولتیں	सहूलतें	sahoolatein	sahūlateñ
ابوداؤد	अबू दाऊद	abu dawood	abū dāūd
روکے	रोके	roke	roke
ورکشاپ	वर्कशॉप	workshop	varkshāp
دہانی	दहानी	dahaani	dahānī
مسرور	मसरूर	masroor	masrūr
لٰہذا	लिहाज़ा	lihaaza	lihāzā
دلیری	दिलेरी	dileri	dilerī
آرنلڈ	आर्नल्ड	aarnald	ārnalḍ
بالحق	बिल-हक़	bil-haq	bil-haq
خارش	ख़ारिश	khaarish	ḳhārish
سونگ	सोंग	song	song
پھیلایا	फैलाया	phailaaya	phailāyā
سلسلوں	सिलसिलों	silsilon	silsiloñ
ہاؤسنگ	हाउसिंग	haausing	hāusing
سندھو	सिंधु	sindhu	sindhu
المصری	अल-मिस्री	al-misri	al-misrī
دستیابی	दस्तियाबी	dastiyaabi	dastiyābī
پیاز	प्याज़	pyaaz	pyāz
رہوں	रहूँ	rahoon	rahūñ
یکجہتی	यकजहती	yakjehti	yakjahtī
شوز	शोज़	shows	shoz
شارک	शार्क	shark	shārk
چھلانگ	छलाँग	chhalaang	chhalāng
زوجین	ज़ौजीन	zaujeen	zaujīn
ریو	रियो	riyo	riyo
سونامی	सूनामी	soonaami	sūnāmī
سوہن	सोहन	sohan	sohan
فرانسیسیوں	फ़्राँसीसियों	fraanseesiyon	frāñsīsiyoñ
ریکٹر	रेक्टर	rektar	rekṭar
وفائی	वफ़ाई	wafaai	vafāī
عکرمہ	इकरिमा	ikrima	ikrima
کھلتا	खुलता	khulta	khultā
والہانہ	वाल्हाना	waalhaana	vālhāna
گورکھپور	गोरखपुर	gorakhpur	gorakhpur
سکردو	स्कर्दू	skardu	skardū
چوکی	चौकी	chauki	chaukī
تبادلے	तबादले	tabaadale	tabādale
ارجمند	अर्जमंद	arjmand	arjmand
النور	अन-नूर	an-noor	an-nūr
متنبہ	मुतनब्बेह	mutanabbeh	mutanabbeh
بوتل	बोतल	botal	botal
کاج	काज	kaaj	kāj
پیشگوئی	पेशगोई	peshgoi	peshgoī
کٹی	कटी	kati	kaṭī
المقتدر	अल-मुक़्तदिर	al-muqtadir	al-muqtadir
باڈی	बाडी	baadi	bāḍī
مجسٹریٹ	मजिस्ट्रेट	majistret	majisṭreṭ
رامپور	रामपुर	raampur	rāmpur
حکمراں	हुक्मराँ	hukmran	hukmrāñ
پرائز	प्राइज़	praaiz	prāiz
نفسی	नफ़सी	nafsi	nafsī
بلانے	बुलाने	bulaane	bulāne
آں	आँ	aan	āñ
توپوں	तोपों	topon	topoñ
مستطیل	मुस्ततील	mustateel	mustatīl
بھیجتے	भेजते	bhejte	bhejte
ایورسٹ	एवरेस्ट	ewrest	evresṭ
ابراھیم	इब्राहीम	ibraaheem	ibrāhīm
نعمتوں	नेमतों	nimaton	ni'matoñ
لات	लात	laat	lāt
کوچہ	कूचा	koocha	kūcha
لاپتہ	लापता	laapata	lāpata
سیاہی	सियाही	siyaahi	siyāhī
ملر	मिलर	milar	milar
جلالی	जलाली	jalaali	jalālī
لڑائیاں	लड़ाइयाँ	ladaaiyan	laṛā'iyāñ
ایلیا	एलिया	eliya	eliyā
القرشی	अल-क़ुरशी	al-qurashi	al-qurashī
ٹکراؤ	टकराव	takraav	ṭakrāv
گریگوری	ग्रेगोरी	gregori	gregorī
کیااور	क्या और	kya aur	kyā aur
ظالمانہ	ज़ालिमाना	zaalimaana	zālimāna
دفعات	दफ़आत	dafaat	dafa'āt
معرفۃ	मारिफ़त	marifat	ma'rifat
دانستہ	दानिस्ता	daanista	dānista
مجتہدین	मुज्तहिदीन	mujtahideen	mujtahidīn
چھاپے	छापे	chhaape	chhāpe
ریکی	रेकी	reki	rekī
باسی	बासी	baasi	bāsī
کرائیں	कराएँ	karaayein	karāeñ
پرجوش	पुरजोश	pur-josh	pur-josh
منحرف	मुन्हरिफ़	munharif	munharif
بالمقابل	बिल्मुक़ाबिल	bilmuqaabil	bilmuqābil
پرولتاریہ	प्रोलेतारिया	proletaariya	proletāriya
فریم	फ़्रेम	frem	frem
مقامہ	मुक़ामा	muqaama	muqāma
دستوری	दस्तूरी	dastoori	dastūrī
چارٹر	चार्टर	chaartar	chārṭar
کبوتر	कबूतर	kabootar	kabūtar
خضدار	ख़ुज़दार	khuzdar	ḳhuzdār
لوازمات	लवाज़मात	lawaazmaat	lavāzmāt
سرمائی	सरमाई	sarmaai	sarmāī
گھٹنوں	घुटनों	ghutnon	ghuṭnoñ
مدعا	मुद्दआ	muddaa	mudda'ā
سرخیوں	सुर्ख़ियों	surkhiyon	surḳhiyoñ
شہزادوں	शहज़ादों	shehzaadon	shahzādoñ
مستشرقین	मुस्तश्रिक़ीन	mustashriqeen	mustashriqīn
شاداب	शादाब	shaadaab	shādāb
نحن	नहन	nahan	nahan
وہاڑی	विहाड़ी	vehari	vihāṛī
ظریف	ज़रीफ़	zareef	zarīf
شنید	शनीद	shaneed	shanīd
ایرج	ईरज	eeraj	īraj
رفاقت	रिफ़ाक़त	rifaaqat	rifāqat
لازما	लाज़मन	laaziman	lāziman
ادرنہ	अदिर्ना	edirne	adirna
الواحد	अल-वाहिद	al-waahid	al-vāhid
ولن	वलन	walan	valan
کوک	कूक	kook	kūk
باکو	बाकू	baku	bākū
لائٹ	लाइट	laait	lāiṭ
ننگے	नंगे	nange	nange
اجے	अजय	ajay	ajay
نگیں	नगीं	nagin	nagīñ
ڈونلڈ	डोनल्ड	donald	ḍonalḍ
تابعی	ताबिय	taabii	tābi'ī
نگری	नगरी	nagri	nagrī
جلالین	जलालीन	jalaaleen	jalālīn
سائمن	साइमन	saaiman	sāiman
مستعار	मुस्तआर	mustaar	musta'ār
زہریلے	ज़हरीले	zehreele	zahrīle
الٹی	उल्टी	ulti	ulṭī
دولہا	दूल्हा	doolha	dūlhā
ثلاثہ	सलासा	salaasa	salāsa
دانہ	दाना	daana	dāna
سنگی	संगी	sangi	sangī
کرچکی	कर चुकी	kar chuki	kar chukī
وصولی	वसूली	wasooli	vasūlī
اکنامکس	इकोनॉमिक्स	economics	ikonāmiks
مکعب	मुकअब	mukaab	muka'ab
بانگ	बाँग	baang	bāng
کلیسیائی	कलीसियाई	kaleesiyaai	kalīsiyāī
جونپوری	जौनपूरी	jaunpoori	jaunpūrī
بلیو	ब्लू	blue	blū
ہلز	हल्ज़	halz	halz
وزرائے	वुज़रा-ए	wuzara-e	vuzarā-e
ویلس	वेलस	welas	velas
شیبہ	शैबा	shaiba	shaiba
ازل	अज़ल	azal	azal
سرکشی	सरकशी	sarkashi	sarkashī
نمائندگان	नुमाइंदगान	numaaindagaan	numāindagān
موہانی	मोहानी	mohaani	mohānī
جائزے	जाइज़े	jaaize	jā'ize
کیل	कील	keel	kīl
نکلیں	निकलीं	niklin	niklīñ
تصوراتی	तसव्वुराती	tasawwuraati	tasavvurātī
محافل	महाफ़िल	mahaafil	mahāfil
مالوہ	मालवा	maalawa	mālava
کرسچن	क्रिश्चियन	christian	krishchiyan
چاہنے	चाहने	chaahne	chāhne
پھیلتا	फैलता	phailta	phailtā
گمراہی	गुमराही	gumraahi	gumrāhī
کردینے	कर देने	kar dene	kar dene
ابان	उबान	ubaan	ubān
عابدہ	आबिदा	aabida	ābida
پیشرو	पेशरो	pesharo	pesharo
سجایا	सजाया	sajaaya	sajāyā
عاقل	आक़िल	aaqil	āqil
گرل	गरल	garal	garal
جول	जूल	jool	jūl
جلوے	जल्वे	jalwe	jalve
ریس	रीस	rees	rīs
المعتصم	अल-मुतसिम	al-mutasim	al-mu'tasim
مرآۃ	मिरआत	miraat	mir'āt
مرادآباد	मुरादाबाद	muraadaabaad	murādābād
فاطمیہ	फ़ातिमिया	faatimiya	fātimiya
فتوے	फ़तवे	fatwe	fatve
بھینس	भैंस	bhains	bhaiñs
جگا	जगा	jaga	jagā
کیجیے	कीजिए	keejiye	kījiye
دھڑ	धड़	dhad	dhaṛ
مہرے	मुहरे	muhre	muhre
المطالعہ	अल-मुतालआ	al-mutaalaa	al-mutāla'a
پہنچاتا	पहुँचाता	pahunchaata	pahuñchātā
کھولے	खोले	khole	khole
کلیسیاؤں	कलीसियाओं	kaleesiyaaon	kalīsiyāoñ
بھیس	भेस	bhes	bhes
برکاتی	बरकाती	barkaati	barkātī
سپیکر	स्पीकर	speaker	spīkar
نوریہ	नूरिया	nooriya	nūriya
الیم	अलीम	aleem	alīm
اشک	अश्क	ashk	ashk
مصرعوں	मिसरों	misron	misroñ
منڈیلا	मंडेला	mandela	manḍelā
لاشوں	लाशों	laashon	lāshoñ
لتھووینیا	लिथुवेनिया	lithuweniya	lithuveniyā
یثرب	यसरब	yasrab	yasrab
جھارکھنڈ	झारखंड	jharkhand	jhārkhanḍ
توکل	तवक्कुल	tawakkul	tavakkul
میراں	मेराँ	meran	merāñ
سیڑھی	सीढ़ी	seedhi	sīṛhī
حقیر	हक़ीर	haqeer	haqīr
بیضوی	बैज़वी	baizwi	baizvī
پھونک	फूंक	phoonk	phūnk
کارروائیاں	कार्रवाइयाँ	kaarrawaaiyan	kārravāiyāñ
ٹوباگو	टोबागो	tobaago	ṭobāgo
بھٹائی	भटाई	bhataai	bhaṭāī
خیمے	ख़ैमे	khaime	ḳhaime
قاجار	क़ाजार	qaajaar	qājār
کارآمد	कारामद	kaaraamad	kārāmad
ہوپ	होप	hop	hop
الانساب	अलानसाब	alaansaab	alānsāb
ذاتوں	ज़ातों	zaaton	zātoñ
نمازی	नमाज़ी	namaazi	namāzī
گرامر	ग्रामर	grammar	grāmar
بدلتی	बदलती	badalti	badaltī
نسلا	नस्लन	naslan	naslan
رامائن	रामायण	ramayan	rāmā'in
سرجن	सर्जन	sarjan	sarjan
خروش	ख़ुरोश	khurosh	ḳhurosh
سواتی	सवाती	sawaati	savātī
مادیت	माद्दियत	maaddiyat	māddiyat
اسمٰعیل	इस्माइल	ismaaeel	ismā'īl
احزاب	अहज़ाब	ahzaab	ahzāb
خدام	ख़ुदाम	khudaam	ḳhudām
الفطرت	अल-फ़ितरत	al-fitrat	al-fitrat
شعاع	शुआ	shuaa	shuā
ہانی	हानि	haani	hāni
کامک	कॉमिक	comic	kāmik
البیت	अल-बैत	al-bait	al-bait
محاورہ	मुहावरा	muhaawra	muhāvra
العلی	अल-अली	al-ali	al-alī
سکتاہے	सकता है	sakta hai	saktā hai
مکاتیب	मकातीब	makaateeb	makātīb
جوق	जौक़	jauq	jauq
ضرورتوں	ज़रूरतों	zarooraton	zarūratoñ
معتز	मोतज़	motaz	mo'taz
تنفس	तनफ़्फ़ुस	tanaffus	tanaffus
حوادث	हवादिस	hawaadis	havādis
فنڈز	फ़ंड्स	funds	fanḍz
نعیمیہ	नईमिया	naeemiya	na'īmiya
ٹونی	टोनी	toni	ṭonī
ثقفی	सक़्फ़ी	saqfi	saqfī
الغرض	अल-ग़रज़	al-gharaz	al-ġaraz
ترانے	तराने	taraane	tarāne
اکٹھی	इकट्ठी	ikatthi	ikaṭṭhī
بیسٹ	बेस्ट	best	besṭ
کریمیائی	क्रीमियाई	kreemiyaai	krīmiyāī
مروہ	मरवा	marwa	marva
متاع	मताअ	mataa	matā
شیخہ	शेख़ा	shekha	sheḳha
مالدووا	माल्दोवा	moldova	māldovā
ناموران	नामोरान	naamoraan	nāmorān
لاٹھی	लाठी	laathi	lāṭhī
آپنے	आपने	aapne	āpne
کچا	कच्चा	kachcha	kachchā
مصحف	मुसहफ़	mushaf	mushaf
فورمن	फ़ोरमन	forman	forman
کیلئے	के लिए	ke liye	ke liye
دراوڑی	दरावड़ी	daraawdi	darāvṛī
فلسطینیوں	फ़लस्तीनियों	falasteeniyon	falastīniyoñ
عبدالحمید	अब्दुल-हमीद	abdul-hameed	abdul-hamīd
مدمقابل	मद्द-ए-मुक़ाबिल	madd-e-muqaabil	madd-e-muqābil
دلدادہ	दिलदादा	dildaada	dildāda
سراپا	सरापा	saraapa	sarāpā
لداخ	लदाख़	ladakh	ladāḳh
ندوہ	नदवा	nadwa	nadva
ریستوران	रेस्तूरान	restooraan	restūrān
تارے	तारे	taare	tāre
ونڈ	विंड	wind	vinḍ
داؤدی	दाऊदी	daaoodi	dāūdī
میٹروپولیٹن	मेट्रोपॉलिटन	metropolitan	meṭropāliṭan
چھتری	छतरी	chhatri	chhatrī
بلقیس	बल्क़ीस	balqees	balqīs
جزیروں	जज़ीरों	jazeeron	jazīroñ
ستائش	सताइश	sataaish	satāish
روزی	रोज़ी	rozi	rozī
نیزہ	नेज़ा	neza	neza
بیجاپور	बीजापुर	beejaapur	bījāpur
چونا	चूना	choona	chūnā
بختیار	बख़्तियार	bakhtiyaar	baḳhtiyār
بچیوں	बच्चियों	bachchiyon	bachchiyoñ
بھوت	भूत	bhoot	bhūt
پکانے	पकाने	pakaane	pakāne
کھلم	खुल्लम	khullam	khullam
مشتعل	मुश्ताल	mushtaal	mushta'al
دھونے	धोने	dhone	dhone
لائحہ	लाइहा	laaiha	lāiha
استعارہ	इस्तिआरा	istiaara	isti'āra
لنک	लिंक	link	link
آشکار	आशकार	aashkaar	āshkār
پاؤنڈ	पाउंड	paaund	pāunḍ
التواریخ	अत-तवारीख़	at-tawaareekh	at-tavārīḳh
صحیفے	सहीफ़े	saheefe	sahīfe
ہومیوپیتھی	होमियोपेथि	homiyopethi	homiyopethi
صقلیہ	सिक़िल्लिया	siqilliya	siqilliya
جاذب	जाज़िब	jaazib	jāzib
الاصل	अलासल	al-asal	al-asal
فاتحین	फ़ातिहीन	faatiheen	fātihīn
بقرہ	बक़रा	baqara	baqara
آمدن	आमदन	aamdan	āmdan
پھٹنے	फटने	phatne	phaṭne
بھیرہ	भेरा	bhera	bhera
مہار	महार	mahaar	mahār
دال	दाल	daal	dāl
ملیشیا	मलेशिया	maleshiya	maleshiyā
انوکھی	अनोखी	anokhi	anokhī
تعطیلات	तातीलात	tateelaat	ta'tīlāt
آویزاں	आवेज़ाँ	aawezan	āvezāñ
القول	अल-क़ौल	al-qaul	al-qaul
سکھایا	सिखाया	sikhaaya	sikhāyā
گھوش	घोष	ghosh	ghosh
قطرے	क़तरे	qatre	qatre
فلپس	फिलिप्पुस	philippus	philippus
نچوڑ	निचोड़	nichod	nichoṛ
تحاریر	तहारीर	tahaareer	tahārīr
خداؤں	ख़ुदाओं	khudaaon	ḳhudāoñ
بصیر	बसीर	baseer	basīr
معد	माद	mad	ma'd
پیسوں	पैसों	paison	paisoñ
روانڈا	रवांडा	rwanda	ravānḍā
مطبوعات	मतबूआत	matbooaat	matbū'āt
منزلوں	मंज़िलों	manzilon	manziloñ
الیکٹرک	एलेक्ट्रिक्	elektrik	elekṭrik
لقمہ	लुक़मा	luqma	luqma
فخرالدین	फ़ख़रुद्दीन	fakhr-ud-deen	faḳhr-ud-dīn
مبادلہ	मुबादला	mubaadla	mubādla
سسی	ससी	sasi	sasī
تجلی	तजल्ली	tajalli	tajallī
شارح	शारेह	shaareh	shāreh
نوآبادیاتی	नौआबादियाती	nauaabaadeeyati	nauābādīyatī
پرتگیزی	परतगीज़ी	partageezi	partagīzī
عملیات	अमलियात	amaliyaat	amaliyāt
زچگی	ज़चगी	zachgi	zachgī
مرگیا	मर गया	mar gaya	mar gayā
آلودہ	आलूदा	aalooda	ālūda
وتدریس	वतदरीस	watadrees	vatadrīs
مسز	मस्ज़	masz	masz
ملاقاتیں	मुलाक़ातें	mulaaqaatein	mulāqāteñ
اوٹاوا	ओटावा	otaawa	oṭāvā
نذرانہ	नज़राना	nazraana	nazrāna
کیمرا	कैमरा	kaimra	kaimrā
شبانہ	शबाना	shabaana	shabāna
استنباط	इस्तिंबात	istenbaat	istenbāt
جوائنٹ	जॉइंट	joint	juāinṭ
ہدایہ	हिदाया	hidaaya	hidāya
درشن	दर्शन	darshan	darshan
بالاخر	बिल-आख़िर	bil-aakhir	bil-āḳhir
الپ	अल्प	alp	alp
جائیگا	जाएगा	jaayega	jāegā
معمور	मामूर	mamoor	ma'mūr
چیئر	चेयर	chair	cheyar
شریفین	शरीफ़ीन	shareefeen	sharīfīn
کالاش	कालाश	kaalaash	kālāsh
کاروان	कारवान	kaarwaan	kārvān
سلمی	सलमा	salma	salmā
ونڈسر	विंडसर	windsar	vinḍsar
سیالوی	सियालवी	siyaalwi	siyālvī
پینل	पैनल	panel	painal
جینا	जीना	jeena	jīnā
سٹڈیز	स्टडीज़	studies	sṭaḍīz
راشٹریہ	राष्ट्रीय	raashtreeya	rāshṭrīya
چسپاں	चिसपाँ	chispan	chispāñ
برسات	बरसात	barsaat	barsāt
معجزے	मोजिज़े	mujize	mu'jize
کاپیاں	कापियाँ	kaapiyan	kāpiyāñ
انچیف	इन-चीफ़	in-chief	in-chīf
نقشبند	नक़्शबंद	naqshaband	naqshaband
حمایتی	हिमायती	himaayati	himāyatī
ثمود	समूद	samood	samūd
سیب	सेब	seb	seb
کیری	कीरी	keeri	kīrī
دمشقی	दमिश्क़ी	damishqi	damishqī
بغور	बग़ौर	baghaur	baġaur
دکھاتا	दिखाता	dikhaata	dikhātā
شوخ	शोख़	shokh	shoḳh
کیلومیٹر	किलोमीटर	kilomeetar	kilomīṭar
گستاخی	गुस्ताख़ी	gustaakhi	gustāḳhī
گردانتے	गिरदानते	girdaante	girdānte
پرے	परे	pare	pare
لیوا	लेवा	lewa	levā
بربادی	बर्बादी	barbaadi	barbādī
بیٹھتا	बैठता	baithta	baiṭhtā
کنانہ	किनाना	kinaana	kināna
جاگ	जाग	jaag	jāg
سیام	सैयाम	sayyaam	sayyām
برسی	बरसी	barsi	barsī
ماقبل	माक़बल	maaqabal	māqabal
مبلغین	मुबल्लिग़ीन	muballigheen	muballiġīn
لیزر	लेइज़र	leizar	leizar
کلاسیکل	क्लासिकल	classical	klāsikal
نیوٹرینو	न्यूट्रेनो	nyootreno	nyūṭreno
گال	गाल	gaal	gāl
چیدہ	चीदा	cheeda	chīda
معمولات	मामूलात	mamoolaat	ma'mūlāt
کلامی	कलामी	kalaami	kalāmī
ڈیپارٹمنٹ	डेपार्टमेंट	department	ḍepārṭmenṭ
چونے	चूने	choone	chūne
عم	अम	am	am
ورکنگ	वर्किंग	working	varking
راول	रावल	raawal	rāval
مشعل	मशाल	mashal	mash'al
کیساتھ	के साथ	ke saath	ke sāth
سطر	सत्र	satr	satr
بہاولنگر	बहावलनगर	bahawalnagar	bahāvalnagar
اگروال	अगरवाल	agarwaal	agarvāl
گیلری	गैलरी	gailri	gailrī
ہما	हुमा	huma	humā
کوڑا	कूड़ा	kooda	kūṛā
بلوغت	बुलूग़त	bulooghat	bulūġat
ورکس	वर्क्स	works	varks
ڈپارٹمنٹ	डिपार्टमेंट	dipaartment	ḍipārṭmenṭ
خلیاتی	ख़ुलियाती	khulyaati	ḳhulyātī
نار	नार	naar	nār
وزرا	वुज़रा	wuzara	vuzarā
بردہ	बर्दा	barda	barda
طحاوی	तिहावी	tihaawi	tihāvī
رصدگاہ	रस्दगाह	rasdgaah	rasdgāh
دسواں	दसवाँ	daswan	dasvāñ
آرمینیائی	आर्मीनियाई	aarmeeniyaai	ārmīniyāī
مچھر	मच्छर	machchhar	machchhar
الاحادیث	अलाहादीस	al-ahaadees	al-ahādīs
دہانے	दहाने	dahaane	dahāne
تحریف	तहरीफ़	tehreef	tahrīf
البرکات	अल-बरकात	al-barakaat	al-barakāt
گاہے	गाहे	gaahe	gāhe
رگھوناتھ	रघोनाथ	raghonaath	raghonāth
سینیگال	सेनेगाल	senegaal	senegāl
چیمبر	चैंबर	chaimbar	chaimbar
قائداعظم	क़ाइद-ए-आज़म	qaaid-e-azam	qāid-e-a'zam
دگنا	दुगना	dugna	dugnā
آرمسٹرانگ	ऑर्मिस्ट्रांग	ormistraang	ormisṭrāng
عظمٰی	उज़्मा	uzma	uzmā
جاڑا	जाड़ा	jaada	jāṛā
فلمز	फ़िल्मज़	filmz	filmz
ذہنیت	ज़हनियत	zehniyat	zahniyat
گولکنڈہ	गोल्कुंडा	golconda	golkunḍa
سبقت	सबक़त	sabaqat	sabaqat
انخلا	इंख़िला	inkhila	inḳhilā
مستونگ	मस्तूंग	mastoong	mastūng
اسید	असीद	aseed	asīd
تزک	तुज़ुक	tuzuk	tuzuk
قالین	क़ालीन	qaaleen	qālīn
دریغ	दरीग़	dareegh	darīġ
فراوانی	फ़रावानी	faraawaani	farāvānī
ٹین	टीन	teen	ṭīn
مصحفی	मसहफ़ी	mashafi	mashafī
افتتاحی	इफ़्तिताही	iftitaahi	iftitāhī
تاحیات	ताहियात	taahiyaat	tāhiyāt
سپلائی	सप्लाई	supply	saplāī
فہیم	फ़हीम	faheem	fahīm
توما	तूमा	tooma	tūmā
مدعی	मुद्दई	muddai	mudda'ī
رملہ	रमला	ramla	ramla
پاسبان	पासबान	paasbaan	pāsbān
بیری	बेरी	beri	berī
فوڈ	फ़ूड	food	fūḍ
امراؤ	उमराओ	umraao	umrāo
اقلیدس	इक़्लीदस	iqleedas	iqlīdas
اختیاری	अख़्तियारी	akhtiyaari	aḳhtiyārī
زیتون	जैतून	zaitoon	zaitūn
تخصیص	तख़्सीस	takhsees	taḳhsīs
لبریشن	लिब्रेशन	libreshan	libreshan
جنکی	जिनकी	jinki	jinkī
افضال	अफ़्ज़ाल	afzaal	afzāl
لقمان	लुक़मान	luqmaan	luqmān
وتر	वित्र	witr	vitr
صنفی	सिनफ़ी	sinfi	sinfī
جفت	जफ़्त	jaft	jaft
بلیغ	बलीग़	baleegh	balīġ
یوسیاہ	यूसियाह	yoosiyaah	yūsiyāh
تمھیں	तुम्हें	tumhein	tumheñ
آنرز	आनर्ज़	aanarz	ānarz
منحنی	मुनहनी	munhani	munhanī
سیکھنا	सीखना	seekhna	sīkhnā
کوئلہ	कोयला	koyla	koyla
دعوتی	दावती	daawti	dāvtī
چھاتی	छाती	chhaati	chhātī
رحمی	रहमी	rehmi	rahmī
بزرگی	बुज़ुर्गी	buzurgi	buzurgī
روٹ	रोट	rot	roṭ
تلہ	तला	tala	tala
تلسی	तुलसी	tulsi	tulsī
آئلینڈ	आइलैंड	island	āilainḍ
بریگیڈ	ब्रिगेड	brigade	brigeḍ
ازہر	अज़हर	azhar	azhar
شیکھر	शेखर	shekhar	shekhar
نینوا	नीनवा	neenwa	nīnvā
ہدیہ	हदिया	hadiya	hadiya
مانو	मानो	maano	māno
کمتر	कमतर	kamtar	kamtar
سبت	सब्त	sabt	sabt
الاخلاق	अल-अख़लाक़	al-akhlaaq	al-aḳhlāq
بینکاری	बैंकारी	bainkaari	bainkārī
رطوبت	रतूबत	ratoobat	ratūbat
خوردہ	ख़ुरदा	khurda	ḳhurda
پیڑ	पेड़	ped	peṛ
وون	वोन	won	von
انکم	इनकम	income	inkam
گھومتا	घूमता	ghoomta	ghūmtā
پختگی	पुख़्तगी	pukhtagi	puḳhtagī
کھڑک	खड़क	khadak	khaṛak
سڑکیں	सड़कें	sadakein	saṛakeñ
ہان	हान	haan	hān
کیچ	कीच	keech	kīch
منڈل	मुंडल	mundal	munḍal
العام	अलआम	al-aam	al-ām
اویسی	अवैसी	awaisi	avaisī
پہنچاتے	पहुँचाते	pahunchaate	pahuñchāte
ہوگئے	हो गए	ho gaye	ho gae
پنچ	पंच	panch	panch
احیا	अहया	ahya	ahya
نوا	नवा	nawa	navā
کلینک	क्लिनिक	clinic	klinik
سیارچہ	सियारचा	siyaarcha	siyārcha
تبھی	तभी	tabhi	tabhī
چشموں	चश्मों	chashmon	chashmoñ
طبرانی	तब्रानी	tabraani	tabrānī
واٹ	वॉट	wot	voṭ
بریک	ब्रेक	brek	brek
ڈٹ	डट	dat	ḍaṭ
سنۃ	सनत	sanat	sanat
ص	स	s	s
